mutation_id	sample_id	cluster_id	cellular_prevalence	cellular_prevalence_std	variant_allele_frequency
chr10:100087361	4_lc	0	0.0006341585552327165	0.00845913791099605	0.0
chr10:100087361	3_ec	0	0.0008054151549254214	0.0071743814245846214	0.0
chr10:100087361	2_ad	0	0.0010149702050853797	0.00634042409280149	0.0
chr10:100087361	1_h	0	0.0006753734044062236	0.009221986707646282	0.0
chr10:100341470	4_lc	0	0.0006583658455426966	0.009512894904472737	0.0
chr10:100341470	3_ec	0	0.0007227827515992961	0.0012761258120584248	0.0
chr10:100341470	2_ad	0	0.001060717943985457	0.008654008991537622	0.0
chr10:100341470	1_h	0	0.0008844180705406412	0.012069888598969456	0.0
chr10:100447185	4_lc	0	0.0005663966337135287	0.0031061359182703867	0.0
chr10:100447185	3_ec	0	0.0007979884763257301	0.006437186499745719	0.0
chr10:100447185	2_ad	0	0.0011084625822502972	0.009745713828253554	0.0
chr10:100447185	1_h	0	0.0006348170327899332	0.008357269787242692	0.0
chr10:100451428	4_lc	0	0.0006996892728375612	0.011223531598366062	0.0
chr10:100451428	3_ec	0	0.0007450604337181318	0.00243921303997911	0.0
chr10:100451428	2_ad	0	0.001073240849653078	0.010240923155428308	0.0
chr10:100451428	1_h	0	0.0006318945652763931	0.006135815413556806	0.0
chr10:100488594	4_lc	0	0.0006126668308089339	0.005592534725468725	0.0
chr10:100488594	3_ec	0	0.0007610685733424574	0.004244990151817638	0.0
chr10:100488594	2_ad	0	0.0010771744636538854	0.009815921530558214	0.0
chr10:100488594	1_h	0	0.0007503517180357256	0.009701199071058491	0.0
chr10:100513965	4_lc	0	0.0008248781445537876	0.013809374614303786	0.0
chr10:100513965	3_ec	0	0.0007969287071935337	0.007760663535185078	0.0
chr10:100513965	2_ad	0	0.0010946129393209411	0.00913393287437057	0.0
chr10:100513965	1_h	0	0.0010187924940365928	0.01616339046565084	0.0
chr10:100523240	4_lc	0	0.0007755963630832518	0.010949524374171245	0.0
chr10:100523240	3_ec	0	0.0007615047050740112	0.004384345957292146	0.0
chr10:100523240	2_ad	0	0.0012133605346517108	0.012180725537736697	0.0
chr10:100523240	1_h	0	0.0006454708165110978	0.0062317462265711375	0.0
chr10:100523321	4_lc	0	0.0006367398902508932	0.008413194642652673	0.0
chr10:100523321	3_ec	0	0.000806805375082707	0.006811487844697061	0.0
chr10:100523321	2_ad	0	0.0011962367337634693	0.012854405372810386	0.0
chr10:100523321	1_h	0	0.0006567981849436013	0.007631183395618619	0.0
chr10:100540459	4_lc	0	0.0006354311521811185	0.008537826174286858	0.0
chr10:100540459	3_ec	0	0.0008459888915011943	0.008045776452997876	0.0
chr10:100540459	2_ad	0	0.0011632178343440637	0.01168624167203605	0.0
chr10:100540459	1_h	0	0.000562919693226191	0.0015088224400222402	0.0
chr10:100541729	4_lc	0	0.0005619085156144874	0.0029484835620488246	0.0
chr10:100541729	3_ec	0	0.0008205228486767773	0.006424103275068801	0.0
chr10:100541729	2_ad	0	0.0009928694728453548	0.006170372340874497	0.0
chr10:100541729	1_h	0	0.0007845425424969061	0.01060283126932395	0.0
chr10:100541761	4_lc	0	0.0005644661672864185	0.0029775756766847383	0.0
chr10:100541761	3_ec	0	0.0008113754612958683	0.0077132193135870655	0.0
chr10:100541761	2_ad	0	0.0010014390626568634	0.007035465624770604	0.0
chr10:100541761	1_h	0	0.000832052680075731	0.011599751477334915	0.0
chr10:100541806	4_lc	0	0.0006633976659210813	0.008229020762811373	0.0
chr10:100541806	3_ec	0	0.0008804097566454427	0.010774417312999777	0.0
chr10:100541806	2_ad	0	0.0009819312581872295	0.005235516319014323	0.0
chr10:100541806	1_h	0	0.000687859028385125	0.009853650302813015	0.0
chr10:100544978	4_lc	0	0.0006891004152800805	0.010162491956961598	0.0
chr10:100544978	3_ec	0	0.0008475142460572959	0.008117052926507794	0.0
chr10:100544978	2_ad	0	0.0010210396078298436	0.006574907572683218	0.0
chr10:100544978	1_h	0	0.0006805242640229194	0.009396874286297551	0.0
chr10:100554526	4_lc	0	0.0006629841092011565	0.007660154702009929	0.0
chr10:100554526	3_ec	0	0.0008065120038431683	0.00872927557839174	0.0
chr10:100554526	2_ad	0	0.001067897755745933	0.00851644858353218	0.0
chr10:100554526	1_h	0	0.0007115689298377301	0.008670015085387499	0.0
chr10:100568831	4_lc	0	0.0006499957883687998	0.007330025837740616	0.0
chr10:100568831	3_ec	0	0.0008419653943297917	0.007720482416785461	0.0
chr10:100568831	2_ad	0	0.0011092667372834511	0.010415939173253624	0.0
chr10:100568831	1_h	0	0.0006750233087196096	0.0071935381809807904	0.0
chr10:100572117	4_lc	0	0.0007312029961710083	0.010847493759737065	0.0
chr10:100572117	3_ec	0	0.0007818573359135891	0.005001773653649451	0.0
chr10:100572117	2_ad	0	0.0011129152656166245	0.009818282015153	0.0
chr10:100572117	1_h	0	0.0005630327739217451	0.0014586302827151994	0.0
chr10:100575803	4_lc	0	0.0006566665553133521	0.007844955310632987	0.0
chr10:100575803	3_ec	0	0.0007949971483286051	0.0061926796959712056	0.0
chr10:100575803	2_ad	0	0.0010856098731119514	0.009059905876897752	0.0
chr10:100575803	1_h	0	0.0005981418369639414	0.003991238713921478	0.0
chr10:100603521	4_lc	0	0.0006725174863199641	0.007668116032177044	0.0
chr10:100603521	3_ec	0	0.0007691885046436713	0.003900572461630781	0.0
chr10:100603521	2_ad	0	0.0009880239983286244	0.0057477447289488665	0.0
chr10:100603521	1_h	0	0.0007544317723867211	0.010208307910094982	0.0
chr10:100610640	4_lc	0	0.000587075803333644	0.00433317836142946	0.0
chr10:100610640	3_ec	0	0.0008548174025463946	0.00860345376449131	0.0
chr10:100610640	2_ad	0	0.0011456550470691936	0.010850667983165682	0.0
chr10:100610640	1_h	0	0.0005615476181149215	0.0014175039235422647	0.0
chr10:105842702	4_lc	0	0.0006476707669948807	0.009667055515750693	0.0
chr10:105842702	3_ec	0	0.0007699292299713999	0.003966919405555285	0.0
chr10:105842702	2_ad	0	0.0009510626178931022	0.0029320482204498646	0.0
chr10:105842702	1_h	0	0.0007448312189133874	0.009848115654099151	0.0
chr10:119985534	4_lc	3	0.0026506300283342613	0.0035042984471365096	0.0
chr10:119985534	3_ec	3	0.5379328670186362	0.06083158446099273	0.5
chr10:119985534	2_ad	3	0.002631433848380682	0.008863419695820756	0.0
chr10:119985534	1_h	3	0.0029805819114355984	0.008221448149057243	0.0
chr10:121266896	4_lc	3	0.0026484658816438925	0.003201179056232294	0.0
chr10:121266896	3_ec	3	0.5383482781802154	0.05926653886759457	0.5
chr10:121266896	2_ad	3	0.002569962861193898	0.0031849851237965173	0.0
chr10:121266896	1_h	3	0.003036095655892992	0.0116950372326103	0.0
chr10:121601341	4_lc	3	0.00267731859584444	0.007053936612718958	0.0
chr10:121601341	3_ec	3	0.5350472131617526	0.07164239397898191	0.42696629213483145
chr10:121601341	2_ad	3	0.0025859772207096066	0.00481415513700523	0.0
chr10:121601341	1_h	3	0.0029550951670467137	0.007125857999685934	0.0
chr10:121667584	4_lc	3	0.002701773827325348	0.007804275610537205	0.0
chr10:121667584	3_ec	3	0.5382551338214778	0.05970677403050296	0.5
chr10:121667584	2_ad	3	0.00261469144979306	0.007632558342584299	0.0
chr10:121667584	1_h	3	0.0029719785674077325	0.007672205004540544	0.0
chr10:121667639	4_lc	3	0.0026576952297276382	0.0038267591746047377	0.0
chr10:121667639	3_ec	3	0.5382278719558892	0.05952594249413524	0.5
chr10:121667639	2_ad	3	0.0025772900858144735	0.003827535706688889	0.0
chr10:121667639	1_h	3	0.0030014401964523693	0.009082832415748596	0.0
chr10:121677356	4_lc	3	0.0026501899079228856	0.003305844754492757	0.0
chr10:121677356	3_ec	3	0.5385754588301553	0.057776234118865885	0.5
chr10:121677356	2_ad	3	0.002627318600079705	0.00862699968142781	0.0
chr10:121677356	1_h	3	0.0029986332606710855	0.009023329964798084	0.0
chr10:127003427	4_lc	3	0.0027075990341230622	0.008723018371863227	0.0
chr10:127003427	3_ec	3	0.5378717779960872	0.06095862635363546	0.5
chr10:127003427	2_ad	3	0.002639526262209267	0.010107647498555389	0.0
chr10:127003427	1_h	3	0.0030192456169790905	0.010833806125489722	0.0
chr10:127033026	4_lc	3	0.0026639714405157296	0.004867526523539649	0.0
chr10:127033026	3_ec	3	0.5379673692793371	0.06072800115895111	0.5
chr10:127033026	2_ad	3	0.0026068540024955004	0.00696804288340937	0.0
chr10:127033026	1_h	3	0.002938440038574732	0.0068464025063326335	0.0
chr10:127080762	4_lc	3	0.0025357064988201644	0.0033596824430154834	0.0
chr10:127080762	3_ec	3	0.5170092724050732	0.11885012447262845	0.30327868852459017
chr10:127080762	2_ad	3	0.0025041138166103077	0.0035716472509276045	0.0
chr10:127080762	1_h	3	0.0030016647626843937	0.013042240627475506	0.0
chr10:127174816	4_lc	3	0.0027109699712376248	0.008650905312832254	0.0
chr10:127174816	3_ec	3	0.5380652368048896	0.060034731253511484	0.5
chr10:127174816	2_ad	3	0.0025630677527861243	0.0030698816362342194	0.0
chr10:127174816	1_h	3	0.003011942384111038	0.010261452084293372	0.0
chr10:127175011	4_lc	3	0.002679437675946306	0.005675378060312142	0.0
chr10:127175011	3_ec	3	0.5383890880383705	0.058647136563692616	0.5
chr10:127175011	2_ad	3	0.00262326694429328	0.008121892881628658	0.0
chr10:127175011	1_h	3	0.0029908973383257873	0.008678725825604349	0.0
chr10:127242712	4_lc	3	0.00272089350830661	0.009597383282150375	0.0
chr10:127242712	3_ec	3	0.5377623478832375	0.06106689973365017	0.5
chr10:127242712	2_ad	3	0.002609514525682748	0.0070269928209457785	0.0
chr10:127242712	1_h	3	0.002939755647350641	0.006814235771127804	0.0
chr10:127310081	4_lc	3	0.002636277953791097	0.0029276671119162836	0.0
chr10:127310081	3_ec	3	0.5381955822180076	0.059740140052796584	0.5
chr10:127310081	2_ad	3	0.0025811303369296396	0.004558711440366135	0.0
chr10:127310081	1_h	3	0.0030012274870596096	0.009450186682751728	0.0
chr10:127337039	4_lc	3	0.002634907134845754	0.0028704014529666666	0.0
chr10:127337039	3_ec	3	0.537530895375514	0.0621327639083995	0.5
chr10:127337039	2_ad	3	0.00261843281077015	0.00818525561515023	0.0
chr10:127337039	1_h	3	0.0029525593253493013	0.007098434122300988	0.0
chr10:127338481	4_lc	3	0.002678879451136528	0.005861828433049214	0.0
chr10:127338481	3_ec	3	0.5381733477040991	0.059500694651362075	0.5
chr10:127338481	2_ad	3	0.0025781142806224587	0.004117061445751847	0.0
chr10:127338481	1_h	3	0.0029353040660527693	0.006816617645885828	0.0
chr10:127519393	4_lc	3	0.002649419306583964	0.004418357127176881	0.0
chr10:127519393	3_ec	3	0.5351754026480599	0.07130653604873616	0.43832599118942733
chr10:127519393	2_ad	3	0.0026031730371080413	0.007339653677240176	0.0
chr10:127519393	1_h	3	0.002995483519405891	0.009472035817294786	0.0
chr10:127521031	4_lc	3	0.00264726999264827	0.004131774292779464	0.0
chr10:127521031	3_ec	3	0.5357937436464276	0.06902090427514602	0.44924406047516197
chr10:127521031	2_ad	3	0.0026247754163010576	0.00897775418205299	0.0
chr10:127521031	1_h	3	0.0029608894576355974	0.007637135342048023	0.0
chr10:127742253	4_lc	3	0.002657986327225312	0.004153707356437226	0.0
chr10:127742253	3_ec	3	0.5378951363650022	0.06145499641461496	0.5
chr10:127742253	2_ad	3	0.0025701374978668408	0.0037336984445730955	0.0
chr10:127742253	1_h	3	0.0029601322473883	0.007277250378143697	0.0
chr10:127742453	4_lc	3	0.0026730924694598032	0.005361188977484306	0.0
chr10:127742453	3_ec	3	0.5378166445657709	0.06126595997400081	0.5
chr10:127742453	2_ad	3	0.0025978378071395487	0.006175158271865373	0.0
chr10:127742453	1_h	3	0.0029799887558657452	0.008331430025677305	0.0
chr10:127813546	4_lc	3	0.00263580029968469	0.00287211182808077	0.0
chr10:127813546	3_ec	3	0.5383834980998179	0.05866831069489875	0.5
chr10:127813546	2_ad	3	0.0025740997933963203	0.003813152083486939	0.0
chr10:127813546	1_h	3	0.0029359424318624577	0.006810810288720876	0.0
chr10:127866821	4_lc	3	0.002670931969921062	0.005243518442793934	0.0
chr10:127866821	3_ec	3	0.5376187149673327	0.06233117469601694	0.5
chr10:127866821	2_ad	3	0.002596507312669995	0.005838666474240535	0.0
chr10:127866821	1_h	3	0.0029571016313198165	0.0072227308329920106	0.0
chr10:128209385	4_lc	3	0.0026324025338398875	0.0029589546024981297	0.0
chr10:128209385	3_ec	3	0.5379206313876638	0.06037535819077093	0.5
chr10:128209385	2_ad	3	0.002632691195490398	0.009507726276588161	0.0
chr10:128209385	1_h	3	0.002940406601752157	0.006822767763264261	0.0
chr10:58231225	4_lc	0	0.0005976462340274966	0.005143877499244591	0.0
chr10:58231225	3_ec	0	0.0007587258534159456	0.0030876109718238616	0.0
chr10:58231225	2_ad	0	0.0010994716179950769	0.009793363137531513	0.0
chr10:58231225	1_h	0	0.0007785724294052333	0.011829707677006421	0.0
chr10:58231226	4_lc	0	0.00070275223891799	0.011119907339301132	0.0
chr10:58231226	3_ec	0	0.0009151415111933073	0.009638677977477675	0.0
chr10:58231226	2_ad	0	0.0010639606010544153	0.008352022167308737	0.0
chr10:58231226	1_h	0	0.0007810100804005847	0.010285238864133066	0.0
chr10:58231344	4_lc	1	0.5580438756485298	0.06892214217940106	0.5
chr10:58231344	3_ec	1	0.5577754855301997	0.07842697337772614	0.5
chr10:58231344	2_ad	1	0.551258622715567	0.05753548223589062	0.5
chr10:58231344	1_h	1	0.5447573824974804	0.05787452626733702	0.5
chr10:58231793	4_lc	5	0.4832753256258034	0.16903880488023734	0.175
chr10:58231793	3_ec	5	0.0011148119276106821	0.002426121354389215	0.0
chr10:58231793	2_ad	5	0.001789426768542803	0.00909335867463796	0.0
chr10:58231793	1_h	5	0.00264945893227615	0.00552347285537422	0.0
chr10:58231924	4_lc	0	0.000664239938183765	0.008293119336312384	0.0
chr10:58231924	3_ec	0	0.0008262972769523563	0.006851856810381977	0.0
chr10:58231924	2_ad	0	0.0011644108710866842	0.011760800378115718	0.0
chr10:58231924	1_h	0	0.0006515448663817589	0.006439144302007692	0.0
chr10:58231988	4_lc	0	0.0010202115404521327	0.0035729761293161956	0.0
chr10:58231988	3_ec	0	0.10053637224774324	0.2086677359199569	0.05172413793103448
chr10:58231988	2_ad	0	0.0014174323431109788	0.009154673201066683	0.0
chr10:58231988	1_h	0	0.0010459031005156103	0.009401187070978962	0.0
chr10:82492194	4_lc	0	0.0006694350154036004	0.0076127035009345215	0.0
chr10:82492194	3_ec	0	0.00081679280906137	0.0065669675142476305	0.0
chr10:82492194	2_ad	0	0.001090930988798251	0.008968889263707348	0.0
chr10:82492194	1_h	0	0.0006036979320026743	0.0047565803773555	0.0
chr10:82638847	4_lc	0	0.0005852001976827632	0.004212179944096117	0.0
chr10:82638847	3_ec	0	0.00078468281670085	0.0052519741182351695	0.0
chr10:82638847	2_ad	0	0.0011371272939669516	0.012204879670880964	0.0
chr10:82638847	1_h	0	0.000623331079631817	0.007240054878355803	0.0
chr10:82647345	4_lc	0	0.0006088448645719228	0.006096716197000834	0.0
chr10:82647345	3_ec	0	0.000830912660971107	0.006981292522664685	0.0
chr10:82647345	2_ad	0	0.0009632405328831944	0.003720678048909366	0.0
chr10:82647345	1_h	0	0.0006886468871479718	0.008081175276640214	0.0
chr10:82670307	4_lc	0	0.0005630542044537498	0.002989193114589317	0.0
chr10:82670307	3_ec	0	0.0007591190990400908	0.003168862511975569	0.0
chr10:82670307	2_ad	0	0.0009974528792732632	0.006668715422324909	0.0
chr10:82670307	1_h	0	0.000658009349418576	0.00757918512215464	0.0
chr10:83508124	4_lc	0	0.0006980622215780254	0.010884634030949194	0.0
chr10:83508124	3_ec	0	0.000762471036513098	0.0033887197096135573	0.0
chr10:83508124	2_ad	0	0.0011221415156231719	0.011318850681421674	0.0
chr10:83508124	1_h	0	0.0006801361152393369	0.009599369321793321	0.0
chr10:86467097	4_lc	0	0.0006266389242631352	0.006303899408898243	0.0
chr10:86467097	3_ec	0	0.0008251117954723646	0.009042941413926342	0.0
chr10:86467097	2_ad	0	0.0010342258412036128	0.00751388693756762	0.0
chr10:86467097	1_h	0	0.0007318113330537859	0.011227234648589678	0.0
chr10:86691704	4_lc	0	0.0006857350000419623	0.00997529763387233	0.0
chr10:86691704	3_ec	0	0.0007827561228426725	0.005097340736520524	0.0
chr10:86691704	2_ad	0	0.0009657257283712475	0.003938392191589944	0.0
chr10:86691704	1_h	0	0.0006978622699053651	0.008577927184681509	0.0
chr10:86731086	4_lc	0	0.0006491443596261105	0.009779250586271306	0.0
chr10:86731086	3_ec	0	0.0008353139635173377	0.010009555729283186	0.0
chr10:86731086	2_ad	0	0.0010667041095648881	0.009720986721871298	0.0
chr10:86731086	1_h	0	0.0007859784089069325	0.010689236114278324	0.0
chr10:86776504	4_lc	0	0.0007450659892051224	0.01178320331229337	0.0
chr10:86776504	3_ec	0	0.0008134356880345399	0.00793858528698412	0.0
chr10:86776504	2_ad	0	0.0009928496494700483	0.006262617073650061	0.0
chr10:86776504	1_h	0	0.000641078083751693	0.008986941143594785	0.0
chr10:86776652	4_lc	0	0.0006471469347892833	0.007096653539644216	0.0
chr10:86776652	3_ec	0	0.0007490599452074087	0.0025659687812690513	0.0
chr10:86776652	2_ad	0	0.001054772347084739	0.00822090004491401	0.0
chr10:86776652	1_h	0	0.0007620194096683596	0.010854896216609412	0.0
chr10:86776664	4_lc	0	0.0006286275311116926	0.007975137726485407	0.0
chr10:86776664	3_ec	0	0.0007526812405733949	0.00276578012932534	0.0
chr10:86776664	2_ad	0	0.0011254705726076184	0.0100343282104942	0.0
chr10:86776664	1_h	0	0.0006228217994399775	0.0071121791966068095	0.0
chr10:86779267	4_lc	0	0.0006953457729281518	0.009543577653388867	0.0
chr10:86779267	3_ec	0	0.0007822811050789008	0.006278776624597017	0.0
chr10:86779267	2_ad	0	0.0010066072851325865	0.0062917107225116484	0.0
chr10:86779267	1_h	0	0.0008928642927951161	0.012336272445865559	0.0
chr10:86848120	4_lc	0	0.0006164322489709557	0.005614222550256034	0.0
chr10:86848120	3_ec	0	0.0007967905803601727	0.005910083645109429	0.0
chr10:86848120	2_ad	0	0.0009868759893197157	0.005719210697924024	0.0
chr10:86848120	1_h	0	0.0006914608057950344	0.010669100966266887	0.0
chr10:86850628	4_lc	0	0.0006068543251374506	0.0059531748324083015	0.0
chr10:86850628	3_ec	0	0.0007912102591893373	0.00585842908413744	0.0
chr10:86850628	2_ad	0	0.0010045386188573062	0.007323898048175105	0.0
chr10:86850628	1_h	0	0.0006813923698503583	0.007560536345050449	0.0
chr10:86850851	4_lc	0	0.0006043295631834447	0.005751782028082294	0.0
chr10:86850851	3_ec	0	0.0007505418249381307	0.002652851723197936	0.0
chr10:86850851	2_ad	0	0.0010666392229604547	0.009899807681415436	0.0
chr10:86850851	1_h	0	0.0005968355457388529	0.004583504143781097	0.0
chr10:86858183	4_lc	0	0.000624586496355268	0.007591748989877437	0.0
chr10:86858183	3_ec	0	0.0008062182255038044	0.007256180637313796	0.0
chr10:86858183	2_ad	0	0.0010051797571421258	0.006581673710000499	0.0
chr10:86858183	1_h	0	0.0006090667283153012	0.0048775696737491745	0.0
chr10:86865017	4_lc	0	0.0006424565922690978	0.009187460082132785	0.0
chr10:86865017	3_ec	0	0.0008257718178337838	0.0067269614960514664	0.0
chr10:86865017	2_ad	0	0.0010627242151834979	0.009367958037499133	0.0
chr10:86865017	1_h	0	0.0006735284528484277	0.007222034800457117	0.0
chr10:86872653	4_lc	0	0.0006525532053525794	0.010229280707405065	0.0
chr10:86872653	3_ec	0	0.0007842763166133875	0.005191097879446452	0.0
chr10:86872653	2_ad	0	0.0010297241355982948	0.00714112160021764	0.0
chr10:86872653	1_h	0	0.0006722635663784576	0.00719787587720871	0.0
chr10:86872728	4_lc	0	0.0006893210905744595	0.009247215706560888	0.0
chr10:86872728	3_ec	0	0.0007274512596168679	0.0015028949025633076	0.0
chr10:86872728	2_ad	0	0.0009695960357074735	0.0039043109698128687	0.0
chr10:86872728	1_h	0	0.0005876077807756105	0.0032099471918302404	0.0
chr10:86873894	4_lc	0	0.0005925113632684761	0.00470990573047361	0.0
chr10:86873894	3_ec	0	0.0008366050165226798	0.010171433863121096	0.0
chr10:86873894	2_ad	0	0.0009982985554356117	0.006748792088666145	0.0
chr10:86873894	1_h	0	0.0007323583737453136	0.011455152326136062	0.0
chr10:86897981	4_lc	0	0.0006345760638712704	0.008503773955433223	0.0
chr10:86897981	3_ec	0	0.0007984927598564187	0.0065168360162294265	0.0
chr10:86897981	2_ad	0	0.0009911465172583113	0.0060590298860790604	0.0
chr10:86897981	1_h	0	0.0007144147253545487	0.00959117862507981	0.0
chr10:86905631	4_lc	0	0.0006158646669485835	0.005584306061846446	0.0
chr10:86905631	3_ec	0	0.0007922679075340153	0.005913002822900727	0.0
chr10:86905631	2_ad	0	0.0009456809179957896	0.00266950145053435	0.0
chr10:86905631	1_h	0	0.0007511503900336617	0.010279442519952293	0.0
chr10:86933327	4_lc	0	0.0006197195404807257	0.0071358970435887814	0.0
chr10:86933327	3_ec	0	0.0008351180686830825	0.01002562752962772	0.0
chr10:86933327	2_ad	0	0.0010078051256766443	0.007649853106126021	0.0
chr10:86933327	1_h	0	0.0006225340564876053	0.005441233604796516	0.0
chr10:86938052	4_lc	0	0.0005712779473830115	0.003268340231252658	0.0
chr10:86938052	3_ec	0	0.0007587341143275181	0.003097266841240449	0.0
chr10:86938052	2_ad	0	0.0010984385861734197	0.009730906610944718	0.0
chr10:86938052	1_h	0	0.0007969241026598795	0.011035785570669653	0.0
chr10:86969772	4_lc	0	0.0006156482038377133	0.006764053937406134	0.0
chr10:86969772	3_ec	0	0.0008135677415196452	0.00793587413987887	0.0
chr10:86969772	2_ad	0	0.0010730725706496788	0.008422531835448395	0.0
chr10:86969772	1_h	0	0.0007120176019686251	0.009807245634224871	0.0
chr10:86979990	4_lc	0	0.000565966903554228	0.0030737673049492887	0.0
chr10:86979990	3_ec	0	0.0007531564493524262	0.0027579966321048133	0.0
chr10:86979990	2_ad	0	0.000980816792826745	0.005169125747666747	0.0
chr10:86979990	1_h	0	0.0006391867425139837	0.006153688920506091	0.0
chr10:87165105	4_lc	0	0.0006422786284482905	0.006961322122337803	0.0
chr10:87165105	3_ec	0	0.0008746244198915489	0.010454203155425884	0.0
chr10:87165105	2_ad	0	0.0010198295174134002	0.008791240405739932	0.0
chr10:87165105	1_h	0	0.0007079553114635646	0.009229577196008724	0.0
chr10:87225901	4_lc	0	0.0006309599132439648	0.0071073324989634305	0.0
chr10:87225901	3_ec	0	0.0007580203086319851	0.003966970555839232	0.0
chr10:87225901	2_ad	0	0.0011595915083144244	0.011119303489837485	0.0
chr10:87225901	1_h	0	0.0006659127105650782	0.007233636944381472	0.0
chr10:87226012	4_lc	0	0.0006259680083097188	0.007539854660575515	0.0
chr10:87226012	3_ec	0	0.0008246216082480061	0.006580063772235671	0.0
chr10:87226012	2_ad	0	0.0010596795505148837	0.008293595959681911	0.0
chr10:87226012	1_h	0	0.000731559122188477	0.01107957771627064	0.0
chr10:88091308	4_lc	0	0.000597499592099571	0.005110372103174156	0.0
chr10:88091308	3_ec	0	0.0008013181692508669	0.005673909265745211	0.0
chr10:88091308	2_ad	0	0.0009998867490155375	0.0068675844647921	0.0
chr10:88091308	1_h	0	0.0006946579144994874	0.010831455093030481	0.0
chr10:88093169	4_lc	0	0.0006027542159043494	0.00564079879338342	0.0
chr10:88093169	3_ec	0	0.0008145441502892364	0.00801201070115993	0.0
chr10:88093169	2_ad	0	0.0010920351929709254	0.009399442946735653	0.0
chr10:88093169	1_h	0	0.0006369202103045106	0.006079134202360387	0.0
chr10:88133128	4_lc	0	0.0005676374825873897	0.0031405931525081716	0.0
chr10:88133128	3_ec	0	0.0007905592925542686	0.005149140815548235	0.0
chr10:88133128	2_ad	0	0.0010300787994428555	0.009730012444709026	0.0
chr10:88133128	1_h	0	0.0007267847897783678	0.011036303933731615	0.0
chr10:88245799	4_lc	0	0.0006256922780113502	0.007642815444675863	0.0
chr10:88245799	3_ec	0	0.0008686145703248107	0.009603572534952231	0.0
chr10:88245799	2_ad	0	0.0010570839095174307	0.00810708149910277	0.0
chr10:88245799	1_h	0	0.0007549782523882088	0.0103547345001048	0.0
chr10:88778418	4_lc	0	0.000637400300978217	0.006775932813969895	0.0
chr10:88778418	3_ec	0	0.0007710875197964067	0.0040331208750099615	0.0
chr10:88778418	2_ad	0	0.0011533531259696635	0.011182575298777676	0.0
chr10:88778418	1_h	0	0.0007189568496779832	0.010093474154537974	0.0
chr10:88926259	4_lc	0	0.0006316895800471721	0.008188047944063397	0.0
chr10:88926259	3_ec	0	0.0007570267994273566	0.0029606056843825734	0.0
chr10:88926259	2_ad	0	0.0010584346030309741	0.008034625841317759	0.0
chr10:88926259	1_h	0	0.0006689893306997676	0.00707418604717387	0.0
chr10:89480555	4_lc	0	0.0007385427038161263	0.010020591510241298	0.0
chr10:89480555	3_ec	0	0.0007763229355573015	0.0057077768061400335	0.0
chr10:89480555	2_ad	0	0.001207561832879426	0.012119319180182669	0.0
chr10:89480555	1_h	0	0.0006799718232885845	0.00888617557086032	0.0
chr10:89483407	4_lc	0	0.0005665541627397037	0.003108243075570889	0.0
chr10:89483407	3_ec	0	0.0007997776246218369	0.005639967437291254	0.0
chr10:89483407	2_ad	0	0.001008581429431263	0.007669903818488485	0.0
chr10:89483407	1_h	0	0.000631264137663149	0.00570181150245525	0.0
chr10:89506533	4_lc	0	0.0007061086061673314	0.011469509201827526	0.0
chr10:89506533	3_ec	0	0.0008216757150391295	0.008731897382133369	0.0
chr10:89506533	2_ad	0	0.0009614073927839737	0.0035750137687603754	0.0
chr10:89506533	1_h	0	0.0006734024296023259	0.007177054061214327	0.0
chr10:89717207	4_lc	0	0.0006440844105112207	0.007090099484281048	0.0
chr10:89717207	3_ec	0	0.0007970670289197028	0.006427361480248952	0.0
chr10:89717207	2_ad	0	0.000996909000493835	0.006518790783404964	0.0
chr10:89717207	1_h	0	0.0005882963328024183	0.0038172036280277495	0.0
chr10:89805511	4_lc	0	0.0006658901726991884	0.008412189108071098	0.0
chr10:89805511	3_ec	0	0.0008044654008479235	0.006069011613996377	0.0
chr10:89805511	2_ad	0	0.0010789189436997088	0.010788843307879369	0.0
chr10:89805511	1_h	0	0.0006361967005499991	0.008420656309361297	0.0
chr10:89805549	4_lc	0	0.0006231050807156874	0.006257097038178704	0.0
chr10:89805549	3_ec	0	0.000795027084644934	0.00620724586307272	0.0
chr10:89805549	2_ad	0	0.0009517026672684254	0.00299931730508929	0.0
chr10:89805549	1_h	0	0.0005711256983547776	0.00216628627007332	0.0
chr10:89808612	4_lc	0	0.0007041014962190507	0.011413011884599675	0.0
chr10:89808612	3_ec	0	0.0008285333463198826	0.0072835759236094	0.0
chr10:89808612	2_ad	0	0.0010860008614155543	0.009057036108107031	0.0
chr10:89808612	1_h	0	0.0006296691241619627	0.007725278539451472	0.0
chr10:91083278	4_lc	0	0.0006605929111439902	0.007998713013784603	0.0
chr10:91083278	3_ec	0	0.0007706226375649016	0.004036207005028971	0.0
chr10:91083278	2_ad	0	0.0010959388459145425	0.009628644669870557	0.0
chr10:91083278	1_h	0	0.0007514492274740202	0.010156394395555097	0.0
chr10:91095828	4_lc	0	0.0006943219168171483	0.01076192584644716	0.0
chr10:91095828	3_ec	0	0.0007834977968535961	0.005064061005317059	0.0
chr10:91095828	2_ad	0	0.0010516170681175447	0.008557531866341315	0.0
chr10:91095828	1_h	0	0.0007637380444799549	0.009577183472463878	0.0
chr10:91095986	4_lc	0	0.0005552452573451222	0.0028681831950006483	0.0
chr10:91095986	3_ec	0	0.0008134912817283468	0.007898464962021998	0.0
chr10:91095986	2_ad	0	0.0010491750778143588	0.007818404625880543	0.0
chr10:91095986	1_h	0	0.0007158095952600528	0.010158877632718057	0.0
chr10:91096507	4_lc	0	0.0006451401231439769	0.0070253064834319085	0.0
chr10:91096507	3_ec	0	0.00085349602383146	0.007876734728189238	0.0
chr10:91096507	2_ad	0	0.0010217584531945335	0.006696272294942448	0.0
chr10:91096507	1_h	0	0.0006883747842141985	0.010095734957517949	0.0
chr10:91102056	4_lc	0	0.0006360187524345684	0.008612105806737233	0.0
chr10:91102056	3_ec	0	0.0007503150428196692	0.0026064627206677776	0.0
chr10:91102056	2_ad	0	0.001083429039521769	0.01105251450100353	0.0
chr10:91102056	1_h	0	0.000674100717603911	0.00717533175926998	0.0
chr10:92691895	4_lc	0	0.0006197433970026983	0.0070404340962002855	0.0
chr10:92691895	3_ec	0	0.0008292747895241694	0.006981068257568973	0.0
chr10:92691895	2_ad	0	0.000996969008408268	0.006559758619151833	0.0
chr10:92691895	1_h	0	0.0007229949009727818	0.010101009323725839	0.0
chr10:93265081	4_lc	0	0.0005631474284329013	0.00294990162526603	0.0
chr10:93265081	3_ec	0	0.0009935113394656193	0.013639559375444461	0.0
chr10:93265081	2_ad	0	0.0010499801240132572	0.008448457288206212	0.0
chr10:93265081	1_h	0	0.0006604210253934687	0.007860352856375184	0.0
chr10:93265185	4_lc	0	0.000601631418614824	0.00553861837885479	0.0
chr10:93265185	3_ec	0	0.0007930559092810634	0.005979678631770983	0.0
chr10:93265185	2_ad	0	0.0009746139903794092	0.004635470688944279	0.0
chr10:93265185	1_h	0	0.0006706308518209738	0.008793606815119346	0.0
chr10:93265293	4_lc	0	0.0006383095312825879	0.006574793543442906	0.0
chr10:93265293	3_ec	0	0.0007736542640918695	0.004279905962905663	0.0
chr10:93265293	2_ad	0	0.001037174360676617	0.007628815104585256	0.0
chr10:93265293	1_h	0	0.0007893706479690696	0.012787785138030585	0.0
chr10:93474948	4_lc	0	0.0005982375833893898	0.005242846242709759	0.0
chr10:93474948	3_ec	0	0.0007759157809562011	0.00448719875634242	0.0
chr10:93474948	2_ad	0	0.0010250320870320284	0.009295080504365824	0.0
chr10:93474948	1_h	0	0.0005655446436451747	0.0017223677184641792	0.0
chr10:93484722	4_lc	0	0.0006866072740684225	0.009824710760701459	0.0
chr10:93484722	3_ec	0	0.0008279647675728026	0.0068112608974320804	0.0
chr10:93484722	2_ad	0	0.0010739285487089058	0.010232433420402049	0.0
chr10:93484722	1_h	0	0.00063751781320046	0.006108267739254352	0.0
chr10:93567732	4_lc	0	0.0006233139842189451	0.006586683852484137	0.0
chr10:93567732	3_ec	0	0.0007856682891368184	0.005395205304869562	0.0
chr10:93567732	2_ad	0	0.0010355650101357948	0.007562009750637497	0.0
chr10:93567732	1_h	0	0.0006900178955314063	0.00807851177652249	0.0
chr10:93734207	4_lc	0	0.000699943936906797	0.010948223362664478	0.0
chr10:93734207	3_ec	0	0.0007724913929729653	0.004126663985960232	0.0
chr10:93734207	2_ad	0	0.0009422059597597876	0.0025859299501387505	0.0
chr10:93734207	1_h	0	0.0007842593278924308	0.00971660555406763	0.0
chr10:93846041	4_lc	0	0.0006199230237348523	0.00715207211862675	0.0
chr10:93846041	3_ec	0	0.0007551868233292275	0.0028765295603591277	0.0
chr10:93846041	2_ad	0	0.001247110833755506	0.014424786465392107	0.0
chr10:93846041	1_h	0	0.0006579905976868268	0.0070498487842935425	0.0
chr10:93846147	4_lc	0	0.0006056831115353112	0.00581000808548224	0.0
chr10:93846147	3_ec	0	0.0008797191574085087	0.008594604763943274	0.0
chr10:93846147	2_ad	0	0.0010256259845913837	0.009333999147964928	0.0
chr10:93846147	1_h	0	0.0006055082305137032	0.00478277749424653	0.0
chr10:93846485	4_lc	0	0.0007039327062948902	0.00912252467624346	0.0
chr10:93846485	3_ec	0	0.0008266203551531968	0.006748780766902971	0.0
chr10:93846485	2_ad	0	0.0009626249185188112	0.003711695899866814	0.0
chr10:93846485	1_h	0	0.0005805468521726889	0.0030419936447827196	0.0
chr10:93846678	4_lc	0	0.0006145785407289687	0.006671138338632374	0.0
chr10:93846678	3_ec	0	0.0007606039994065811	0.0032699917648904946	0.0
chr10:93846678	2_ad	0	0.001010693463665878	0.007924518571903384	0.0
chr10:93846678	1_h	0	0.000587495980269261	0.003716833189534012	0.0
chr10:93846720	4_lc	0	0.0006056024058203325	0.005852163514130546	0.0
chr10:93846720	3_ec	0	0.0008052497233335457	0.00711077619576098	0.0
chr10:93846720	2_ad	0	0.0011269916168832714	0.011475605709207649	0.0
chr10:93846720	1_h	0	0.0007309200584322426	0.010849378104714395	0.0
chr10:93847307	4_lc	0	0.0006707327003562693	0.008901342396234732	0.0
chr10:93847307	3_ec	0	0.000881246501553401	0.01070934753981569	0.0
chr10:93847307	2_ad	0	0.001021378369136459	0.00891491740409645	0.0
chr10:93847307	1_h	0	0.0006317941917182453	0.008030015762921073	0.0
chr10:93984320	4_lc	0	0.0008160170897185191	0.013303814807387565	0.0
chr10:93984320	3_ec	0	0.0007370749146495441	0.002062006993613729	0.0
chr10:93984320	2_ad	0	0.0011330688559116834	0.011477725086781512	0.0
chr10:93984320	1_h	0	0.0008189768037481339	0.010857407436037702	0.0
chr10:93984418	4_lc	0	0.0006901509919242593	0.010058364386664126	0.0
chr10:93984418	3_ec	0	0.0008151904354862605	0.006770487486162784	0.0
chr10:93984418	2_ad	0	0.001146211394675636	0.01279531107170764	0.0
chr10:93984418	1_h	0	0.0008023855323526727	0.010669577876525402	0.0
chr10:93997017	4_lc	0	0.00058714762950916	0.004356718107752339	0.0
chr10:93997017	3_ec	0	0.0008043405267779286	0.007077799655586137	0.0
chr10:93997017	2_ad	0	0.0010331056998858972	0.010074556494671155	0.0
chr10:93997017	1_h	0	0.0005615380885305612	0.0014235651650043996	0.0
chr10:94004034	4_lc	0	0.0007848936423921244	0.011857011965464553	0.0
chr10:94004034	3_ec	0	0.0010304510288514184	0.013645581293424393	0.0
chr10:94004034	2_ad	0	0.0010509972842754774	0.008451299387730593	0.0
chr10:94004034	1_h	0	0.0008332286398100563	0.011585579679527025	0.0
chr10:94006961	4_lc	0	0.0006905413790500367	0.010335601845295863	0.0
chr10:94006961	3_ec	0	0.0007568948368245881	0.0030049319392753135	0.0
chr10:94006961	2_ad	0	0.0012145045171305057	0.01285836473695868	0.0
chr10:94006961	1_h	0	0.0007007607513055599	0.0087364106812994	0.0
chr10:94043662	4_lc	0	0.0007836965098717343	0.012378739329392372	0.0
chr10:94043662	3_ec	0	0.0008058744219128723	0.007219025840419796	0.0
chr10:94043662	2_ad	0	0.0009773003901458683	0.00484970238838484	0.0
chr10:94043662	1_h	0	0.0005886308184168479	0.0037605493639969586	0.0
chr10:94044070	4_lc	0	0.0007020350106684438	0.01100892552814239	0.0
chr10:94044070	3_ec	0	0.0007805544971923577	0.004893467228686765	0.0
chr10:94044070	2_ad	0	0.0010744842209903008	0.010260331999228932	0.0
chr10:94044070	1_h	0	0.0007179008556862515	0.010160239191859922	0.0
chr10:94044142	4_lc	0	0.0007198402922576933	0.011620058418946677	0.0
chr10:94044142	3_ec	0	0.0008510602303258726	0.00957765657240165	0.0
chr10:94044142	2_ad	0	0.001101296227986532	0.009547146382644365	0.0
chr10:94044142	1_h	0	0.0005814879740094996	0.0026872164901754997	0.0
chr10:94044388	4_lc	0	0.0006175944402769083	0.005825827652952053	0.0
chr10:94044388	3_ec	0	0.000721276757561277	0.0012750478536606904	0.0
chr10:94044388	2_ad	0	0.0009782750559341202	0.004470003971535499	0.0
chr10:94044388	1_h	0	0.0007524923385570559	0.009403785605678968	0.0
chr10:94044834	4_lc	0	0.0006905592850962958	0.010308924922663927	0.0
chr10:94044834	3_ec	0	0.0008194713917642913	0.008528808939963672	0.0
chr10:94044834	2_ad	0	0.001175866336461758	0.012483878287568908	0.0
chr10:94044834	1_h	0	0.0007305099093597372	0.008914249067231572	0.0
chr10:94045194	4_lc	0	0.0006094305541530575	0.006184817945860968	0.0
chr10:94045194	3_ec	0	0.0007560198173701414	0.0029515097822726886	0.0
chr10:94045194	2_ad	0	0.001004490784770305	0.0073251035880419965	0.0
chr10:94045194	1_h	0	0.0006403407176764242	0.006354481387610346	0.0
chr10:94074205	4_lc	0	0.000615370290461201	0.0063772328646554905	0.0
chr10:94074205	3_ec	0	0.0007917544913360125	0.005845786673360043	0.0
chr10:94074205	2_ad	0	0.0012224688770554675	0.012480994323218784	0.0
chr10:94074205	1_h	0	0.0006854574273425482	0.007701488653985154	0.0
chr10:94163743	4_lc	0	0.0006898925935088492	0.01015455615587549	0.0
chr10:94163743	3_ec	0	0.0008141142912648293	0.00805103952113173	0.0
chr10:94163743	2_ad	0	0.0009937778243140302	0.0063585178596094775	0.0
chr10:94163743	1_h	0	0.0005960892516080042	0.004034344705551823	0.0
chr10:94172021	4_lc	0	0.0006232481214919751	0.005881865681305798	0.0
chr10:94172021	3_ec	0	0.0007663862692263974	0.003694452165550783	0.0
chr10:94172021	2_ad	0	0.001058913588768986	0.009113032556061385	0.0
chr10:94172021	1_h	0	0.0006785833109821246	0.009497269784939064	0.0
chr10:94172024	4_lc	0	0.0005698514421048083	0.0032547695566942083	0.0
chr10:94172024	3_ec	0	0.0008582149537040945	0.009017446064101365	0.0
chr10:94172024	2_ad	0	0.0009906920345639208	0.006013962386029103	0.0
chr10:94172024	1_h	0	0.0006282799018249105	0.005496069805922636	0.0
chr11:12253960	4_lc	5	0.5389429985828428	0.045617841264043245	0.5
chr11:12253960	3_ec	5	0.001216807421486759	0.008602568624414296	0.0
chr11:12253960	2_ad	5	0.0018224971499336072	0.007726050282681778	0.0
chr11:12253960	1_h	5	0.002886477819296481	0.007909620172943471	0.0
chr11:14599447	4_lc	5	0.5392813552536619	0.044333709325551245	0.5
chr11:14599447	3_ec	5	0.0011914968166932733	0.006173047337748545	0.0
chr11:14599447	2_ad	5	0.00178057830014711	0.006545068695496923	0.0
chr11:14599447	1_h	5	0.00290318388485949	0.009221025574234144	0.0
chr11:14600005	4_lc	5	0.5390832607890803	0.045153176225054166	0.47530864197530864
chr11:14600005	3_ec	5	0.0011477136668954528	0.0022843237004174714	0.0
chr11:14600005	2_ad	5	0.001880918961897356	0.011841788580732423	0.0
chr11:14600005	1_h	5	0.0028182004629981297	0.0033404077785356345	0.0
chr11:17945963	4_lc	5	0.5388799288462167	0.046038003285819425	0.5
chr11:17945963	3_ec	5	0.0011848254479733104	0.005522142898131276	0.0
chr11:17945963	2_ad	5	0.0018398120825861522	0.00871896192209806	0.0
chr11:17945963	1_h	5	0.0028879655948346773	0.007910883612043739	0.0
chr11:17946041	4_lc	5	0.5390527799674193	0.0450340329176774	0.5
chr11:17946041	3_ec	5	0.001191395616787026	0.006149565971967512	0.0
chr11:17946041	2_ad	5	0.0018138064757757398	0.007306329291517424	0.0
chr11:17946041	1_h	5	0.0029098813023393016	0.010052307898693573	0.0
chr11:3133098	4_lc	1	0.5580328992734401	0.06884521274722731	0.5
chr11:3133098	3_ec	1	0.5577254166881159	0.07782832354005369	0.5
chr11:3133098	2_ad	1	0.5507401725064734	0.05699811734748104	0.5
chr11:3133098	1_h	1	0.5448165322980529	0.058604441734853005	0.5
chr11:3133133	4_lc	1	0.558513824465196	0.06885529371444117	0.5
chr11:3133133	3_ec	1	0.5579807736102657	0.07740474553393971	0.5
chr11:3133133	2_ad	1	0.5512521876375335	0.05680368923681845	0.5
chr11:3133133	1_h	1	0.5443578127330353	0.05845362107805638	0.5
chr11:3134472	4_lc	1	0.5584401702199735	0.06949002686905316	0.5
chr11:3134472	3_ec	1	0.5574771000765554	0.07696932159487765	0.5
chr11:3134472	2_ad	1	0.551132506579486	0.057525866807066235	0.5
chr11:3134472	1_h	1	0.5439786866033605	0.05714635418669767	0.5
chr11:3135671	4_lc	0	0.0006336524266431864	0.008403664105330019	0.0
chr11:3135671	3_ec	0	0.0007794241266276086	0.004758901348829575	0.0
chr11:3135671	2_ad	0	0.0011182342769941102	0.010883436858008428	0.0
chr11:3135671	1_h	0	0.0006703042507941931	0.006966585137550474	0.0
chr11:3136635	4_lc	1	0.5582743078652403	0.06972647052888861	0.5
chr11:3136635	3_ec	1	0.5575526842324376	0.07815269531801014	0.49803149606299213
chr11:3136635	2_ad	1	0.5513690846569009	0.05760106414992109	0.5
chr11:3136635	1_h	1	0.5448039328725419	0.05984998199060518	0.5
chr11:3136657	4_lc	1	0.5586311616718189	0.07056181332710679	0.5
chr11:3136657	3_ec	1	0.558164048291868	0.07899931305090949	0.5
chr11:3136657	2_ad	1	0.5514062551866953	0.05797168870043942	0.5
chr11:3136657	1_h	1	0.5449046606673004	0.058845328516276836	0.5
chr11:3137013	4_lc	1	0.5580373537764816	0.06834188355549424	0.5
chr11:3137013	3_ec	1	0.5577954700125591	0.07825893916724994	0.5
chr11:3137013	2_ad	1	0.5508980367954536	0.05701573371109696	0.5
chr11:3137013	1_h	1	0.5447890994295352	0.05876727888674651	0.5
chr11:3137040	4_lc	1	0.5584000409713844	0.07011293197963221	0.5
chr11:3137040	3_ec	1	0.5580129223874069	0.07776626792502883	0.5
chr11:3137040	2_ad	1	0.550982307521767	0.05728916535419947	0.5
chr11:3137040	1_h	1	0.5450277008226734	0.05901040170383355	0.5
chr11:3143747	4_lc	1	0.5578694165281805	0.06830298190257957	0.5
chr11:3143747	3_ec	1	0.5577952302577146	0.07731377883179151	0.5
chr11:3143747	2_ad	1	0.5506545946570565	0.056515488284544356	0.5
chr11:3143747	1_h	1	0.5442486906420887	0.05785385329876612	0.5
chr11:3156809	4_lc	1	0.5585117784664279	0.0688911152082468	0.5
chr11:3156809	3_ec	1	0.5575409043596331	0.07734048953231736	0.5
chr11:3156809	2_ad	1	0.5505955019544677	0.05562165166268198	0.5
chr11:3156809	1_h	1	0.5441667488282426	0.05622989660184851	0.5
chr11:3157903	4_lc	1	0.5588118971302386	0.07131828089182937	0.5
chr11:3157903	3_ec	1	0.5580686848824129	0.07889435595976306	0.5
chr11:3157903	2_ad	1	0.5512156318529196	0.05843698579787564	0.5
chr11:3157903	1_h	1	0.5441175673286704	0.058782281064097365	0.43458980044345896
chr11:3160122	4_lc	1	0.5579403629494172	0.06839456754010911	0.5
chr11:3160122	3_ec	1	0.5576591342571776	0.07755844056382713	0.5
chr11:3160122	2_ad	1	0.5508663943616353	0.05607697285261971	0.5
chr11:3160122	1_h	1	0.5447649533852302	0.05835676815819015	0.5
chr11:3160125	4_lc	1	0.5583560128676062	0.06939295017951291	0.5
chr11:3160125	3_ec	1	0.557876416396614	0.07786285834698527	0.5
chr11:3160125	2_ad	1	0.5511617513565419	0.05657437224893373	0.5
chr11:3160125	1_h	1	0.5443842861423295	0.05879711428738584	0.5
chr11:3170601	4_lc	1	0.5578830671720971	0.06812656527148592	0.5
chr11:3170601	3_ec	1	0.557291803352177	0.07729943827064585	0.5
chr11:3170601	2_ad	1	0.5511825178524223	0.056482351609470786	0.5
chr11:3170601	1_h	1	0.5445021615175946	0.05739298190809746	0.48588709677419356
chr11:3179430	4_lc	1	0.5580771658300743	0.06859652715481279	0.5
chr11:3179430	3_ec	1	0.557849831996662	0.0780199555237216	0.5
chr11:3179430	2_ad	1	0.5511570546820067	0.055981218209672404	0.5
chr11:3179430	1_h	1	0.5446878947163226	0.05913424437204707	0.5
chr11:3187367	4_lc	1	0.55815101954499	0.0693304757509798	0.5
chr11:3187367	3_ec	1	0.5578926921305553	0.07799876192698453	0.5
chr11:3187367	2_ad	1	0.551335603979132	0.058504241774574674	0.5
chr11:3187367	1_h	1	0.5445388965041212	0.058498977346745265	0.5
chr11:3254620	4_lc	5	0.5389527998344105	0.04551927991686095	0.5
chr11:3254620	3_ec	5	0.00121958289793153	0.008869385104675045	0.0
chr11:3254620	2_ad	5	0.0018095598422607246	0.007085605052263009	0.0
chr11:3254620	1_h	5	0.0028258553551326463	0.0035078186164248172	0.0
chr11:4435031	4_lc	5	0.5394489179817378	0.04284263215701899	0.5
chr11:4435031	3_ec	5	0.001145749215766818	0.002217621258510967	0.0
chr11:4435031	2_ad	5	0.0018741710228392498	0.01136938070740466	0.0
chr11:4435031	1_h	5	0.0028706034618928926	0.006516529851572156	0.0
chr11:4488107	4_lc	5	0.538937751866168	0.04626524816376202	0.5
chr11:4488107	3_ec	5	0.0012161955405622516	0.008717168761278758	0.0
chr11:4488107	2_ad	5	0.0017945638702466808	0.006712254843902248	0.0
chr11:4488107	1_h	5	0.0028802534157428153	0.007367787329754128	0.0
chr11:5281282	4_lc	5	0.5340089796827142	0.06827890768894525	0.35279187817258884
chr11:5281282	3_ec	5	0.0011948801298059843	0.006280279715872261	0.0
chr11:5281282	2_ad	5	0.0018657818479885801	0.010466760382795462	0.0
chr11:5281282	1_h	5	0.002807201699757946	0.003350692675611038	0.0
chr11:5281389	4_lc	5	0.5367767371919979	0.057327181852616586	0.4230769230769231
chr11:5281389	3_ec	5	0.0012008775807273138	0.00692014271539229	0.0
chr11:5281389	2_ad	5	0.0018408017422477708	0.008808169020514785	0.0
chr11:5281389	1_h	5	0.0028509602192639343	0.005332900868329533	0.0
chr11:5596752	4_lc	5	0.5392964080182839	0.04360370481643289	0.5
chr11:5596752	3_ec	5	0.001132958244288445	0.0017097673071614153	0.0
chr11:5596752	2_ad	5	0.0017837693761486157	0.006551016679555339	0.0
chr11:5596752	1_h	5	0.0029018736906595882	0.009211923356461862	0.0
chr11:5607418	4_lc	5	0.5388425658869587	0.04625521471213665	0.5
chr11:5607418	3_ec	5	0.0011447636237125244	0.0021378808190083815	0.0
chr11:5607418	2_ad	5	0.0018403625718752619	0.008825897591366491	0.0
chr11:5607418	1_h	5	0.0028520672472297937	0.004825325877206257	0.0
chr11:5615561	4_lc	5	0.5335775850367995	0.06990831915950362	0.3560606060606061
chr11:5615561	3_ec	5	0.0011622225216372528	0.0032120962489464422	0.0
chr11:5615561	2_ad	5	0.0017961561586885746	0.006657336051304397	0.0
chr11:5615561	1_h	5	0.0028760624142864155	0.008505138822100515	0.0
chr11:5635233	4_lc	5	0.5391483828530208	0.044526358223881325	0.5
chr11:5635233	3_ec	5	0.0012064938129864896	0.007635011455563393	0.0
chr11:5635233	2_ad	5	0.001837087025922132	0.00867067692170928	0.0
chr11:5635233	1_h	5	0.0029011617059161586	0.009253122745438354	0.0
chr11:5635263	4_lc	5	0.5390706873693825	0.04515437390395267	0.5
chr11:5635263	3_ec	5	0.0011423832824295189	0.002003463023976672	0.0
chr11:5635263	2_ad	5	0.0018227816043951748	0.00774217103040041	0.0
chr11:5635263	1_h	5	0.0028853204583547845	0.0077537370847781	0.0
chr11:5862203	4_lc	5	0.5382838434704357	0.04958779282835814	0.5
chr11:5862203	3_ec	5	0.0011865537187884243	0.005367260806304621	0.0
chr11:5862203	2_ad	5	0.001883304162428609	0.011343149822788164	0.0
chr11:5862203	1_h	5	0.002831635613283934	0.0037032143300196885	0.0
chr11:5862393	4_lc	5	0.5392613202066917	0.044316079286991154	0.5
chr11:5862393	3_ec	5	0.0011819129055459397	0.0050407269854579224	0.0
chr11:5862393	2_ad	5	0.0018638922188030662	0.010623949976390577	0.0
chr11:5862393	1_h	5	0.0029164206471447305	0.010332923093026435	0.0
chr11:6514873	4_lc	5	0.5388755794055193	0.046119004108116445	0.5
chr11:6514873	3_ec	5	0.0012256537255278936	0.00945728316254346	0.0
chr11:6514873	2_ad	5	0.0018178608505186919	0.007509585387123092	0.0
chr11:6514873	1_h	5	0.0028709668737154255	0.006419132273660759	0.0
chr11:6600038	4_lc	5	0.5388718669999241	0.04621630846161839	0.5
chr11:6600038	3_ec	5	0.0011663075628344742	0.003725486154062972	0.0
chr11:6600038	2_ad	5	0.0018298254027800595	0.008175166670003195	0.0
chr11:6600038	1_h	5	0.002869014356236516	0.0064293932735190445	0.0
chr11:6600161	4_lc	5	0.5392068495251712	0.04420027528758324	0.5
chr11:6600161	3_ec	5	0.0011685813165894074	0.004104301236053988	0.0
chr11:6600161	2_ad	5	0.0018004390862560934	0.0068214127252120005	0.0
chr11:6600161	1_h	5	0.002856933353188338	0.005459421532700334	0.0
chr11:6600357	4_lc	5	0.5389586067775657	0.045447557616442716	0.5
chr11:6600357	3_ec	5	0.0011819693069163172	0.0053571986951654205	0.0
chr11:6600357	2_ad	5	0.001828744807576502	0.008088482893618664	0.0
chr11:6600357	1_h	5	0.00283979839496125	0.004143711801821052	0.0
chr11:6600714	4_lc	5	0.5389404692365777	0.04575861025090397	0.5
chr11:6600714	3_ec	5	0.001217282207537246	0.008557936153068643	0.0
chr11:6600714	2_ad	5	0.0018694005668891016	0.010923682366506043	0.0
chr11:6600714	1_h	5	0.0028688631616818035	0.006356351560904846	0.0
chr11:7198314	4_lc	5	0.5384948872066255	0.04860367980643513	0.5
chr11:7198314	3_ec	5	0.0011428053656345597	0.001958659678304836	0.0
chr11:7198314	2_ad	5	0.001878540435481987	0.011717866835413367	0.0
chr11:7198314	1_h	5	0.002842057677678354	0.004297126918872788	0.0
chr11:9269151	4_lc	5	0.5395096966655278	0.04254781982965096	0.5
chr11:9269151	3_ec	5	0.0011468492582058063	0.0020152136097363743	0.0
chr11:9269151	2_ad	5	0.0018481433639728866	0.009259028462891283	0.0
chr11:9269151	1_h	5	0.002910309026889007	0.00995011021287169	0.0
chr11:9277013	4_lc	5	0.5388765744090633	0.04650395783535207	0.5
chr11:9277013	3_ec	5	0.0011788218932790692	0.005002911343840358	0.0
chr11:9277013	2_ad	5	0.001860719920209063	0.010205710003384941	0.0
chr11:9277013	1_h	5	0.0028738032685737013	0.006781352490547075	0.0
chr11:9293499	4_lc	5	0.5392984885017067	0.043604155875419236	0.5
chr11:9293499	3_ec	5	0.0011588494149356548	0.003162228421055645	0.0
chr11:9293499	2_ad	5	0.001878159496914126	0.011684893006440789	0.0
chr11:9293499	1_h	5	0.002821465583386985	0.003379890353035056	0.0
chr11:9293617	4_lc	5	0.5386327782637469	0.04811825138354155	0.5
chr11:9293617	3_ec	5	0.0012148822238526903	0.008146316321110377	0.0
chr11:9293617	2_ad	5	0.0018317604356568467	0.008254494871691569	0.0
chr11:9293617	1_h	5	0.0029021504112166094	0.00945799680319871	0.0
chr11:9294545	4_lc	5	0.5390484281724816	0.04513018784355189	0.5
chr11:9294545	3_ec	5	0.0011512738330905718	0.0024696642933507438	0.0
chr11:9294545	2_ad	5	0.0018679357052734877	0.010727572633619195	0.0
chr11:9294545	1_h	5	0.002897113179874974	0.008734801281404575	0.0
chr11:9294559	4_lc	5	0.5392888223797889	0.043856159530658086	0.5
chr11:9294559	3_ec	5	0.0011622729717458672	0.003427066840993077	0.0
chr11:9294559	2_ad	5	0.0018023798821237065	0.006865539209875463	0.0
chr11:9294559	1_h	5	0.0029040098819918376	0.009338692868215172	0.0
chr11:9294781	4_lc	5	0.5391510377343123	0.044928530394877056	0.5
chr11:9294781	3_ec	5	0.0011343073579649086	0.0017353444626426226	0.0
chr11:9294781	2_ad	5	0.0017815803899181766	0.006545076212484658	0.0
chr11:9294781	1_h	5	0.002904893963541987	0.009575332898624871	0.0
chr11:9297261	4_lc	5	0.5388496042116503	0.04624488989744997	0.5
chr11:9297261	3_ec	5	0.0011962414222395751	0.006493451715396516	0.0
chr11:9297261	2_ad	5	0.001879562131240361	0.011702682551148423	0.0
chr11:9297261	1_h	5	0.0028612190935631	0.005564776093874514	0.0
chr11:9298539	4_lc	5	0.5393644869847072	0.043563338192807034	0.5
chr11:9298539	3_ec	5	0.0011939072334066127	0.006284238311420426	0.0
chr11:9298539	2_ad	5	0.0018375928638967147	0.008587892852853555	0.0
chr11:9298539	1_h	5	0.002852445986379356	0.004878925201178093	0.0
chr11:9316166	4_lc	5	0.5356523124299226	0.06183500934808275	0.37192118226600984
chr11:9316166	3_ec	5	0.0012469730398099819	0.009815789706114889	0.0
chr11:9316166	2_ad	5	0.001799229623659101	0.006741433977537832	0.0
chr11:9316166	1_h	5	0.0029134476995566067	0.010105371813674543	0.0
chr11:9328117	4_lc	5	0.5394676317263162	0.04284756407409571	0.5
chr11:9328117	3_ec	5	0.0011932293065892228	0.006451475569967456	0.0
chr11:9328117	2_ad	5	0.0017994869410819223	0.006784263588507244	0.0
chr11:9328117	1_h	5	0.002818740761464438	0.0033314191407793417	0.0
chr11:9331615	4_lc	5	0.5388728043845749	0.04611594209105591	0.5
chr11:9331615	3_ec	5	0.001144811405894929	0.0020143477564351655	0.0
chr11:9331615	2_ad	5	0.001857929790634323	0.01005520998607985	0.0
chr11:9331615	1_h	5	0.002889130080501107	0.007968270395450396	0.0
chr11:9333176	4_lc	5	0.5197759186343764	0.10864513711690336	0.2537764350453172
chr11:9333176	3_ec	5	0.0012043309043483629	0.007278133166363978	0.0
chr11:9333176	2_ad	5	0.0018529648231185255	0.010448409895536984	0.0
chr11:9333176	1_h	5	0.0027996685222545586	0.005654735937988634	0.0
chr11:9333292	4_lc	5	0.5388458952184506	0.046348767442276624	0.5
chr11:9333292	3_ec	5	0.001206678540389622	0.007649948034975319	0.0
chr11:9333292	2_ad	5	0.001844106224166859	0.009038133797474075	0.0
chr11:9333292	1_h	5	0.0029122033422911936	0.010000798208288383	0.0
chr11:9354911	4_lc	5	0.5384612875713574	0.04816720452528953	0.5
chr11:9354911	3_ec	5	0.0011928803998928418	0.006257441965121864	0.0
chr11:9354911	2_ad	5	0.0018247281852282846	0.007798318714465399	0.0
chr11:9354911	1_h	5	0.0028401291320201793	0.004176995293985788	0.0
chr11:9434299	4_lc	5	0.5385392945657594	0.04802534776603955	0.5
chr11:9434299	3_ec	5	0.0011422659254190174	0.0020115665333098097	0.0
chr11:9434299	2_ad	5	0.0018230804046038608	0.007814189385639159	0.0
chr11:9434299	1_h	5	0.002906339762344876	0.009775810350865305	0.0
chr11:9465004	4_lc	5	0.5388517101589397	0.04623584947449124	0.5
chr11:9465004	3_ec	5	0.0011794262383663255	0.005032514835511521	0.0
chr11:9465004	2_ad	5	0.001827304802752241	0.007982922894035528	0.0
chr11:9465004	1_h	5	0.0028418002467760777	0.004206073810145611	0.0
chr11:9466465	4_lc	5	0.5392411942566542	0.043994986703212065	0.5
chr11:9466465	3_ec	5	0.0011535545950171625	0.002790245851981198	0.0
chr11:9466465	2_ad	5	0.0018626525806357747	0.010478121281970081	0.0
chr11:9466465	1_h	5	0.0029034640353894294	0.009335259701164108	0.0
chr13:49661807	4_lc	3	0.002643920311837907	0.002988418427503497	0.0
chr13:49661807	3_ec	3	0.5387834481353933	0.05671034121448265	0.5
chr13:49661807	2_ad	3	0.0026016465334473076	0.0059594856841225724	0.0
chr13:49661807	1_h	3	0.003029852135652227	0.011301547111308397	0.0
chr13:53117204	4_lc	1	0.5580545849816081	0.06929936948502247	0.5
chr13:53117204	3_ec	1	0.5579066761598854	0.07807598841167687	0.5
chr13:53117204	2_ad	1	0.5507919250208871	0.05719722662629147	0.5
chr13:53117204	1_h	1	0.5429304576525118	0.05885393886060806	0.3089430894308943
chr13:64921972	4_lc	3	0.0026545785509857283	0.004383903124644979	0.0
chr13:64921972	3_ec	3	0.5378461044176795	0.06136021734279057	0.5
chr13:64921972	2_ad	3	0.0026147920617842334	0.00791688544667547	0.0
chr13:64921972	1_h	3	0.0029850992986740605	0.00866364824410548	0.0
chr14:19789772	4_lc	2	0.0006035543848540205	0.004068933667533071	0.0
chr14:19789772	3_ec	2	0.0018173045386587995	0.009264551168148472	0.0
chr14:19789772	2_ad	2	0.5372766285810979	0.040088395056821345	0.5
chr14:19789772	1_h	2	0.0025457716911651642	0.005824074095056083	0.0
chr14:20448589	4_lc	2	0.0007671303447456826	0.009561971037891944	0.0
chr14:20448589	3_ec	2	0.001421291242428383	0.0034615166605895514	0.0
chr14:20448589	2_ad	2	0.534411497358717	0.05441616097198747	0.3855421686746988
chr14:20448589	1_h	2	0.0025780034962446267	0.002460980219566714	0.0
chr14:20464940	4_lc	2	0.000658780285487001	0.007950610582418142	0.0
chr14:20464940	3_ec	2	0.0017911908606383872	0.007458499406951053	0.0
chr14:20464940	2_ad	2	0.5369764852867096	0.04128222073321474	0.5
chr14:20464940	1_h	2	0.0025350482606740733	0.004732447065412992	0.0
chr14:20686566	4_lc	2	0.0006047962775412327	0.004074986134947595	0.0
chr14:20686566	3_ec	2	0.001780673158915937	0.0065968454737630605	0.0
chr14:20686566	2_ad	2	0.536931681789966	0.04102830297517702	0.5
chr14:20686566	1_h	2	0.002506184535035386	0.00235958322389775	0.0
chr14:20730049	4_lc	2	0.0006638980823366356	0.008420727049367888	0.0
chr14:20730049	3_ec	2	0.001802991186686069	0.007929490495892557	0.0
chr14:20730049	2_ad	2	0.5367797522614534	0.04258787193327935	0.5
chr14:20730049	1_h	2	0.002501112694097683	0.00225226948143803	0.0
chr14:21668351	4_lc	2	0.0006503172919841048	0.0072289247366524945	0.0
chr14:21668351	3_ec	2	0.0018063524689720012	0.008253748348555653	0.0
chr14:21668351	2_ad	2	0.5371247784057909	0.04041895954428388	0.5
chr14:21668351	1_h	2	0.0024928220692670235	0.0020919447062152444	0.0
chr14:21669506	4_lc	2	0.0006864874652547375	0.010498844215409218	0.0
chr14:21669506	3_ec	2	0.0018132685209901844	0.008861650227172642	0.0
chr14:21669506	2_ad	2	0.537008682262056	0.04130746485094868	0.5
chr14:21669506	1_h	2	0.002575317583484988	0.00849019238211463	0.0
chr14:21780153	4_lc	2	0.0006740193659808034	0.009230039929660512	0.0
chr14:21780153	3_ec	2	0.0017590131107946376	0.004769916295613509	0.0
chr14:21780153	2_ad	2	0.5370866027216644	0.040651045024544995	0.5
chr14:21780153	1_h	2	0.0025326375776869195	0.004473495871970174	0.0
chr14:26665940	4_lc	2	0.000614522627147838	0.006274122607263923	0.0
chr14:26665940	3_ec	2	0.0015770013909364152	0.0034947720921277717	0.0
chr14:26665940	2_ad	2	0.5181046099073402	0.10299179018392264	0.24324324324324326
chr14:26665940	1_h	2	0.002546651212156113	0.006140942602136975	0.0
chr14:26669243	4_lc	2	0.0006396351910351342	0.005193105546009884	0.0
chr14:26669243	3_ec	2	0.0015541398804743707	0.003007563970922697	0.0
chr14:26669243	2_ad	2	0.5356413034887435	0.046425402006257444	0.4420131291028446
chr14:26669243	1_h	2	0.0025835260909861757	0.004997388795424721	0.0
chr14:26911851	4_lc	2	0.0006524301421498239	0.007557092255208512	0.0
chr14:26911851	3_ec	2	0.0017684685417871378	0.005373607278682114	0.0
chr14:26911851	2_ad	2	0.5374500609765711	0.03812559528248414	0.5
chr14:26911851	1_h	2	0.0025291681672560116	0.0040957190927093335	0.0
chr14:27000870	4_lc	2	0.0006171388286365739	0.004666981376520879	0.0
chr14:27000870	3_ec	2	0.0017539463082487839	0.004548651270621995	0.0
chr14:27000870	2_ad	2	0.5370026747725385	0.04168148083963135	0.5
chr14:27000870	1_h	2	0.0025740195213720314	0.00860277427356428	0.0
chr14:27001378	4_lc	2	0.0006839478033147202	0.009444810402064628	0.0
chr14:27001378	3_ec	2	0.0018264271581642756	0.010506165199278793	0.0
chr14:27001378	2_ad	2	0.537483468084502	0.0373803350659323	0.5
chr14:27001378	1_h	2	0.0025737391515825753	0.007810901215196211	0.0
chr14:27002073	4_lc	2	0.0006402353280567807	0.006225194759738966	0.0
chr14:27002073	3_ec	2	0.0016560353853479115	0.004074923141621857	0.0
chr14:27002073	2_ad	2	0.5364452910956242	0.04231616177666773	0.44924406047516197
chr14:27002073	1_h	2	0.0025609853248931246	0.004611565575264462	0.0
chr14:27101312	4_lc	2	0.0006005628673716434	0.003946583861032585	0.0
chr14:27101312	3_ec	2	0.0017466939034887442	0.004341588475047503	0.0
chr14:27101312	2_ad	2	0.5369112644577146	0.04162695192835105	0.5
chr14:27101312	1_h	2	0.0025724477346506	0.00820416799873584	0.0
chr14:28475705	4_lc	0	0.0005614461550457226	0.0029488517690210592	0.0
chr14:28475705	3_ec	0	0.0007848267961515999	0.005275172119724287	0.0
chr14:28475705	2_ad	0	0.0009908084896721103	0.006050679955003087	0.0
chr14:28475705	1_h	0	0.0006963197900548782	0.008584953207960964	0.0
chr14:30031171	4_lc	0	0.0008209560766066893	0.011478134445882483	0.0
chr14:30031171	3_ec	0	0.0007457149882246167	0.0027005486678798795	0.0
chr14:30031171	2_ad	0	0.0010205692568389078	0.006734458807225915	0.0
chr14:30031171	1_h	0	0.0009637645799793408	0.013574036783803136	0.0
chr14:30031206	4_lc	0	0.000752284816369015	0.011349098593702957	0.0
chr14:30031206	3_ec	0	0.0008696678899968395	0.010891237634531217	0.0
chr14:30031206	2_ad	0	0.0010669842992249194	0.009251600761858682	0.0
chr14:30031206	1_h	0	0.0008495428230089415	0.011584611962283347	0.0
chr14:30896582	4_lc	0	0.0006803518509962205	0.009523846528791412	0.0
chr14:30896582	3_ec	0	0.0008322095690075115	0.009753856792220822	0.0
chr14:30896582	2_ad	0	0.0010786517606685409	0.010855416954772403	0.0
chr14:30896582	1_h	0	0.0006362117382043319	0.008480850857729668	0.0
chr14:30911944	4_lc	0	0.0007498987522500661	0.010201949634383754	0.0
chr14:30911944	3_ec	0	0.0008286611232550005	0.0070039781702249835	0.0
chr14:30911944	2_ad	0	0.0009691167197582886	0.004193517588743948	0.0
chr14:30911944	1_h	0	0.0007028240436000002	0.008896967320643762	0.0
chr14:30923467	4_lc	0	0.0005675640151841931	0.0031326794671577454	0.0
chr14:30923467	3_ec	0	0.0007693486940478994	0.003874052247561425	0.0
chr14:30923467	2_ad	0	0.0010736292013301901	0.00862382664104632	0.0
chr14:30923467	1_h	0	0.0007755082718799763	0.011935451828989897	0.0
chr14:30937015	4_lc	0	0.0006735938795162024	0.008912800096038178	0.0
chr14:30937015	3_ec	0	0.0007557876140577065	0.002944964971841017	0.0
chr14:30937015	2_ad	0	0.00103969794338406	0.007805052465078285	0.0
chr14:30937015	1_h	0	0.0006765292095722088	0.009192059697410842	0.0
chr14:51455971	4_lc	0	0.00064976966982122	0.00996336287337842	0.0
chr14:51455971	3_ec	0	0.0008050550509652392	0.007059593251828648	0.0
chr14:51455971	2_ad	0	0.0010557218527261537	0.008894776542888646	0.0
chr14:51455971	1_h	0	0.0006564836045149607	0.007622435987955099	0.0
chr14:51457493	4_lc	0	0.000648466428276939	0.007260924298905136	0.0
chr14:51457493	3_ec	0	0.0007613166999098037	0.003339551992213032	0.0
chr14:51457493	2_ad	0	0.0010344679752829211	0.007419772069638892	0.0
chr14:51457493	1_h	0	0.0006451471049347755	0.009371009461228912	0.0
chr14:7090770	4_lc	0	0.0006542889112179922	0.007532300517647963	0.0
chr14:7090770	3_ec	0	0.0008106567645284917	0.007615879707511158	0.0
chr14:7090770	2_ad	0	0.0010586489376515158	0.009109810738051184	0.0
chr14:7090770	1_h	0	0.0009585011204528067	0.013642637028307881	0.0
chr14:7884732	4_lc	2	0.0006388437075393152	0.006174037349727878	0.0
chr14:7884732	3_ec	2	0.0018236961697279323	0.009663496834280248	0.0
chr14:7884732	2_ad	2	0.5370759309439624	0.040934026306165154	0.5
chr14:7884732	1_h	2	0.0025008067791661174	0.002172221454237116	0.0
chr14:7984145	4_lc	2	0.0006324813950045026	0.00575528648126966	0.0
chr14:7984145	3_ec	2	0.0018000307560912321	0.00796133651627049	0.0
chr14:7984145	2_ad	2	0.5370822858891307	0.0405493982990916	0.5
chr14:7984145	1_h	2	0.0025375005143353706	0.004787205263456586	0.0
chr14:8164022	4_lc	2	0.0006235151579610115	0.0051456743112844195	0.0
chr14:8164022	3_ec	2	0.0018152344084482912	0.008992523900843164	0.0
chr14:8164022	2_ad	2	0.5372024630910508	0.04026028825236439	0.5
chr14:8164022	1_h	2	0.002503611849682921	0.002373684901338423	0.0
chr15:77638007	4_lc	2	0.007365960357193628	0.027707584503135246	0.0
chr15:77638007	3_ec	2	0.00807310091474052	0.028245370028717496	0.0
chr15:77638007	2_ad	2	0.4019485811637816	0.26100571937974243	0.5
chr15:77638007	1_h	2	0.20933002845426582	0.27115353832754974	0.5
chr15:91909288	4_lc	0	0.0006508341043860837	0.009749479944013772	0.0
chr15:91909288	3_ec	0	0.0007611582873786062	0.003517105329997111	0.0
chr15:91909288	2_ad	0	0.0015599309761918268	0.01873871897201729	0.0
chr15:91909288	1_h	0	0.0008125689291571136	0.012086446397054983	0.0
chr16:20683460	4_lc	0	0.0006541474055018109	0.007606701742877191	0.0
chr16:20683460	3_ec	0	0.0007911052863307365	0.005779006544811806	0.0
chr16:20683460	2_ad	0	0.001073596897832714	0.010215894721052592	0.0
chr16:20683460	1_h	0	0.0006482417866315125	0.006192161106215181	0.0
chr16:29248140	4_lc	2	0.0006864282215412812	0.010433488398207265	0.0
chr16:29248140	3_ec	2	0.001828356071699437	0.010142458856909925	0.0
chr16:29248140	2_ad	2	0.5368934125159232	0.04201908753608586	0.5
chr16:29248140	1_h	2	0.0025538610937695413	0.006302008857116723	0.0
chr16:29421734	4_lc	2	0.0007039407251043433	0.007809360951412546	0.0
chr16:29421734	3_ec	2	0.0014856363554802286	0.009689099659689487	0.0
chr16:29421734	2_ad	2	0.5330430922456175	0.060831930763383446	0.3609022556390977
chr16:29421734	1_h	2	0.002604855802400058	0.0048844791222306	0.0
chr16:30309050	4_lc	2	0.0006861996357731274	0.010456234881010319	0.0
chr16:30309050	3_ec	2	0.0018280288371704718	0.010127070035050933	0.0
chr16:30309050	2_ad	2	0.537065066838688	0.04154675280329226	0.5
chr16:30309050	1_h	2	0.002590601598073772	0.010012152059357415	0.0
chr16:30343647	4_lc	2	0.0006268953329250663	0.005380520732150789	0.0
chr16:30343647	3_ec	2	0.00178185241373656	0.00627659307051998	0.0
chr16:30343647	2_ad	2	0.5370385583415729	0.0409869461270041	0.5
chr16:30343647	1_h	2	0.002586729603967779	0.009502200932938189	0.0
chr16:30344539	4_lc	2	0.0005948901273730627	0.003997993569088064	0.0
chr16:30344539	3_ec	2	0.0017199785887733218	0.004828545576792062	0.0
chr16:30344539	2_ad	2	0.5357999066333775	0.0474088610209123	0.4631578947368421
chr16:30344539	1_h	2	0.002566116277322926	0.006638739603670966	0.0
chr16:31456705	4_lc	2	0.0006552292882289693	0.0076530070917067315	0.0
chr16:31456705	3_ec	2	0.0017539374034061484	0.004585658766185535	0.0
chr16:31456705	2_ad	2	0.5369828188098345	0.04121937237174514	0.5
chr16:31456705	1_h	2	0.002534444126956617	0.004618796908194072	0.0
chr16:32407881	4_lc	2	0.0006358607640219152	0.006029083330673871	0.0
chr16:32407881	3_ec	2	0.001794408665064007	0.0076496351783699795	0.0
chr16:32407881	2_ad	2	0.5373536166453711	0.03876627194082389	0.5
chr16:32407881	1_h	2	0.0025204172597339584	0.0031565751044129184	0.0
chr16:32499104	4_lc	2	0.0005994054550923724	0.003884130873006626	0.0
chr16:32499104	3_ec	2	0.0017820109147752762	0.006237901293870548	0.0
chr16:32499104	2_ad	2	0.5373083821505257	0.039109557492370786	0.5
chr16:32499104	1_h	2	0.002503279835720069	0.002347653423656105	0.0
chr16:32680733	4_lc	2	0.0006370115513065889	0.0038824358481341407	0.0
chr16:32680733	3_ec	2	0.001488494021588327	0.009805592696026325	0.0
chr16:32680733	2_ad	2	0.5338014603453204	0.05712641326051892	0.38995215311004783
chr16:32680733	1_h	2	0.0026134547936499976	0.004572251784794218	0.0
chr16:32750328	4_lc	2	0.0006602499501991055	0.008185655857807915	0.0
chr16:32750328	3_ec	2	0.0018125804733971893	0.008816685459453237	0.0
chr16:32750328	2_ad	2	0.5369532070609923	0.041539144592183164	0.5
chr16:32750328	1_h	2	0.0025463864010001154	0.005756537712633371	0.0
chr16:32751142	4_lc	2	0.0005979572007211879	0.003857045561331248	0.0
chr16:32751142	3_ec	2	0.001759305470372407	0.004997117516770006	0.0
chr16:32751142	2_ad	2	0.5367686102058682	0.04254258443780731	0.5
chr16:32751142	1_h	2	0.0025623755937333632	0.006969882734330094	0.0
chr16:32751208	4_lc	2	0.0005928715471208202	0.003782543965125241	0.0
chr16:32751208	3_ec	2	0.0017692313885359478	0.00540298346921864	0.0
chr16:32751208	2_ad	2	0.537292639423331	0.03955877115407853	0.5
chr16:32751208	1_h	2	0.00249539842592549	0.0021062473014731146	0.0
chr16:32751613	4_lc	2	0.0006100281351927137	0.004332333867450052	0.0
chr16:32751613	3_ec	2	0.0017666542769625934	0.005221167604165448	0.0
chr16:32751613	2_ad	2	0.5370911874413582	0.041064833334256236	0.5
chr16:32751613	1_h	2	0.002565772961947495	0.007527295587466626	0.0
chr16:32751763	4_lc	2	0.0006660697848726581	0.0083947002126913	0.0
chr16:32751763	3_ec	2	0.0017716648667501457	0.005229477227823411	0.0
chr16:32751763	2_ad	2	0.537046682511722	0.04149230888889952	0.5
chr16:32751763	1_h	2	0.0025436080924884953	0.005153683725793584	0.0
chr16:32751915	4_lc	2	0.0006078943483263363	0.004214886905843852	0.0
chr16:32751915	3_ec	2	0.0018270281079190152	0.010055938544764956	0.0
chr16:32751915	2_ad	2	0.5372045663518871	0.04027184023337312	0.5
chr16:32751915	1_h	2	0.0025585853367795365	0.006842672279840196	0.0
chr16:32752096	4_lc	2	0.0006184675699844371	0.004806434563685916	0.0
chr16:32752096	3_ec	2	0.0017384591948286432	0.0042179158894735036	0.0
chr16:32752096	2_ad	2	0.5368601151810556	0.04233406347027857	0.5
chr16:32752096	1_h	2	0.0025814459304038598	0.009349971602034626	0.0
chr16:32752533	4_lc	0	0.0007066179481554234	0.011193738887357144	0.0
chr16:32752533	3_ec	0	0.0007588068305521695	0.0031487821582702065	0.0
chr16:32752533	2_ad	0	0.0011072912666539826	0.010319304120508323	0.0
chr16:32752533	1_h	0	0.0007747149619014468	0.011904976824940641	0.0
chr16:32752594	4_lc	2	0.0006649669888563627	0.004326946509877285	0.0
chr16:32752594	3_ec	2	0.00142636651022281	0.0033249363318985895	0.0
chr16:32752594	2_ad	2	0.5344021325363406	0.054502969317530084	0.3795620437956204
chr16:32752594	1_h	2	0.0026283603587165996	0.0057608748530651056	0.0
chr16:32752726	4_lc	2	0.0006672103866674967	0.008610985742186779	0.0
chr16:32752726	3_ec	2	0.0017568306821344748	0.004669745276863569	0.0
chr16:32752726	2_ad	2	0.5371884149553398	0.040295919488319475	0.5
chr16:32752726	1_h	2	0.002500355574846734	0.002274025246429211	0.0
chr16:32752738	4_lc	2	0.0006323897305792843	0.005708630552722693	0.0
chr16:32752738	3_ec	2	0.0017587215756319982	0.00479668711877404	0.0
chr16:32752738	2_ad	2	0.5367343183193505	0.04295144325452029	0.49803149606299213
chr16:32752738	1_h	2	0.002537022340246372	0.00511017210664155	0.0
chr16:32752970	4_lc	2	0.000626101619790175	0.005488721096098946	0.0
chr16:32752970	3_ec	2	0.0018125754919764933	0.008953548526132815	0.0
chr16:32752970	2_ad	2	0.5371597840218305	0.04039690430674904	0.5
chr16:32752970	1_h	2	0.0025273978157582676	0.004046780311068517	0.0
chr16:32753063	4_lc	0	0.0006237050406336013	0.007451462130153658	0.0
chr16:32753063	3_ec	0	0.0009429349365041034	0.01268248319246236	0.0
chr16:32753063	2_ad	0	0.0010033575444094187	0.005869441261122046	0.0
chr16:32753063	1_h	0	0.0006427689788273523	0.006435122400609776	0.0
chr16:32753466	4_lc	2	0.0006533747278577089	0.004570211977105698	0.0
chr16:32753466	3_ec	2	0.0014501425045613803	0.003966981339779678	0.0
chr16:32753466	2_ad	2	0.5351273512335629	0.050508631482493835	0.4069767441860465
chr16:32753466	1_h	2	0.002608743056434664	0.005630078727073768	0.0
chr16:32753726	4_lc	0	0.0006073591415983626	0.005506571530401857	0.0
chr16:32753726	3_ec	0	0.0008858995563019303	0.008598511916807557	0.0
chr16:32753726	2_ad	0	0.001035566661684105	0.01012499062395983	0.0
chr16:32753726	1_h	0	0.0011412394573699464	0.01646726018097968	0.0
chr16:32754580	4_lc	2	0.0005889286080030491	0.0037548414784824794	0.0
chr16:32754580	3_ec	2	0.0017851851192469145	0.006668999678125527	0.0
chr16:32754580	2_ad	2	0.5369804530657445	0.04209816171531825	0.5
chr16:32754580	1_h	2	0.0025814827429201962	0.009057166052299661	0.0
chr16:32754794	4_lc	2	0.0006559817600767193	0.007607877362209324	0.0
chr16:32754794	3_ec	2	0.0017517848327675367	0.004681379984455474	0.0
chr16:32754794	2_ad	2	0.5366335095072085	0.043395066902167115	0.5
chr16:32754794	1_h	2	0.0025380659271732864	0.0047378176823323105	0.0
chr16:32755039	4_lc	0	0.0005681984236308703	0.003166483500232199	0.0
chr16:32755039	3_ec	0	0.0008312691057749612	0.009563845240181005	0.0
chr16:32755039	2_ad	0	0.0010066942163919602	0.007463330488088173	0.0
chr16:32755039	1_h	0	0.0007727118279037961	0.00996336314303618	0.0
chr16:32755337	4_lc	2	0.0006821201002942453	0.010072769082960701	0.0
chr16:32755337	3_ec	2	0.0017584317337627426	0.004788034985785436	0.0
chr16:32755337	2_ad	2	0.536940607099335	0.04156120625879148	0.5
chr16:32755337	1_h	2	0.002569939708418893	0.00824207354686603	0.0
chr16:32755474	4_lc	2	0.0005994972009899017	0.003957006190741979	0.0
chr16:32755474	3_ec	2	0.0017586544962160727	0.0048637753353263586	0.0
chr16:32755474	2_ad	2	0.5371334010392155	0.04023044816139995	0.5
chr16:32755474	1_h	2	0.0025148285200749035	0.0029785398180446304	0.0
chr16:32755886	4_lc	2	0.0006739609302095999	0.0051510898054619725	0.0
chr16:32755886	3_ec	2	0.0014508813721648914	0.005400890407479046	0.0
chr16:32755886	2_ad	2	0.5347954086419376	0.05255768485391774	0.39858490566037735
chr16:32755886	1_h	2	0.0026461013982963092	0.008978266942938972	0.0
chr16:32755889	4_lc	2	0.0007234185108704935	0.009061582130139075	0.0
chr16:32755889	3_ec	2	0.0014889816914398987	0.008783531043749593	0.0
chr16:32755889	2_ad	2	0.5354173382533358	0.0500245866244216	0.39858490566037735
chr16:32755889	1_h	2	0.0026141527186497003	0.005463171338939514	0.0
chr16:32756140	4_lc	2	0.0006571072294245404	0.007038528593940718	0.0
chr16:32756140	3_ec	2	0.0017866148671540963	0.007652557567143163	0.0
chr16:32756140	2_ad	2	0.5366807843772232	0.043002306768842875	0.49203187250996017
chr16:32756140	1_h	2	0.0025418926504941135	0.00477027192935843	0.0
chr16:32756159	4_lc	2	0.0006046142484768841	0.004075785433524618	0.0
chr16:32756159	3_ec	2	0.001819029476607991	0.009858951679472207	0.0
chr16:32756159	2_ad	2	0.5372257005848234	0.04000335706689898	0.5
chr16:32756159	1_h	2	0.002566873671066314	0.007460324742152919	0.0
chr16:32756326	4_lc	2	0.0006887860604827265	0.010649856234110043	0.0
chr16:32756326	3_ec	2	0.0017922947379392937	0.007331174493762288	0.0
chr16:32756326	2_ad	2	0.5367668041264358	0.043126719072395306	0.5
chr16:32756326	1_h	2	0.002515562983912773	0.0031448218703711167	0.0
chr16:32756497	4_lc	2	0.0006050973097087627	0.004057488412110415	0.0
chr16:32756497	3_ec	2	0.0017553264218526734	0.0046482228448173225	0.0
chr16:32756497	2_ad	2	0.5370256775823092	0.040928771802188284	0.5
chr16:32756497	1_h	2	0.00253697345254904	0.004936029621029242	0.0
chr16:32756645	4_lc	2	0.0005884846518288946	0.0046253048399457625	0.0
chr16:32756645	3_ec	2	0.0016177594415657272	0.006753784787402996	0.0
chr16:32756645	2_ad	2	0.5282491189549609	0.07481791810823576	0.30327868852459017
chr16:32756645	1_h	2	0.002548813962666541	0.004919205048714181	0.0
chr16:32757383	4_lc	2	0.0005998143915673885	0.003935462184329	0.0
chr16:32757383	3_ec	2	0.001787656908325749	0.006659128217112112	0.0
chr16:32757383	2_ad	2	0.5374860861470243	0.03859007910918315	0.5
chr16:32757383	1_h	2	0.002554142025393614	0.0064342648259249355	0.0
chr16:32757446	4_lc	2	0.0006152624613796069	0.0045839859135873885	0.0
chr16:32757446	3_ec	2	0.001817165261946974	0.009445693190445375	0.0
chr16:32757446	2_ad	2	0.5367800278763627	0.042487295342648584	0.5
chr16:32757446	1_h	2	0.002527006925953337	0.003961470037298939	0.0
chr16:32761263	4_lc	2	0.0006588302222404929	0.007792773696657744	0.0
chr16:32761263	3_ec	2	0.0017390046190742443	0.004221913695251799	0.0
chr16:32761263	2_ad	2	0.5370600241399175	0.04062312854873505	0.5
chr16:32761263	1_h	2	0.002586708164575438	0.009559944293158523	0.0
chr16:32762503	4_lc	2	0.0006193163719670567	0.004826455900392905	0.0
chr16:32762503	3_ec	2	0.0017971763901695895	0.007624809854289511	0.0
chr16:32762503	2_ad	2	0.5370489743691549	0.04064434383296822	0.5
chr16:32762503	1_h	2	0.0025909726196197587	0.009710346766413433	0.0
chr16:32765753	4_lc	2	0.0006107672333618851	0.0043286628638994785	0.0
chr16:32765753	3_ec	2	0.0017853556731153922	0.006855079908739393	0.0
chr16:32765753	2_ad	2	0.5368863582412967	0.04165694001349345	0.5
chr16:32765753	1_h	2	0.002552457285472642	0.006037248487638291	0.0
chr16:32775777	4_lc	2	0.0006870726365969146	0.010467637733810306	0.0
chr16:32775777	3_ec	2	0.001803864257350395	0.008018113823708796	0.0
chr16:32775777	2_ad	2	0.5371111368677278	0.04052384995216807	0.5
chr16:32775777	1_h	2	0.0025514819612536665	0.006260429960870902	0.0
chr16:32775807	4_lc	2	0.0006510679577284714	0.00724346723482992	0.0
chr16:32775807	3_ec	2	0.001746277453410029	0.004403788010927773	0.0
chr16:32775807	2_ad	2	0.5373331379609809	0.03914286415986993	0.5
chr16:32775807	1_h	2	0.0025442720081267573	0.0054194240943537956	0.0
chr16:32776822	4_lc	2	0.000639951191328021	0.00388456751771325	0.0
chr16:32776822	3_ec	2	0.0014176523311789542	0.003171575718108858	0.0
chr16:32776822	2_ad	2	0.5331326010799635	0.060623296244616445	0.37192118226600984
chr16:32776822	1_h	2	0.002642859618565571	0.008453151889720753	0.0
chr16:32776958	4_lc	2	0.0006200114728610675	0.007081717901664297	0.0
chr16:32776958	3_ec	2	0.0016330202426370853	0.0066490009815662904	0.0
chr16:32776958	2_ad	2	0.5178931479859469	0.1034345959749346	0.24778761061946902
chr16:32776958	1_h	2	0.0025503734057095006	0.00870684679946483	0.0
chr16:32778755	4_lc	2	0.0006444085703584402	0.006775331758561755	0.0
chr16:32778755	3_ec	2	0.0017643407585928102	0.005095776936103184	0.0
chr16:32778755	2_ad	2	0.5372101467101693	0.03980254896319006	0.5
chr16:32778755	1_h	2	0.0025827244611069324	0.009261475462115469	0.0
chr16:32779125	4_lc	2	0.0005942362709976589	0.003785043792221654	0.0
chr16:32779125	3_ec	2	0.001787857333478463	0.006884666627057007	0.0
chr16:32779125	2_ad	2	0.5368256733265284	0.04225827722761947	0.5
chr16:32779125	1_h	2	0.0025037941823311686	0.0024210683907418145	0.0
chr16:32781840	4_lc	2	0.0006737646104638257	0.00944774609124258	0.0
chr16:32781840	3_ec	2	0.0018017980015220083	0.00791644150955831	0.0
chr16:32781840	2_ad	2	0.5374162782504562	0.03887085678243887	0.5
chr16:32781840	1_h	2	0.002540508592231442	0.005165812749412739	0.0
chr16:32781848	4_lc	2	0.0006403846100039878	0.006418402184665875	0.0
chr16:32781848	3_ec	2	0.0017824225802050922	0.006313477778010218	0.0
chr16:32781848	2_ad	2	0.5371481418898643	0.0401918640154841	0.5
chr16:32781848	1_h	2	0.0024959125523181477	0.0021132022757477968	0.0
chr16:32793481	4_lc	2	0.0006063919659975334	0.004092542478947294	0.0
chr16:32793481	3_ec	2	0.0018194490379636519	0.009808593865755295	0.0
chr16:32793481	2_ad	2	0.5363830987260236	0.04442651769071614	0.5
chr16:32793481	1_h	2	0.0025624459311887177	0.006828005535752813	0.0
chr16:32793834	4_lc	2	0.0006011329424441841	0.003969008717242483	0.0
chr16:32793834	3_ec	2	0.0017404768742130417	0.004238979363337751	0.0
chr16:32793834	2_ad	2	0.5368563779877586	0.04228438749771934	0.5
chr16:32793834	1_h	2	0.002523106095903482	0.003681279479134421	0.0
chr16:32793885	4_lc	2	0.0006146364987349786	0.004585798842636896	0.0
chr16:32793885	3_ec	2	0.0018121361385995893	0.008700739525084487	0.0
chr16:32793885	2_ad	2	0.5372343454418088	0.03955788561734939	0.5
chr16:32793885	1_h	2	0.002561143167995467	0.0070967156779538545	0.0
chr16:32794021	4_lc	2	0.00066944908881846	0.008832492673412327	0.0
chr16:32794021	3_ec	2	0.001804104075564086	0.008125708120949851	0.0
chr16:32794021	2_ad	2	0.5370254478518411	0.04092858379055706	0.5
chr16:32794021	1_h	2	0.002536945241847181	0.004914374141410504	0.0
chr16:32794410	4_lc	2	0.0006052582973528896	0.004125718881500574	0.0
chr16:32794410	3_ec	2	0.001745446829814597	0.004321125952298238	0.0
chr16:32794410	2_ad	2	0.5370809917378606	0.040892916916632986	0.5
chr16:32794410	1_h	2	0.0024941092761130257	0.002105603394774893	0.0
chr16:32794711	4_lc	2	0.0006498261288610603	0.007222724396570365	0.0
chr16:32794711	3_ec	2	0.001737340552731011	0.004209436393852749	0.0
chr16:32794711	2_ad	2	0.5371535825897576	0.040668350133096366	0.5
chr16:32794711	1_h	2	0.002527953400201424	0.004084896762504268	0.0
chr16:33045676	4_lc	2	0.0006372825471131739	0.00910990762499959	0.0
chr16:33045676	3_ec	2	0.0016010223625016614	0.003484419848424873	0.0
chr16:33045676	2_ad	2	0.5280523330716281	0.07529452790431941	0.30327868852459017
chr16:33045676	1_h	2	0.0025465136675891704	0.005409963662947018	0.0
chr16:35628039	4_lc	2	0.0006044349567125091	0.004028331392494834	0.0
chr16:35628039	3_ec	2	0.0017399815864196139	0.004221220770172603	0.0
chr16:35628039	2_ad	2	0.5369915652251696	0.041305726543400624	0.5
chr16:35628039	1_h	2	0.0025706616661211805	0.008177398390655455	0.0
chr16:35817267	4_lc	2	0.0006466191435750683	0.006877423092259077	0.0
chr16:35817267	3_ec	2	0.001822140149273313	0.009485058102846427	0.0
chr16:35817267	2_ad	2	0.5369377748707128	0.042052645011277166	0.5
chr16:35817267	1_h	2	0.0025918256462766527	0.010111608375370654	0.0
chr16:35825088	4_lc	2	0.0006324733637665168	0.005800085171549221	0.0
chr16:35825088	3_ec	2	0.0017396355777040803	0.0042280543188552375	0.0
chr16:35825088	2_ad	2	0.5372911899608036	0.039266422271754045	0.5
chr16:35825088	1_h	2	0.002496564176546163	0.0021032153133791988	0.0
chr16:35840750	4_lc	2	0.0006748202165522795	0.00930289789387654	0.0
chr16:35840750	3_ec	2	0.0017639644411546168	0.005011950728961566	0.0
chr16:35840750	2_ad	2	0.5372043196404486	0.039914810818476254	0.5
chr16:35840750	1_h	2	0.0025479061880607965	0.005892874490627691	0.0
chr16:36280539	4_lc	2	0.0006403569140047472	0.006405620945191406	0.0
chr16:36280539	3_ec	2	0.001791706291460625	0.007040046458762286	0.0
chr16:36280539	2_ad	2	0.5370760616631375	0.04099255183058309	0.5
chr16:36280539	1_h	2	0.0025454252101966674	0.0055627994632228535	0.0
chr16:36772445	4_lc	3	0.0026253517655792373	0.0027861012975276883	0.0
chr16:36772445	3_ec	3	0.53793780936424	0.06092737975298469	0.5
chr16:36772445	2_ad	3	0.002625269846229632	0.008476155825046046	0.0
chr16:36772445	1_h	3	0.003013306290755765	0.010567592690713324	0.0
chr16:37997964	4_lc	0	0.0006304248944430952	0.00629628686841741	0.0
chr16:37997964	3_ec	0	0.0007959492926875541	0.006297251359612951	0.0
chr16:37997964	2_ad	0	0.001051172648898036	0.008107222385431987	0.0
chr16:37997964	1_h	0	0.000676957386242455	0.009352746295135916	0.0
chr16:38004874	4_lc	0	0.000637335309707456	0.006799346884589587	0.0
chr16:38004874	3_ec	0	0.0008203088899659507	0.008606474855524656	0.0
chr16:38004874	2_ad	0	0.0010645789380493652	0.00954891264864947	0.0
chr16:38004874	1_h	0	0.0006057247698669266	0.005472128405810505	0.0
chr16:38005128	4_lc	0	0.000651003279255503	0.007492206162725895	0.0
chr16:38005128	3_ec	0	0.000823005791852669	0.00884985790577658	0.0
chr16:38005128	2_ad	0	0.0009397082450722312	0.002552048177168711	0.0
chr16:38005128	1_h	0	0.0006856583353810949	0.009864265147649636	0.0
chr16:38005139	4_lc	0	0.0006853166505417284	0.008892529542095063	0.0
chr16:38005139	3_ec	0	0.0007306452661751009	0.00164383337124448	0.0
chr16:38005139	2_ad	0	0.0012360536128514777	0.013507524966776025	0.0
chr16:38005139	1_h	0	0.0006428790533453269	0.008478546915183674	0.0
chr16:38005283	4_lc	0	0.0006790551749565452	0.009194128642781081	0.0
chr16:38005283	3_ec	0	0.0008799459688573803	0.01058260131797176	0.0
chr16:38005283	2_ad	0	0.0011688631312531386	0.011137897842500364	0.0
chr16:38005283	1_h	0	0.0009638697732586152	0.013869128776457278	0.0
chr16:38005752	4_lc	0	0.0005594506683298768	0.00290873784658207	0.0
chr16:38005752	3_ec	0	0.0007685128907346647	0.0038547926312481858	0.0
chr16:38005752	2_ad	0	0.0010340326002561636	0.010103558633506126	0.0
chr16:38005752	1_h	0	0.0006671535461974012	0.008638679241732191	0.0
chr16:38417088	4_lc	0	0.000696236157519693	0.010649849664273313	0.0
chr16:38417088	3_ec	0	0.0008538849818713874	0.008528147450377123	0.0
chr16:38417088	2_ad	0	0.001179329579863657	0.0128252391384862	0.0
chr16:38417088	1_h	0	0.0007362401878185391	0.008832970273329258	0.0
chr16:38828345	4_lc	0	0.0006114020960531288	0.006221659858821177	0.0
chr16:38828345	3_ec	0	0.0007878568763119955	0.0053877435063392504	0.0
chr16:38828345	2_ad	0	0.0010191345026205737	0.006443300539657727	0.0
chr16:38828345	1_h	0	0.0008619066756320494	0.013345715154827222	0.0
chr16:39024953	4_lc	0	0.0006945009861284506	0.010781307784910753	0.0
chr16:39024953	3_ec	0	0.0008549624382860836	0.007976278679093476	0.0
chr16:39024953	2_ad	0	0.0011898558697314965	0.013375215683652412	0.0
chr16:39024953	1_h	0	0.0006018708149196364	0.0045863569240025236	0.0
chr16:43939116	4_lc	0	0.0005878693288976657	0.004409549663780295	0.0
chr16:43939116	3_ec	0	0.0008028878973055148	0.00693233993569905	0.0
chr16:43939116	2_ad	0	0.0010223220588071453	0.006823438800535843	0.0
chr16:43939116	1_h	0	0.0006283348061059062	0.0077143247582100085	0.0
chr16:44299802	4_lc	0	0.0006514895442322698	0.010123890454825316	0.0
chr16:44299802	3_ec	0	0.0008211893036371142	0.008672548292669814	0.0
chr16:44299802	2_ad	0	0.0010903804190730583	0.009315490274509472	0.0
chr16:44299802	1_h	0	0.0006238068499447052	0.007203193542811855	0.0
chr16:44379308	4_lc	0	0.0006883001025804038	0.009979487636693107	0.0
chr16:44379308	3_ec	0	0.0008019304213679112	0.006854033437769865	0.0
chr16:44379308	2_ad	0	0.0010245583697232135	0.009221318061721422	0.0
chr16:44379308	1_h	0	0.0006568276379657735	0.007715838467148344	0.0
chr16:44485793	4_lc	0	0.0006135917168457222	0.0065096408473782185	0.0
chr16:44485793	3_ec	0	0.0007802017545010263	0.0048459498283121415	0.0
chr16:44485793	2_ad	0	0.0011120761099345964	0.009783829536864146	0.0
chr16:44485793	1_h	0	0.0006757879159518694	0.007270313713483559	0.0
chr16:44789572	4_lc	0	0.0006006630505247549	0.004626975119921611	0.0
chr16:44789572	3_ec	0	0.0008163153457587114	0.009549999992376743	0.0
chr16:44789572	2_ad	0	0.0009597266020707988	0.0033228752842808123	0.0
chr16:44789572	1_h	0	0.0009162934828088188	0.013846111267538135	0.0
chr16:44789686	4_lc	0	0.0006208841984791289	0.005846707502633491	0.0
chr16:44789686	3_ec	0	0.0007464974810570284	0.002439366026025082	0.0
chr16:44789686	2_ad	0	0.0009725516313584228	0.004417275697326636	0.0
chr16:44789686	1_h	0	0.0009410553375132466	0.013062941082590825	0.0
chr16:45094982	4_lc	0	0.0005604240176763378	0.002918366512224964	0.0
chr16:45094982	3_ec	0	0.0007692887624581258	0.0039051379289723287	0.0
chr16:45094982	2_ad	0	0.0010466535295092425	0.008249067710455709	0.0
chr16:45094982	1_h	0	0.0007033856396842425	0.008226473072644258	0.0
chr16:45095770	4_lc	0	0.0006542847019740977	0.010388325209403011	0.0
chr16:45095770	3_ec	0	0.0008140209291079681	0.006248518979024587	0.0
chr16:45095770	2_ad	0	0.0009756856679343356	0.004666875337166975	0.0
chr16:45095770	1_h	0	0.0006520883467622552	0.007178881535459532	0.0
chr16:45096212	4_lc	0	0.000574578812428592	0.0035041374896343713	0.0
chr16:45096212	3_ec	0	0.0007395170282408315	0.002313696417930023	0.0
chr16:45096212	2_ad	0	0.0010722706895358455	0.008369706573922438	0.0
chr16:45096212	1_h	0	0.0006821411876821153	0.009538345873913149	0.0
chr16:45096248	4_lc	0	0.0006116172290601982	0.006312129282683897	0.0
chr16:45096248	3_ec	0	0.0007683700510227707	0.003849764261975688	0.0
chr16:45096248	2_ad	0	0.0010984822751031248	0.009772078250881113	0.0
chr16:45096248	1_h	0	0.0006904245841825716	0.008088304440400734	0.0
chr16:45096324	4_lc	0	0.0005683533491521142	0.003190853295015009	0.0
chr16:45096324	3_ec	0	0.0007563585864275233	0.002984153006014582	0.0
chr16:45096324	2_ad	0	0.001018861619098708	0.00870277441289923	0.0
chr16:45096324	1_h	0	0.0006476301077345224	0.009638172517332327	0.0
chr16:45096402	4_lc	0	0.0005873424506071062	0.004307235701635725	0.0
chr16:45096402	3_ec	0	0.0008164600644162483	0.00815499714381075	0.0
chr16:45096402	2_ad	0	0.0010106006103733115	0.0078740687543528	0.0
chr16:45096402	1_h	0	0.0006531098864624523	0.006677053097352086	0.0
chr16:45239362	4_lc	0	0.0006713530531141755	0.007608199441294063	0.0
chr16:45239362	3_ec	0	0.001041298375847194	0.014180079038284481	0.0
chr16:45239362	2_ad	0	0.0013393135878466242	0.0145702571141959	0.0
chr16:45239362	1_h	0	0.0008439804151924285	0.012102765879020693	0.0
chr16:45392332	4_lc	0	0.0006279816517968711	0.006694595214530167	0.0
chr16:45392332	3_ec	0	0.0008411908094249703	0.00854272925110614	0.0
chr16:45392332	2_ad	0	0.0010426643758175546	0.009971017949146038	0.0
chr16:45392332	1_h	0	0.0008255929033790862	0.010438527118478683	0.0
chr16:45443941	4_lc	0	0.0007118481902767108	0.011826533666077868	0.0
chr16:45443941	3_ec	0	0.0008721304407759979	0.010062551540397249	0.0
chr16:45443941	2_ad	0	0.0010235179524135712	0.006874810892670855	0.0
chr16:45443941	1_h	0	0.0006062113434329665	0.005524721808836513	0.0
chr16:45539592	4_lc	0	0.0006274889777564696	0.007810576013263495	0.0
chr16:45539592	3_ec	0	0.0008388539226113384	0.007546154848132812	0.0
chr16:45539592	2_ad	0	0.0010114761643379188	0.006410943864805757	0.0
chr16:45539592	1_h	0	0.0007541126064769417	0.009215328482524541	0.0
chr16:45560219	4_lc	0	0.000617882884521575	0.006888830317589914	0.0
chr16:45560219	3_ec	0	0.0008292820396493605	0.009470385570181872	0.0
chr16:45560219	2_ad	0	0.0011044053044936635	0.010049592677972844	0.0
chr16:45560219	1_h	0	0.0006725356840402566	0.007165518567539855	0.0
chr16:45580147	4_lc	0	0.0006079203781904806	0.005162347714389236	0.0
chr16:45580147	3_ec	0	0.0007533967424987359	0.002792472689019309	0.0
chr16:45580147	2_ad	0	0.0009615755428847165	0.0036233164214527955	0.0
chr16:45580147	1_h	0	0.0006502505891637184	0.007181078627528687	0.0
chr16:45584436	4_lc	0	0.0006294358210865736	0.006061216841435612	0.0
chr16:45584436	3_ec	0	0.0008208560377958353	0.00866147329786087	0.0
chr16:45584436	2_ad	0	0.0011476507222790637	0.010957993702646393	0.0
chr16:45584436	1_h	0	0.0005894451306747945	0.003846918885949056	0.0
chr16:45601959	4_lc	0	0.0006415939837241641	0.00893612737094713	0.0
chr16:45601959	3_ec	0	0.0007592813143378828	0.0033533219323266385	0.0
chr16:45601959	2_ad	0	0.0012495921876938564	0.014107142407082711	0.0
chr16:45601959	1_h	0	0.0006534120837857417	0.006679892864648793	0.0
chr16:45633024	4_lc	0	0.0006493822007862387	0.009927087403046464	0.0
chr16:45633024	3_ec	0	0.0008088145028093669	0.0075021860911629375	0.0
chr16:45633024	2_ad	0	0.0009677962924155602	0.004091982620032773	0.0
chr16:45633024	1_h	0	0.000591704156780499	0.0041225426958225835	0.0
chr16:45640366	4_lc	0	0.0007203617084474205	0.010036080148044765	0.0
chr16:45640366	3_ec	0	0.0008262516374136654	0.009131334912796779	0.0
chr16:45640366	2_ad	0	0.0011375769644536083	0.012231721850674837	0.0
chr16:45640366	1_h	0	0.0006412798862464321	0.006368655444155201	0.0
chr16:45664252	4_lc	0	0.0006135096900584622	0.005798580467281134	0.0
chr16:45664252	3_ec	0	0.0008119596773696028	0.007807971205012345	0.0
chr16:45664252	2_ad	0	0.0010320348135156136	0.009958206231572604	0.0
chr16:45664252	1_h	0	0.0006437635935894444	0.006576186753418965	0.0
chr16:45667618	4_lc	0	0.0005915758384106752	0.004658468752800008	0.0
chr16:45667618	3_ec	0	0.0007815380755555457	0.004850438790229674	0.0
chr16:45667618	2_ad	0	0.0010343459178119307	0.010109128380278401	0.0
chr16:45667618	1_h	0	0.0007783869110265683	0.012016185193332403	0.0
chr16:45679330	4_lc	0	0.0006396190124510619	0.008975866019901026	0.0
chr16:45679330	3_ec	0	0.0007941116454463289	0.0061185254534328725	0.0
chr16:45679330	2_ad	0	0.0011007866872842782	0.009886180465243826	0.0
chr16:45679330	1_h	0	0.0006381298809821677	0.006206247850073355	0.0
chr16:45729963	4_lc	0	0.0006404368724221717	0.009042680485811453	0.0
chr16:45729963	3_ec	0	0.0008298806600001091	0.00954658212638078	0.0
chr16:45729963	2_ad	0	0.0011674774267564183	0.012125298472922043	0.0
chr16:45729963	1_h	0	0.0006750623256743816	0.0073260492342550046	0.0
chr16:45742819	4_lc	0	0.0007909360038138276	0.012151229192017748	0.0
chr16:45742819	3_ec	0	0.0008896970578761009	0.009123465831112842	0.0
chr16:45742819	2_ad	0	0.001035346555160314	0.01016714177210454	0.0
chr16:45742819	1_h	0	0.0006862780139090132	0.007586218965937113	0.0
chr16:46049747	4_lc	0	0.0007767198905308823	0.011603559557055932	0.0
chr16:46049747	3_ec	0	0.0009013891041451409	0.009699656993614783	0.0
chr16:46049747	2_ad	0	0.0013273590133202476	0.01516076366325609	0.0
chr16:46049747	1_h	0	0.0007330858210448391	0.009041997817752145	0.0
chr16:46049751	4_lc	0	0.0007577711186517739	0.010544595222359938	0.0
chr16:46049751	3_ec	0	0.0008110741240805186	0.007627434100894201	0.0
chr16:46049751	2_ad	0	0.0011393644302036265	0.010507158612905357	0.0
chr16:46049751	1_h	0	0.0008926052686866485	0.012297203886326545	0.0
chr16:46099110	4_lc	0	0.0006256887220737405	0.007688326963508546	0.0
chr16:46099110	3_ec	0	0.0008207293893450209	0.008591319792090392	0.0
chr16:46099110	2_ad	0	0.001146283575639045	0.01286174894370281	0.0
chr16:46099110	1_h	0	0.0007250584211864686	0.010353709826841194	0.0
chr16:46117980	4_lc	0	0.0006727974377995644	0.009066178485624483	0.0
chr16:46117980	3_ec	0	0.0007445294378144744	0.002402817759282868	0.0
chr16:46117980	2_ad	0	0.000976188207962263	0.004763105373048994	0.0
chr16:46117980	1_h	0	0.0006983382027875558	0.008522849644122029	0.0
chr16:48817255	4_lc	0	0.0005670393302269344	0.003098872613087563	0.0
chr16:48817255	3_ec	0	0.0007993953587151446	0.006552711794115004	0.0
chr16:48817255	2_ad	0	0.0010272043256204348	0.007196055926756161	0.0
chr16:48817255	1_h	0	0.0007508688517173965	0.009169915997661668	0.0
chr16:52166214	4_lc	0	0.0006410968321709106	0.009046202111889876	0.0
chr16:52166214	3_ec	0	0.0008225013567897894	0.006577914083126918	0.0
chr16:52166214	2_ad	0	0.0009907126499400195	0.005857772718051655	0.0
chr16:52166214	1_h	0	0.0007387320899822093	0.008631131242157069	0.0
chr16:55905753	4_lc	0	0.0005787196022278403	0.003763154922534516	0.0
chr16:55905753	3_ec	0	0.000794489743650143	0.006154886616324468	0.0
chr16:55905753	2_ad	0	0.0009571185919803035	0.0033168492043720776	0.0
chr16:55905753	1_h	0	0.0006198739597414217	0.0068852526673968675	0.0
chr16:55905860	4_lc	0	0.0005927335367002728	0.004797206073161745	0.0
chr16:55905860	3_ec	0	0.000873402299727554	0.010386027271859725	0.0
chr16:55905860	2_ad	0	0.001093245296720959	0.009473809902998656	0.0
chr16:55905860	1_h	0	0.0007093202863466303	0.008017457183953134	0.0
chr16:55915200	4_lc	0	0.000656757928500031	0.007741718779502178	0.0
chr16:55915200	3_ec	0	0.0008210541521402723	0.008662307094991386	0.0
chr16:55915200	2_ad	0	0.0009653771799522252	0.0038768687572067083	0.0
chr16:55915200	1_h	0	0.0007209689819213434	0.008729594980387417	0.0
chr16:55915316	4_lc	0	0.0006511437265067109	0.010094068532384528	0.0
chr16:55915316	3_ec	0	0.0007956275598767533	0.0062615350013603055	0.0
chr16:55915316	2_ad	0	0.0010085711667929416	0.0063143421813728375	0.0
chr16:55915316	1_h	0	0.0006516836419323433	0.007160172164216765	0.0
chr16:56034183	4_lc	0	0.000690890455115343	0.010793519297207928	0.0
chr16:56034183	3_ec	0	0.0008099219641918225	0.006405953004449023	0.0
chr16:56034183	2_ad	0	0.001081135242511098	0.008837522469661619	0.0
chr16:56034183	1_h	0	0.0006080957760356163	0.005691262601884053	0.0
chr16:56650726	4_lc	0	0.0005737776588453517	0.0032994814180032413	0.0
chr16:56650726	3_ec	0	0.0007893393702810646	0.00574406956937537	0.0
chr16:56650726	2_ad	0	0.0019295734999189506	0.023276059510465606	0.0
chr16:56650726	1_h	0	0.0006914113959281675	0.007793481782567632	0.0
chr16:56654050	4_lc	0	0.0006480125980070438	0.009734053608487128	0.0
chr16:56654050	3_ec	0	0.0007593567295973553	0.003181324716330667	0.0
chr16:56654050	2_ad	0	0.0010082805876094113	0.007675848459248604	0.0
chr16:56654050	1_h	0	0.0007417401104032113	0.011743396716483593	0.0
chr16:56668340	4_lc	0	0.0006216133195149062	0.007319601000302316	0.0
chr16:56668340	3_ec	0	0.0007397422601136658	0.0023146871042248546	0.0
chr16:56668340	2_ad	0	0.0010131306274775314	0.00814173125689384	0.0
chr16:56668340	1_h	0	0.0006263018764535508	0.0057150586564813045	0.0
chr16:57302207	4_lc	0	0.0007007738067202067	0.008945834487963862	0.0
chr16:57302207	3_ec	0	0.0008320495903532483	0.009735926007457318	0.0
chr16:57302207	2_ad	0	0.001101991576169821	0.009971988177309118	0.0
chr16:57302207	1_h	0	0.0006034313062228058	0.004445029599374398	0.0
chr16:57571404	4_lc	0	0.0006686046267376144	0.008576837002486272	0.0
chr16:57571404	3_ec	0	0.0008622695106493712	0.00925637751602166	0.0
chr16:57571404	2_ad	0	0.0011470726624292552	0.012899974683700856	0.0
chr16:57571404	1_h	0	0.0005966929241681749	0.004571430647109059	0.0
chr17:23291539	4_lc	0	0.0007060008976019924	0.011332000980382867	0.0
chr17:23291539	3_ec	0	0.0007449827707906621	0.0022143801882629805	0.0
chr17:23291539	2_ad	0	0.0016914500023961865	0.020168489682594666	0.0
chr17:23291539	1_h	0	0.0006060920445671307	0.0051631779006451415	0.0
chr17:35425194	4_lc	0	0.0006786931987423291	0.009365395194614164	0.0
chr17:35425194	3_ec	0	0.0008311608490088943	0.009685161870569163	0.0
chr17:35425194	2_ad	0	0.001078869866987383	0.010720225180452146	0.0
chr17:35425194	1_h	0	0.0006304400354621396	0.005739088242024136	0.0
chr17:35425198	4_lc	0	0.0006590333165145822	0.007995286922788114	0.0
chr17:35425198	3_ec	0	0.0007469273300959818	0.002483328717921978	0.0
chr17:35425198	2_ad	0	0.001013282901440868	0.008156031171424	0.0
chr17:35425198	1_h	0	0.0006851383067945609	0.010168093906534784	0.0
chr17:35440154	4_lc	0	0.0006421237877443603	0.006944579170468345	0.0
chr17:35440154	3_ec	0	0.0008176665662213777	0.008315016096245674	0.0
chr17:35440154	2_ad	0	0.0011424439193526037	0.01071084346959107	0.0
chr17:35440154	1_h	0	0.000686086096859907	0.010035261859841531	0.0
chr1:12839899	4_lc	4	0.00235833684952106	0.011129964989627053	0.0
chr1:12839899	3_ec	4	0.0019338658649842525	0.006309551101425926	0.0
chr1:12839899	2_ad	4	0.002357748524272472	0.005343986583789766	0.0
chr1:12839899	1_h	4	0.463765321233552	0.050328464545535107	0.5
chr1:170649754	4_lc	0	0.0006488986659931022	0.009805451599965204	0.0
chr1:170649754	3_ec	0	0.0008102844956021585	0.005849971747442715	0.0
chr1:170649754	2_ad	0	0.0010685113240817136	0.009905518009762871	0.0
chr1:170649754	1_h	0	0.0006069934257705358	0.005623266093906022	0.0
chr1:170669030	4_lc	0	0.000636300047714945	0.00869065503740156	0.0
chr1:170669030	3_ec	0	0.0008268598757026997	0.009226651210261684	0.0
chr1:170669030	2_ad	0	0.0011501848866388188	0.013088137576391243	0.0
chr1:170669030	1_h	0	0.0006086097264834197	0.005749876329857645	0.0
chr1:170841710	4_lc	0	0.0006168993229831622	0.0062679289852926095	0.0
chr1:170841710	3_ec	0	0.0008488555635910199	0.008426589514184096	0.0
chr1:170841710	2_ad	0	0.001004685858157732	0.006216722373342504	0.0
chr1:170841710	1_h	0	0.0005555812563874761	0.0011055833271158186	0.0
chr1:170874437	4_lc	0	0.0006972942240585544	0.01083420833190502	0.0
chr1:170874437	3_ec	0	0.000845959864685385	0.008071789933510544	0.0
chr1:170874437	2_ad	0	0.001045199599679102	0.00812056630874598	0.0
chr1:170874437	1_h	0	0.0006720286809014617	0.007323861133486301	0.0
chr1:170880573	4_lc	0	0.0008095871035046237	0.01330758694795961	0.0
chr1:170880573	3_ec	0	0.0008789390330542037	0.00855391375085223	0.0
chr1:170880573	2_ad	0	0.0011546979476561286	0.011230719220963681	0.0
chr1:170880573	1_h	0	0.0009258304195201534	0.013280882556053888	0.0
chr1:170880578	4_lc	0	0.0006760203135831717	0.009089348348270736	0.0
chr1:170880578	3_ec	0	0.0007758015225334467	0.004419923613760972	0.0
chr1:170880578	2_ad	0	0.0012180942860428323	0.01242307318756614	0.0
chr1:170880578	1_h	0	0.0010619287398522998	0.01680109176884469	0.0
chr1:170885169	4_lc	0	0.0006141621323818143	0.006292580319655704	0.0
chr1:170885169	3_ec	0	0.0007910531607559363	0.005778176558116153	0.0
chr1:170885169	2_ad	0	0.001011037475839408	0.006255185313885476	0.0
chr1:170885169	1_h	0	0.0007066867879710651	0.008395508612394654	0.0
chr1:170885283	4_lc	0	0.0007361208391160844	0.009751065011185615	0.0
chr1:170885283	3_ec	0	0.0008145332797006963	0.006850063427024583	0.0
chr1:170885283	2_ad	0	0.001018846634065708	0.007831287262219601	0.0
chr1:170885283	1_h	0	0.0011125405935362173	0.017383232715170862	0.0
chr1:170885284	4_lc	0	0.0006176108900334411	0.005946856666004366	0.0
chr1:170885284	3_ec	0	0.0008520993138215807	0.00973245824870665	0.0
chr1:170885284	2_ad	0	0.001033942190153032	0.006995962039119564	0.0
chr1:170885284	1_h	0	0.0007959433848511626	0.01041302821194786	0.0
chr1:170907535	4_lc	0	0.0007045046691182917	0.011381322818988545	0.0
chr1:170907535	3_ec	0	0.0007778105562710944	0.004635387292077187	0.0
chr1:170907535	2_ad	0	0.0011941821838153495	0.011884436153504988	0.0
chr1:170907535	1_h	0	0.0005533508151180526	0.0010427380186146431	0.0
chr1:170912262	4_lc	0	0.0006723651971433703	0.008903083252440503	0.0
chr1:170912262	3_ec	0	0.0008318473101689145	0.009653491389492171	0.0
chr1:170912262	2_ad	0	0.0010115950953090114	0.007914878414025519	0.0
chr1:170912262	1_h	0	0.0007829577513776794	0.0124304846353218	0.0
chr1:170918246	4_lc	0	0.0005810005584809462	0.003887129220206537	0.0
chr1:170918246	3_ec	0	0.0008372906565230543	0.010223416208531495	0.0
chr1:170918246	2_ad	0	0.0009955973602247018	0.005816174384085964	0.0
chr1:170918246	1_h	0	0.0006625524681101813	0.008027645699282868	0.0
chr1:170921725	4_lc	0	0.0009383016271506952	0.014380220387521759	0.0
chr1:170921725	3_ec	0	0.0010460085209318057	0.012845590542471827	0.0
chr1:170921725	2_ad	0	0.0012369885377653085	0.012994330789540105	0.0
chr1:170921725	1_h	0	0.0007328752065372149	0.009003631631089882	0.0
chr1:170922278	4_lc	0	0.0005651653742412401	0.003064266547044045	0.0
chr1:170922278	3_ec	0	0.0007537501212005955	0.002825874430967584	0.0
chr1:170922278	2_ad	0	0.0009622289244985606	0.003669535330620076	0.0
chr1:170922278	1_h	0	0.000625831260451518	0.007474697104353718	0.0
chr1:170922395	4_lc	0	0.000561749920164104	0.002961274094079377	0.0
chr1:170922395	3_ec	0	0.0008058477663436752	0.007206551521900772	0.0
chr1:170922395	2_ad	0	0.0011306486902807281	0.010166368778292228	0.0
chr1:170922395	1_h	0	0.0006019749186182335	0.0050574868857332	0.0
chr1:170927476	4_lc	0	0.0006129693768702492	0.005920624149989504	0.0
chr1:170927476	3_ec	0	0.0007515815571981504	0.0026659349528808285	0.0
chr1:170927476	2_ad	0	0.0010162528438702402	0.006480746032021818	0.0
chr1:170927476	1_h	0	0.0006161483936111542	0.004834157599562624	0.0
chr1:170963333	4_lc	0	0.0007995873563675777	0.012797522718801713	0.0
chr1:170963333	3_ec	0	0.0008486430720767565	0.008176847444868216	0.0
chr1:170963333	2_ad	0	0.001040603493637224	0.00755366133288294	0.0
chr1:170963333	1_h	0	0.0007265098893388662	0.008799418249965415	0.0
chr1:170966467	4_lc	0	0.0006088458372759081	0.006160710558004889	0.0
chr1:170966467	3_ec	0	0.0007511993870872642	0.0026738570527142127	0.0
chr1:170966467	2_ad	0	0.0011049535146580895	0.00955711057970622	0.0
chr1:170966467	1_h	0	0.0006019120260278212	0.00508530879106538	0.0
chr1:170966481	4_lc	0	0.0005798429757912593	0.003770254561325189	0.0
chr1:170966481	3_ec	0	0.000811132755875993	0.00612637571820077	0.0
chr1:170966481	2_ad	0	0.0011071896787029573	0.010366370915164623	0.0
chr1:170966481	1_h	0	0.0006039056704554082	0.004794497428649521	0.0
chr1:170966616	4_lc	0	0.0006711159650747601	0.008738391902152748	0.0
chr1:170966616	3_ec	0	0.0008366449235772095	0.010192118296258254	0.0
chr1:170966616	2_ad	0	0.0010249348285823175	0.00705010210613559	0.0
chr1:170966616	1_h	0	0.0006942527909703418	0.010679723551783373	0.0
chr1:171020004	4_lc	0	0.0006787235981673581	0.009321181497852148	0.0
chr1:171020004	3_ec	0	0.0008180458904434378	0.00830549553699009	0.0
chr1:171020004	2_ad	0	0.0010886249780951427	0.009196766139830715	0.0
chr1:171020004	1_h	0	0.0006521717012398389	0.007176571829859437	0.0
chr1:171029259	4_lc	0	0.0006007964140372054	0.005413224751520113	0.0
chr1:171029259	3_ec	0	0.000815518827528394	0.005990322503628738	0.0
chr1:171029259	2_ad	0	0.0010945692127531052	0.009546896395210976	0.0
chr1:171029259	1_h	0	0.0007239587111658799	0.01009467996304418	0.0
chr1:171051722	4_lc	0	0.0005602362974515433	0.002922427887151379	0.0
chr1:171051722	3_ec	0	0.0007721616298740341	0.004165813453605327	0.0
chr1:171051722	2_ad	0	0.0010761924987006087	0.010568603730365262	0.0
chr1:171051722	1_h	0	0.0006543305533649258	0.007298766843596548	0.0
chr1:171136127	4_lc	0	0.0006434127777462914	0.0069449828229094564	0.0
chr1:171136127	3_ec	0	0.0008000891868170748	0.006678491799426672	0.0
chr1:171136127	2_ad	0	0.0010613253983442806	0.008195822813691593	0.0
chr1:171136127	1_h	0	0.000670030706552818	0.009088700798168049	0.0
chr1:171145805	4_lc	0	0.000676038377278181	0.009186360574646831	0.0
chr1:171145805	3_ec	0	0.000836614896404922	0.010183961448840357	0.0
chr1:171145805	2_ad	0	0.0009456605420555577	0.002712399888972669	0.0
chr1:171145805	1_h	0	0.0007181772494303496	0.010041499644485198	0.0
chr1:171150569	4_lc	0	0.0006638398555947	0.008284156323723075	0.0
chr1:171150569	3_ec	0	0.0008136711841956652	0.007986306193892168	0.0
chr1:171150569	2_ad	0	0.0009520051735305104	0.003010414218093257	0.0
chr1:171150569	1_h	0	0.0006583922547186624	0.006944736652722744	0.0
chr1:171158798	4_lc	0	0.0006190070643673937	0.006171615235144389	0.0
chr1:171158798	3_ec	0	0.0009072283558018065	0.01008188365798863	0.0
chr1:171158798	2_ad	0	0.0009486190135226554	0.0028320015738679174	0.0
chr1:171158798	1_h	0	0.0006891191152490143	0.010453306980721914	0.0
chr1:171225795	4_lc	0	0.0007020801101398765	0.011110217071151033	0.0
chr1:171225795	3_ec	0	0.0009903372063638958	0.013120059649412498	0.0
chr1:171225795	2_ad	0	0.0014254675549100896	0.016536693522897394	0.0
chr1:171225795	1_h	0	0.0008643659663541326	0.012001763530121152	0.0
chr1:171250901	4_lc	0	0.0006760753596194704	0.009141278548049787	0.0
chr1:171250901	3_ec	0	0.0008068291029195906	0.006338804280763183	0.0
chr1:171250901	2_ad	0	0.0010746608871256538	0.008555852757601309	0.0
chr1:171250901	1_h	0	0.0006529277130235431	0.006558834830650439	0.0
chr1:171279519	4_lc	0	0.0007418398413888402	0.011462349978605174	0.0
chr1:171279519	3_ec	0	0.0008245902493668294	0.006588978294881421	0.0
chr1:171279519	2_ad	0	0.0009796650626007462	0.0050269063032424436	0.0
chr1:171279519	1_h	0	0.0005770659188231294	0.002695854197515208	0.0
chr1:171284618	4_lc	0	0.0006788612832909484	0.009281725856573832	0.0
chr1:171284618	3_ec	0	0.0007605998359944917	0.0032554194528350497	0.0
chr1:171284618	2_ad	0	0.0010187941425417663	0.006713243684466669	0.0
chr1:171284618	1_h	0	0.0006908462029554878	0.010368967984898128	0.0
chr1:171344938	4_lc	0	0.0006804122113712552	0.00818380275230488	0.0
chr1:171344938	3_ec	0	0.0007765565838734219	0.005230380062950226	0.0
chr1:171344938	2_ad	0	0.0010685522485544552	0.009264555199627036	0.0
chr1:171344938	1_h	0	0.0006457868003663275	0.008759717557145429	0.0
chr1:171360318	4_lc	0	0.0006201886855478903	0.00718176145728486	0.0
chr1:171360318	3_ec	0	0.0008071164897962227	0.007340796483276138	0.0
chr1:171360318	2_ad	0	0.0009923877062151805	0.0062163977064487435	0.0
chr1:171360318	1_h	0	0.000551762455752457	0.0010393688173013923	0.0
chr1:171360646	4_lc	0	0.0006194454380743814	0.005998428024405217	0.0
chr1:171360646	3_ec	0	0.000819911604778584	0.006600488637239199	0.0
chr1:171360646	2_ad	0	0.0010420737631598698	0.007927906632235351	0.0
chr1:171360646	1_h	0	0.0006493237826288473	0.00703811508123335	0.0
chr1:171408430	4_lc	0	0.0006417343274608082	0.006781591392248642	0.0
chr1:171408430	3_ec	0	0.0008565576430920977	0.008923441840910451	0.0
chr1:171408430	2_ad	0	0.0010715989273238225	0.009932288403753823	0.0
chr1:171408430	1_h	0	0.0007033326299280762	0.008842892557931966	0.0
chr1:171408701	4_lc	0	0.0006408980831407563	0.009100149442446914	0.0
chr1:171408701	3_ec	0	0.0008156247649108417	0.006068843795018973	0.0
chr1:171408701	2_ad	0	0.0009402752146639793	0.002565024357225401	0.0
chr1:171408701	1_h	0	0.0006855422797049012	0.010063620286575928	0.0
chr1:171409061	4_lc	0	0.0006757451343081779	0.009006581552213202	0.0
chr1:171409061	3_ec	0	0.0008785620448918905	0.010334244764592992	0.0
chr1:171409061	2_ad	0	0.0009635679458161983	0.0036831643024985974	0.0
chr1:171409061	1_h	0	0.0008365409861087516	0.0117900465469172	0.0
chr1:171409082	4_lc	0	0.0006870418100382899	0.0099871412951475	0.0
chr1:171409082	3_ec	0	0.000743596547317864	0.002381515425060652	0.0
chr1:171409082	2_ad	0	0.0010578043568346255	0.008166956378805403	0.0
chr1:171409082	1_h	0	0.0006603797596517666	0.007741497684729362	0.0
chr1:171416853	4_lc	0	0.000716159322715031	0.011179890896336099	0.0
chr1:171416853	3_ec	0	0.000774263221341918	0.005296003732004904	0.0
chr1:171416853	2_ad	0	0.001146848721615378	0.012518936772384236	0.0
chr1:171416853	1_h	0	0.0006301029246422229	0.005123989265978997	0.0
chr1:171504171	4_lc	0	0.0006330650556382112	0.008320121348533941	0.0
chr1:171504171	3_ec	0	0.000757110273014633	0.0029998996246625854	0.0
chr1:171504171	2_ad	0	0.0009390616928680631	0.002541940262386588	0.0
chr1:171504171	1_h	0	0.0006602333353501566	0.0064230547162109925	0.0
chr1:171530529	4_lc	0	0.0007270015938053414	0.010481653111648637	0.0
chr1:171530529	3_ec	0	0.0008163806992622187	0.008214427815379337	0.0
chr1:171530529	2_ad	0	0.0011259712024615925	0.011561737856438792	0.0
chr1:171530529	1_h	0	0.0007241902659335394	0.010397925216103606	0.0
chr1:171531730	4_lc	0	0.0006940628796822137	0.008641176609317642	0.0
chr1:171531730	3_ec	0	0.0007567071690962795	0.0030442055763210095	0.0
chr1:171531730	2_ad	0	0.0010267922134098478	0.006954345518284467	0.0
chr1:171531730	1_h	0	0.0006193149995497654	0.006833306769703703	0.0
chr1:171577917	4_lc	0	0.0006832505248634999	0.009589727928753275	0.0
chr1:171577917	3_ec	0	0.0007771908081753282	0.004544754020756897	0.0
chr1:171577917	2_ad	0	0.0010110916507655467	0.00792981899055666	0.0
chr1:171577917	1_h	0	0.0008300944844021595	0.010718851673012278	0.0
chr1:171579124	4_lc	0	0.0006787174879602733	0.009341675344002699	0.0
chr1:171579124	3_ec	0	0.000898169660328885	0.009592138821564228	0.0
chr1:171579124	2_ad	0	0.0011376218700678556	0.01041706772036111	0.0
chr1:171579124	1_h	0	0.0007068775319394637	0.009128051658264219	0.0
chr1:171579127	4_lc	0	0.0006746260819633819	0.008929808462554313	0.0
chr1:171579127	3_ec	0	0.000804081837110394	0.007044482937626158	0.0
chr1:171579127	2_ad	0	0.0012373529924954853	0.014032288486015735	0.0
chr1:171579127	1_h	0	0.0007248709941971361	0.008741970590268324	0.0
chr1:171593907	4_lc	0	0.0005837107519745144	0.004077391057476244	0.0
chr1:171593907	3_ec	0	0.0007834219107751083	0.005098299404203543	0.0
chr1:171593907	2_ad	0	0.00122467574089167	0.01324380484800696	0.0
chr1:171593907	1_h	0	0.0006820778592467858	0.007082554368916043	0.0
chr1:171594032	4_lc	0	0.000636921088512538	0.00861729055984671	0.0
chr1:171594032	3_ec	0	0.0009559950596166266	0.011442980922700708	0.0
chr1:171594032	2_ad	0	0.0010156319518643583	0.008320942451194645	0.0
chr1:171594032	1_h	0	0.0005572529282409855	0.0011169404291285386	0.0
chr1:171599857	4_lc	0	0.0006569052728019202	0.007842345723427993	0.0
chr1:171599857	3_ec	0	0.0008681566448795406	0.00808208451901781	0.0
chr1:171599857	2_ad	0	0.0010135513150057844	0.008179337079033367	0.0
chr1:171599857	1_h	0	0.0006414079121446535	0.006462766868605121	0.0
chr1:171599888	4_lc	0	0.000696180498008718	0.01065110293719562	0.0
chr1:171599888	3_ec	0	0.0008916454825503235	0.00922331022510712	0.0
chr1:171599888	2_ad	0	0.0011191362733583953	0.011012420961748851	0.0
chr1:171599888	1_h	0	0.0006099268297749679	0.0050011061652665825	0.0
chr1:171605172	4_lc	0	0.0007611935149986111	0.010824318596243047	0.0
chr1:171605172	3_ec	0	0.0007660195727187698	0.003680925816067795	0.0
chr1:171605172	2_ad	0	0.0009831637601897245	0.005386566579915073	0.0
chr1:171605172	1_h	0	0.000603629575613874	0.004319767565042148	0.0
chr1:171605208	4_lc	0	0.0006200205706269716	0.006126283751839805	0.0
chr1:171605208	3_ec	0	0.0007753128943293247	0.004427728923165337	0.0
chr1:171605208	2_ad	0	0.0011534550377613987	0.011207720020937293	0.0
chr1:171605208	1_h	0	0.0005609284373698627	0.0013161859294439288	0.0
chr1:171607284	4_lc	0	0.0006107633230344893	0.006315380527202616	0.0
chr1:171607284	3_ec	0	0.0007802397427529952	0.004846078648582294	0.0
chr1:171607284	2_ad	0	0.0010071561927749093	0.006152382560821856	0.0
chr1:171607284	1_h	0	0.0006579486015331866	0.006577173147067991	0.0
chr1:171638669	4_lc	0	0.0006354910110867113	0.008530293495792395	0.0
chr1:171638669	3_ec	0	0.0007519864121597372	0.0026748170336500757	0.0
chr1:171638669	2_ad	0	0.0011542474624369821	0.01126070381619108	0.0
chr1:171638669	1_h	0	0.0007330632589390921	0.009124109412864768	0.0
chr1:171638683	4_lc	0	0.0006295440923323775	0.008004591785625082	0.0
chr1:171638683	3_ec	0	0.0008056892766184669	0.0071061883973792895	0.0
chr1:171638683	2_ad	0	0.001101291556297038	0.00965487221744152	0.0
chr1:171638683	1_h	0	0.0007708521708301751	0.011327296006713823	0.0
chr1:171682104	4_lc	0	0.0006438719053938405	0.006936334618535281	0.0
chr1:171682104	3_ec	0	0.0008241865012032369	0.006640627145747294	0.0
chr1:171682104	2_ad	0	0.0011843307342250715	0.012964765281280854	0.0
chr1:171682104	1_h	0	0.0006537366156151841	0.006610169298245902	0.0
chr1:171695858	4_lc	0	0.0006362218893124226	0.008680802675646365	0.0
chr1:171695858	3_ec	0	0.0008376054408805617	0.010243281256842448	0.0
chr1:171695858	2_ad	0	0.0010297902816118385	0.009751494031413507	0.0
chr1:171695858	1_h	0	0.0007315743501535192	0.00916751134045756	0.0
chr1:171851835	4_lc	0	0.0005738157903216709	0.0034695336717814915	0.0
chr1:171851835	3_ec	0	0.0007727768892881961	0.0042248784475357746	0.0
chr1:171851835	2_ad	0	0.001030478140652314	0.007260078291874743	0.0
chr1:171851835	1_h	0	0.0006059229501072072	0.00552296440453281	0.0
chr1:171885586	4_lc	0	0.000644292856370912	0.009329325597433706	0.0
chr1:171885586	3_ec	0	0.0007467051222256878	0.002481654079855525	0.0
chr1:171885586	2_ad	0	0.001000904973365247	0.006973278484193695	0.0
chr1:171885586	1_h	0	0.0008095614952813947	0.011878959967167542	0.0
chr1:172068242	4_lc	0	0.0006312446391079717	0.008165387197764537	0.0
chr1:172068242	3_ec	0	0.0008761250576717609	0.010368491853834606	0.0
chr1:172068242	2_ad	0	0.0011332471411846475	0.012301025043955787	0.0
chr1:172068242	1_h	0	0.0006746127314967577	0.009026140834457888	0.0
chr1:172128723	4_lc	0	0.0005981055497868736	0.0044514688457955075	0.0
chr1:172128723	3_ec	0	0.0008047535897822243	0.006250746722451287	0.0
chr1:172128723	2_ad	0	0.0011397417483385546	0.011715228469145134	0.0
chr1:172128723	1_h	0	0.0007239678170136063	0.008466502333853357	0.0
chr1:172240058	4_lc	0	0.0006185650266758431	0.006008107098027109	0.0
chr1:172240058	3_ec	0	0.0007795988235408855	0.00607797273262768	0.0
chr1:172240058	2_ad	0	0.0010443942461049371	0.010384419174755296	0.0
chr1:172240058	1_h	0	0.0009083867439004267	0.014348467908531932	0.0
chr1:172244100	4_lc	0	0.0006461912943047657	0.007131189228145478	0.0
chr1:172244100	3_ec	0	0.0008316340308090259	0.007129117923650119	0.0
chr1:172244100	2_ad	0	0.001196060674003544	0.011975176058783092	0.0
chr1:172244100	1_h	0	0.0006082763931067384	0.005708714679416583	0.0
chr1:172251297	4_lc	0	0.0006229861487700111	0.007439093271044918	0.0
chr1:172251297	3_ec	0	0.0007719283838078199	0.004150247092810037	0.0
chr1:172251297	2_ad	0	0.0010070597335837743	0.00758090735748369	0.0
chr1:172251297	1_h	0	0.0006261988439751276	0.007511100100934665	0.0
chr1:172255054	4_lc	0	0.0005690383699461649	0.003221524180875801	0.0
chr1:172255054	3_ec	0	0.0007459041448963853	0.002457591322024798	0.0
chr1:172255054	2_ad	0	0.0009861132294152954	0.0056486040312581625	0.0
chr1:172255054	1_h	0	0.00055548055639152	0.0011022534843392908	0.0
chr1:172317580	4_lc	0	0.0005848813993058475	0.004154066085843174	0.0
chr1:172317580	3_ec	0	0.0008035025687637529	0.006972197751334157	0.0
chr1:172317580	2_ad	0	0.001122708309426547	0.011458806688822131	0.0
chr1:172317580	1_h	0	0.000647500342286125	0.006178035819956423	0.0
chr1:172318712	4_lc	0	0.0006369196963207902	0.008749834942392096	0.0
chr1:172318712	3_ec	0	0.0007537639548681398	0.002779407532933084	0.0
chr1:172318712	2_ad	0	0.0009923216391413436	0.005958952288521224	0.0
chr1:172318712	1_h	0	0.0006574929571280177	0.007967388985290154	0.0
chr1:172369705	4_lc	0	0.000623906376525029	0.006383457448017395	0.0
chr1:172369705	3_ec	0	0.0008243167063613765	0.00899215579622138	0.0
chr1:172369705	2_ad	0	0.0009714732865827115	0.004387681222976648	0.0
chr1:172369705	1_h	0	0.0006618563594997306	0.007889392888470213	0.0
chr1:172377316	4_lc	0	0.0007237224073156437	0.009990414972328648	0.0
chr1:172377316	3_ec	0	0.0007928271612023619	0.005649390361636552	0.0
chr1:172377316	2_ad	0	0.0011293048421369741	0.010140698215920806	0.0
chr1:172377316	1_h	0	0.0006259481529884432	0.005299498067518255	0.0
chr1:172476174	4_lc	0	0.0005716484547219808	0.003269317687100302	0.0
chr1:172476174	3_ec	0	0.0009018529881172858	0.009781313827911982	0.0
chr1:172476174	2_ad	0	0.0011892146593601182	0.013358439622613492	0.0
chr1:172476174	1_h	0	0.0006963247254519659	0.008415765358913418	0.0
chr1:172476310	4_lc	0	0.0006883421440556972	0.010389173733859785	0.0
chr1:172476310	3_ec	0	0.0007886070911400514	0.005620766085479297	0.0
chr1:172476310	2_ad	0	0.0010457156554500872	0.008193445579870267	0.0
chr1:172476310	1_h	0	0.0005645147266829672	0.0015927435584567908	0.0
chr1:172477430	4_lc	0	0.0006546796348084612	0.01028384171384654	0.0
chr1:172477430	3_ec	0	0.0008045669176790174	0.007072771205923319	0.0
chr1:172477430	2_ad	0	0.0010538987186826394	0.008736424915441675	0.0
chr1:172477430	1_h	0	0.000731842053714018	0.009142397148948746	0.0
chr1:172478072	4_lc	0	0.0006890399464142207	0.0085875681796072	0.0
chr1:172478072	3_ec	0	0.0008243739138120503	0.00890368007442002	0.0
chr1:172478072	2_ad	0	0.0009430553050336259	0.0026124538294414754	0.0
chr1:172478072	1_h	0	0.0007432234777954754	0.009628872359182685	0.0
chr1:172484869	4_lc	0	0.0006177221893121381	0.005971904453018273	0.0
chr1:172484869	3_ec	0	0.0007747924550406587	0.005622987394459808	0.0
chr1:172484869	2_ad	0	0.0010018861016237316	0.0058901703068986325	0.0
chr1:172484869	1_h	0	0.0008010903228037277	0.01031870979394365	0.0
chr1:172493544	4_lc	0	0.0007645538067018007	0.012963870391738738	0.0
chr1:172493544	3_ec	0	0.000874813489710239	0.010146124918764956	0.0
chr1:172493544	2_ad	0	0.001065613457454616	0.00967505688500677	0.0
chr1:172493544	1_h	0	0.000706753756677845	0.009008680497773265	0.0
chr1:172493614	4_lc	0	0.0006502876857252826	0.006854134779999334	0.0
chr1:172493614	3_ec	0	0.0007881384291981205	0.0052259412396977525	0.0
chr1:172493614	2_ad	0	0.0010703109214992255	0.008221853282193714	0.0
chr1:172493614	1_h	0	0.0007095961307145307	0.00797994153806112	0.0
chr1:172497127	4_lc	0	0.0006993373528825775	0.011014536677797076	0.0
chr1:172497127	3_ec	0	0.000768794449479041	0.00386202314743845	0.0
chr1:172497127	2_ad	0	0.0009918050029219718	0.0055282917650675625	0.0
chr1:172497127	1_h	0	0.0006364351343266387	0.006135535806041263	0.0
chr1:172498480	4_lc	0	0.0006461344401865791	0.009622149283012901	0.0
chr1:172498480	3_ec	0	0.0007833960292428013	0.005098602154125895	0.0
chr1:172498480	2_ad	0	0.000987662818206287	0.005684592610652316	0.0
chr1:172498480	1_h	0	0.0006773062755581496	0.007335504759420793	0.0
chr1:172584483	4_lc	0	0.0006103874389884877	0.006246993711145586	0.0
chr1:172584483	3_ec	0	0.0008270505904320554	0.006936338059363442	0.0
chr1:172584483	2_ad	0	0.0010467585143763781	0.008240008940772408	0.0
chr1:172584483	1_h	0	0.0006644852330315164	0.008361031360576187	0.0
chr1:172587924	4_lc	0	0.0005632633605940049	0.0029977941143326933	0.0
chr1:172587924	3_ec	0	0.0008111989568079	0.007688753606243163	0.0
chr1:172587924	2_ad	0	0.001021492344426965	0.008930351579495227	0.0
chr1:172587924	1_h	0	0.0007239297260985333	0.010822046672477324	0.0
chr1:172587951	4_lc	0	0.0006237345736539561	0.006411784944139785	0.0
chr1:172587951	3_ec	0	0.0007721698271646296	0.004102122938506464	0.0
chr1:172587951	2_ad	0	0.0010935998903805837	0.009527167447412624	0.0
chr1:172587951	1_h	0	0.0007636207986304913	0.01112431105950353	0.0
chr1:172597669	4_lc	0	0.0006291393048301131	0.007983753558072858	0.0
chr1:172597669	3_ec	0	0.00081283426876191	0.0062784740024095275	0.0
chr1:172597669	2_ad	0	0.0010977760225705448	0.009684736247092932	0.0
chr1:172597669	1_h	0	0.0006719068033668782	0.0071917213062829095	0.0
chr1:172597802	4_lc	0	0.0006751147495563113	0.00794186064913176	0.0
chr1:172597802	3_ec	0	0.0008259008118966036	0.009091952192604544	0.0
chr1:172597802	2_ad	0	0.0012176323632925763	0.012118825463721186	0.0
chr1:172597802	1_h	0	0.0006792982149021413	0.009388150038128403	0.0
chr1:172598290	4_lc	0	0.0006039403782757566	0.005651318201118948	0.0
chr1:172598290	3_ec	0	0.000889373584029809	0.011330722318140418	0.0
chr1:172598290	2_ad	0	0.0009922407441235379	0.00614643542144724	0.0
chr1:172598290	1_h	0	0.0007763015180724848	0.012121918314538021	0.0
chr1:172599200	4_lc	0	0.0006009265288490755	0.0054414759609255365	0.0
chr1:172599200	3_ec	0	0.0008280585073242808	0.009303260374465546	0.0
chr1:172599200	2_ad	0	0.0010650352575236593	0.008260884947175775	0.0
chr1:172599200	1_h	0	0.0006222317277415578	0.005213943190670665	0.0
chr1:172698921	4_lc	0	0.000621438960489815	0.00730218355778446	0.0
chr1:172698921	3_ec	0	0.0009180693161065363	0.010921314204114895	0.0
chr1:172698921	2_ad	0	0.0010443671668145522	0.007903312095860296	0.0
chr1:172698921	1_h	0	0.0005895463791222679	0.003881482221331737	0.0
chr1:172894327	4_lc	0	0.0006065592353769617	0.005866534518651339	0.0
chr1:172894327	3_ec	0	0.0008342003979905416	0.009978306415142735	0.0
chr1:172894327	2_ad	0	0.0010728763694325854	0.010212003468445073	0.0
chr1:172894327	1_h	0	0.0006532364817583492	0.007269441145758265	0.0
chr1:173130315	4_lc	0	0.0006770766287246301	0.009140057307099795	0.0
chr1:173130315	3_ec	0	0.0007675455262731029	0.003801457360384487	0.0
chr1:173130315	2_ad	0	0.0009623358858671892	0.0036952123554750693	0.0
chr1:173130315	1_h	0	0.0006244126314600398	0.005332293015080823	0.0
chr1:173183633	4_lc	0	0.0005989815194723092	0.0053116899838327476	0.0
chr1:173183633	3_ec	0	0.0008316223831539396	0.00962079580078496	0.0
chr1:173183633	2_ad	0	0.001026050971465971	0.00933278892986523	0.0
chr1:173183633	1_h	0	0.0006545750579114102	0.007609790856304799	0.0
chr1:173184360	4_lc	0	0.0005849668437682204	0.004194955068486494	0.0
chr1:173184360	3_ec	0	0.0008280233964667568	0.00934869414367311	0.0
chr1:173184360	2_ad	0	0.0009662258417545683	0.0039694652950195836	0.0
chr1:173184360	1_h	0	0.0005685866755993782	0.001973496498818502	0.0
chr1:173203994	4_lc	0	0.0006055818301997197	0.005816230254499268	0.0
chr1:173203994	3_ec	0	0.0007394840707778069	0.002312726212917884	0.0
chr1:173203994	2_ad	0	0.001033123043667581	0.00744471409734594	0.0
chr1:173203994	1_h	0	0.0007978673973284106	0.011307944020398173	0.0
chr1:173222578	4_lc	0	0.000633773019616088	0.008350732125151009	0.0
chr1:173222578	3_ec	0	0.0008417939860119574	0.007869185897266292	0.0
chr1:173222578	2_ad	0	0.0011372549324896763	0.012430578877598759	0.0
chr1:173222578	1_h	0	0.0007740369235187216	0.012017648694923621	0.0
chr1:173222761	4_lc	0	0.0005805565340592715	0.003844221951808129	0.0
chr1:173222761	3_ec	0	0.0008601187588736714	0.008209982460033136	0.0
chr1:173222761	2_ad	0	0.0010776617917531764	0.008647343709800104	0.0
chr1:173222761	1_h	0	0.000658843764179833	0.006398507951068672	0.0
chr1:173270447	4_lc	0	0.0008634557472068991	0.01454414834109966	0.0
chr1:173270447	3_ec	0	0.0007934442933049009	0.006022808225329998	0.0
chr1:173270447	2_ad	0	0.0009979899056955339	0.006614228011614015	0.0
chr1:173270447	1_h	0	0.0007217394877733232	0.008609309511097113	0.0
chr1:173271018	4_lc	0	0.0006099969910272156	0.005860375184422768	0.0
chr1:173271018	3_ec	0	0.0008405051041100144	0.007677482706488419	0.0
chr1:173271018	2_ad	0	0.0010012164355950573	0.00610464783682366	0.0
chr1:173271018	1_h	0	0.0006519443764126203	0.007202554509209487	0.0
chr1:173271097	4_lc	0	0.0007189681306186083	0.010055429545750496	0.0
chr1:173271097	3_ec	0	0.0008843343583644941	0.011214285426758421	0.0
chr1:173271097	2_ad	0	0.0010545323952121381	0.007861499379457982	0.0
chr1:173271097	1_h	0	0.0006077265348728169	0.004486298401488208	0.0
chr1:173332148	4_lc	0	0.0006276581525393575	0.0066949139954097705	0.0
chr1:173332148	3_ec	0	0.0008752293093390684	0.010276271869334027	0.0
chr1:173332148	2_ad	0	0.0010705258544666653	0.008435085193409108	0.0
chr1:173332148	1_h	0	0.0007573588844347142	0.01067262349106202	0.0
chr1:173332289	4_lc	0	0.000625356237800158	0.0076199414603264235	0.0
chr1:173332289	3_ec	0	0.0008177470734909451	0.008303919478830937	0.0
chr1:173332289	2_ad	0	0.001034101423980072	0.007510309156248991	0.0
chr1:173332289	1_h	0	0.0006984654530577096	0.008356648284260812	0.0
chr1:173332330	4_lc	0	0.0006726958324878059	0.008047863564773548	0.0
chr1:173332330	3_ec	0	0.0007468009891581186	0.0028535642058896043	0.0
chr1:173332330	2_ad	0	0.0014757488231115668	0.017018231288593585	0.0
chr1:173332330	1_h	0	0.0010243391766020186	0.01606346425175558	0.0
chr1:173332331	4_lc	0	0.0006818037998454751	0.008065112696575531	0.0
chr1:173332331	3_ec	0	0.000840571712297363	0.006913172950188097	0.0
chr1:173332331	2_ad	0	0.0012867187775031422	0.013786855989162811	0.0
chr1:173332331	1_h	0	0.001112211521886715	0.016237535771806408	0.0
chr1:173332388	4_lc	0	0.0008225718714066971	0.011827088390997663	0.0
chr1:173332388	3_ec	0	0.0007358855582861811	0.0019522511102143358	0.0
chr1:173332388	2_ad	0	0.0011915048321535573	0.011545683942544295	0.0
chr1:173332388	1_h	0	0.0007970807295584804	0.010742509410463941	0.0
chr1:173332418	4_lc	0	0.0005645442129051718	0.003027855368541818	0.0
chr1:173332418	3_ec	0	0.000781041532144246	0.004876990239675329	0.0
chr1:173332418	2_ad	0	0.0010113628066948197	0.006289725311412791	0.0
chr1:173332418	1_h	0	0.000789697342071072	0.010752904110623991	0.0
chr1:173332725	4_lc	0	0.0005851435899867912	0.004083322383098806	0.0
chr1:173332725	3_ec	0	0.0008028679094094867	0.005660326844428534	0.0
chr1:173332725	2_ad	0	0.0011445570238268075	0.012585216012922007	0.0
chr1:173332725	1_h	0	0.00077325461715747	0.011909620286884451	0.0
chr1:173332784	4_lc	0	0.0006391693481172479	0.00891414542273994	0.0
chr1:173332784	3_ec	0	0.000800402323441021	0.006645527326428455	0.0
chr1:173332784	2_ad	0	0.0010797648357419496	0.008707473188500918	0.0
chr1:173332784	1_h	0	0.0006527094661762916	0.006647379632016047	0.0
chr1:173332922	4_lc	0	0.0005653442080838178	0.003030563277561698	0.0
chr1:173332922	3_ec	0	0.0008280582844008008	0.006822336384573489	0.0
chr1:173332922	2_ad	0	0.001057408441709551	0.008934320084374534	0.0
chr1:173332922	1_h	0	0.0007234355318927485	0.008712948279415475	0.0
chr1:173459709	4_lc	0	0.0006346975802083685	0.006275599136563454	0.0
chr1:173459709	3_ec	0	0.0008387850379894472	0.007282113316515843	0.0
chr1:173459709	2_ad	0	0.0010121402732182706	0.007283418912572449	0.0
chr1:173459709	1_h	0	0.0008100336938770438	0.010387326813177706	0.0
chr1:173526483	4_lc	0	0.0006156236965257359	0.0062929651836013765	0.0
chr1:173526483	3_ec	0	0.0008306110215304535	0.0070105913059178805	0.0
chr1:173526483	2_ad	0	0.0010780292600716505	0.008635418801107502	0.0
chr1:173526483	1_h	0	0.0006071851201034082	0.004944375607718107	0.0
chr1:173526492	4_lc	0	0.0006682959472201989	0.008586733720264686	0.0
chr1:173526492	3_ec	0	0.0008528600671450693	0.007957634370261583	0.0
chr1:173526492	2_ad	0	0.0010080081789611182	0.006433833498958717	0.0
chr1:173526492	1_h	0	0.0006165889236981229	0.005382832276588924	0.0
chr1:173526548	4_lc	0	0.0006493124181767834	0.009802374754088284	0.0
chr1:173526548	3_ec	0	0.0008553246194268402	0.008863129256173727	0.0
chr1:173526548	2_ad	0	0.0010189753561020032	0.006625780537414233	0.0
chr1:173526548	1_h	0	0.0007678321232454039	0.011278467132826746	0.0
chr1:173526646	4_lc	0	0.0006376617359481842	0.008744206178077592	0.0
chr1:173526646	3_ec	0	0.0007953166313596058	0.00621053023395239	0.0
chr1:173526646	2_ad	0	0.0010303542703478	0.007136730130266492	0.0
chr1:173526646	1_h	0	0.0006816734989743889	0.007770963550283701	0.0
chr1:173637426	4_lc	0	0.000572057274742472	0.0033493189900552895	0.0
chr1:173637426	3_ec	0	0.0008324159613805875	0.009769438314927516	0.0
chr1:173637426	2_ad	0	0.0009484292809180554	0.0028274377190540528	0.0
chr1:173637426	1_h	0	0.0006313414566358598	0.005745769293491702	0.0
chr1:173641048	4_lc	0	0.0007321845294863943	0.010806416403179437	0.0
chr1:173641048	3_ec	0	0.0008270462429027292	0.009265565065837167	0.0
chr1:173641048	2_ad	0	0.0011272439366608552	0.010022577130627328	0.0
chr1:173641048	1_h	0	0.0007432167212764323	0.011782600319786741	0.0
chr1:173642586	4_lc	0	0.0007767088324846017	0.010982212653716066	0.0
chr1:173642586	3_ec	0	0.0007584506170416159	0.004013694684274339	0.0
chr1:173642586	2_ad	0	0.001142721966496905	0.010334060550570586	0.0
chr1:173642586	1_h	0	0.0007749687052579849	0.01141134090792325	0.0
chr1:173642595	4_lc	0	0.0006773060099678053	0.009045404597471428	0.0
chr1:173642595	3_ec	0	0.0007798924988556427	0.005232232129492718	0.0
chr1:173642595	2_ad	0	0.0012574307669968204	0.014277805553705746	0.0
chr1:173642595	1_h	0	0.0006550145303327446	0.006274263031917132	0.0
chr1:173642682	4_lc	0	0.0008331666919526965	0.01241497552541325	0.0
chr1:173642682	3_ec	0	0.0007416438439035644	0.00259828861143501	0.0
chr1:173642682	2_ad	0	0.0009840807042986522	0.00497675641394785	0.0
chr1:173642682	1_h	0	0.000622168558574855	0.005025707228771982	0.0
chr1:173642683	4_lc	0	0.0007701277466727685	0.012573784657303992	0.0
chr1:173642683	3_ec	0	0.0007838441110193752	0.006480637028839448	0.0
chr1:173642683	2_ad	0	0.0011533033604601934	0.012798549104940004	0.0
chr1:173642683	1_h	0	0.0006537990044840676	0.0067215932935565	0.0
chr1:173677847	4_lc	0	0.000745133811696344	0.010961164394222483	0.0
chr1:173677847	3_ec	0	0.0008363120904616199	0.008266376381736945	0.0
chr1:173677847	2_ad	0	0.0012317752391158973	0.012264636039955321	0.0
chr1:173677847	1_h	0	0.0010412445763774863	0.015567865128182624	0.0
chr1:173678946	4_lc	0	0.0006505318255971736	0.010010471004445807	0.0
chr1:173678946	3_ec	0	0.0007545809036788017	0.0028503636618548637	0.0
chr1:173678946	2_ad	0	0.0010017030985489945	0.006545352133990231	0.0
chr1:173678946	1_h	0	0.0005984695983444809	0.004484026197828725	0.0
chr1:173683103	4_lc	0	0.0007031771306345785	0.010881936609287657	0.0
chr1:173683103	3_ec	0	0.0008777933744562365	0.008853996056917187	0.0
chr1:173683103	2_ad	0	0.001377550048000415	0.015409604133369264	0.0
chr1:173683103	1_h	0	0.0007525545935739893	0.009383914883201722	0.0
chr1:173695597	4_lc	0	0.0006273770034998153	0.007768692446319833	0.0
chr1:173695597	3_ec	0	0.0008242308480987282	0.008888041671703808	0.0
chr1:173695597	2_ad	0	0.000944478596578265	0.0026390046477120705	0.0
chr1:173695597	1_h	0	0.0009208535418888157	0.013142945010485923	0.0
chr1:173727761	4_lc	0	0.000631622081124388	0.008239095004867969	0.0
chr1:173727761	3_ec	0	0.0007404369547840312	0.0023180425421916984	0.0
chr1:173727761	2_ad	0	0.001055637715510565	0.008883244639812863	0.0
chr1:173727761	1_h	0	0.0006412077940863523	0.005992586649369476	0.0
chr1:173732280	4_lc	0	0.0006402407826062494	0.006898555933243135	0.0
chr1:173732280	3_ec	0	0.0007598718637199521	0.0032029998056653415	0.0
chr1:173732280	2_ad	0	0.0010087911519149385	0.007728866413017946	0.0
chr1:173732280	1_h	0	0.0006538218028620273	0.0073553140346951556	0.0
chr1:173732310	4_lc	0	0.0006382896709053464	0.008850051473127373	0.0
chr1:173732310	3_ec	0	0.0007921286444117578	0.005926616211188263	0.0
chr1:173732310	2_ad	0	0.0009957158018119492	0.00627565622363923	0.0
chr1:173732310	1_h	0	0.0006983863909972036	0.00852842058816325	0.0
chr1:173732408	4_lc	0	0.000685650078377794	0.009717342622274324	0.0
chr1:173732408	3_ec	0	0.0007908228528788184	0.005787196138759453	0.0
chr1:173732408	2_ad	0	0.0011932870867799356	0.013530358548188246	0.0
chr1:173732408	1_h	0	0.0007126748040591046	0.008468652884525434	0.0
chr1:173751632	4_lc	0	0.0006187776233032347	0.006192094466863113	0.0
chr1:173751632	3_ec	0	0.0008251650178231042	0.009049816905759114	0.0
chr1:173751632	2_ad	0	0.0010332662184312693	0.007361768772794726	0.0
chr1:173751632	1_h	0	0.0006916377484812832	0.00814974243529476	0.0
chr1:173752015	4_lc	0	0.0006237203648275809	0.006285905045868152	0.0
chr1:173752015	3_ec	0	0.0008045094334754559	0.005724421732857713	0.0
chr1:173752015	2_ad	0	0.0012828418120787114	0.014418182191316648	0.0
chr1:173752015	1_h	0	0.000748898522826386	0.011714179233725875	0.0
chr1:173752043	4_lc	0	0.0007037766171721137	0.009102579028884533	0.0
chr1:173752043	3_ec	0	0.0008643883979051606	0.008289211844814157	0.0
chr1:173752043	2_ad	0	0.0012862322600003862	0.014785754243590422	0.0
chr1:173752043	1_h	0	0.000714553362757752	0.008132941443558904	0.0
chr1:173755645	4_lc	0	0.0006441226422726704	0.009312505507618224	0.0
chr1:173755645	3_ec	0	0.0008215601136276387	0.008721164700612946	0.0
chr1:173755645	2_ad	0	0.001066504572613883	0.008591594007866554	0.0
chr1:173755645	1_h	0	0.0007789485310773969	0.010295554033139122	0.0
chr1:173755683	4_lc	0	0.000567027472049712	0.0031069251447618912	0.0
chr1:173755683	3_ec	0	0.0009268183024536942	0.011426551341809041	0.0
chr1:173755683	2_ad	0	0.0010743262862869562	0.01049688828728495	0.0
chr1:173755683	1_h	0	0.0007649506667621508	0.011341773203803064	0.0
chr1:173755714	4_lc	0	0.0006232758241636125	0.0074664989845324185	0.0
chr1:173755714	3_ec	0	0.0007532039401528749	0.0034275620523061107	0.0
chr1:173755714	2_ad	0	0.00151819042247177	0.018430544824389685	0.0
chr1:173755714	1_h	0	0.000979231264110211	0.014840897707953686	0.0
chr1:173759476	4_lc	0	0.0006532297325722527	0.006994643283251047	0.0
chr1:173759476	3_ec	0	0.0007771736431092203	0.005859839867539963	0.0
chr1:173759476	2_ad	0	0.001108336277551826	0.009714451618909437	0.0
chr1:173759476	1_h	0	0.0006512856842808156	0.006720179855249875	0.0
chr1:173759539	4_lc	0	0.00076599715700008	0.01045098166112815	0.0
chr1:173759539	3_ec	0	0.000962341363153979	0.010941567653419481	0.0
chr1:173759539	2_ad	0	0.002004546526111222	0.0244407091603658	0.0
chr1:173759539	1_h	0	0.0011575884943654966	0.0175025231669206	0.0
chr1:173924127	4_lc	0	0.0006095006068180954	0.00596678972955077	0.0
chr1:173924127	3_ec	0	0.0007773634305279449	0.005003808556884443	0.0
chr1:173924127	2_ad	0	0.001205675648744969	0.01183556973515278	0.0
chr1:173924127	1_h	0	0.0007083205634217692	0.009274461622299624	0.0
chr1:173926985	4_lc	0	0.000631687176192729	0.008244113057470472	0.0
chr1:173926985	3_ec	0	0.000768501734549988	0.0037563629611478155	0.0
chr1:173926985	2_ad	0	0.0010650730124257782	0.009628293818606533	0.0
chr1:173926985	1_h	0	0.0006537487186740116	0.006244801935545887	0.0
chr1:173937851	4_lc	0	0.0005675283199364126	0.0031392167977922843	0.0
chr1:173937851	3_ec	0	0.0007938024001341344	0.006065507761767556	0.0
chr1:173937851	2_ad	0	0.0010447818482508472	0.008160323061502802	0.0
chr1:173937851	1_h	0	0.0006364844482594153	0.006084766550004593	0.0
chr1:173938005	4_lc	0	0.0006175915726323641	0.006414372742616644	0.0
chr1:173938005	3_ec	0	0.000805775803373552	0.007663366552363478	0.0
chr1:173938005	2_ad	0	0.0013648666198658392	0.01509421399802385	0.0
chr1:173938005	1_h	0	0.0009512210034166817	0.013446004645757372	0.0
chr1:173963817	4_lc	0	0.0006065034295228546	0.005676737372340797	0.0
chr1:173963817	3_ec	0	0.0008146655069079179	0.00795574100129513	0.0
chr1:173963817	2_ad	0	0.0009455228928408465	0.0027008756104721127	0.0
chr1:173963817	1_h	0	0.0007705309667868211	0.011521558009660626	0.0
chr1:173963976	4_lc	0	0.0006362895018625905	0.008647430800379554	0.0
chr1:173963976	3_ec	0	0.0007543625318278433	0.002853703567579367	0.0
chr1:173963976	2_ad	0	0.0010769839859148043	0.010560225645517448	0.0
chr1:173963976	1_h	0	0.0006458587937165821	0.006209330958925988	0.0
chr1:173971432	4_lc	0	0.0006245242620434826	0.005842874630033636	0.0
chr1:173971432	3_ec	0	0.0007277531830481531	0.001528731194148167	0.0
chr1:173971432	2_ad	0	0.0010609550155735224	0.008770422274310649	0.0
chr1:173971432	1_h	0	0.0006537695410882331	0.00627818499318138	0.0
chr1:173972304	4_lc	0	0.0006955205323137841	0.00877430111935236	0.0
chr1:173972304	3_ec	0	0.0008641550133250267	0.009271738727290254	0.0
chr1:173972304	2_ad	0	0.0010742295589206657	0.010264034744269575	0.0
chr1:173972304	1_h	0	0.0007679877067667373	0.011420773783702673	0.0
chr1:173974843	4_lc	0	0.0006278648391011961	0.006688580582204813	0.0
chr1:173974843	3_ec	0	0.0008341600578436704	0.00828493028865956	0.0
chr1:173974843	2_ad	0	0.0011344327933826524	0.011533668276783725	0.0
chr1:173974843	1_h	0	0.0006960958805826009	0.01057163560320751	0.0
chr1:173974844	4_lc	0	0.0006661242838846265	0.008215742227024102	0.0
chr1:173974844	3_ec	0	0.0007765493052083893	0.004884441818797579	0.0
chr1:173974844	2_ad	0	0.0010697209905866979	0.008983576875167093	0.0
chr1:173974844	1_h	0	0.0007883775817262766	0.012773141368705235	0.0
chr1:173977342	4_lc	0	0.0005777559324785871	0.0037014530988891056	0.0
chr1:173977342	3_ec	0	0.0008042790193688109	0.007071985035014176	0.0
chr1:173977342	2_ad	0	0.000992846457913797	0.006258358294770042	0.0
chr1:173977342	1_h	0	0.000571857254802474	0.0022581001004208915	0.0
chr1:173977345	4_lc	0	0.0005958725763373424	0.005020429428590621	0.0
chr1:173977345	3_ec	0	0.0007916291682879643	0.005868120882291689	0.0
chr1:173977345	2_ad	0	0.0010235436388468504	0.006769682730905994	0.0
chr1:173977345	1_h	0	0.0006070781465710839	0.005027771491705635	0.0
chr1:173977346	4_lc	0	0.0006368564867374719	0.006648530497312364	0.0
chr1:173977346	3_ec	0	0.0008212884106120236	0.008615770749534056	0.0
chr1:173977346	2_ad	0	0.0010760926676838221	0.010635820454784362	0.0
chr1:173977346	1_h	0	0.0006545982340936266	0.007338209136736855	0.0
chr1:174027285	4_lc	0	0.0006412619568530801	0.009143089011167038	0.0
chr1:174027285	3_ec	0	0.000768634366486473	0.0038708894759881076	0.0
chr1:174027285	2_ad	0	0.0010140519713852897	0.008246380114820873	0.0
chr1:174027285	1_h	0	0.0006495147481512652	0.007063766171377298	0.0
chr1:174027320	4_lc	0	0.00064933929404866	0.009891196442068328	0.0
chr1:174027320	3_ec	0	0.0007582094281587304	0.0030523771115520846	0.0
chr1:174027320	2_ad	0	0.0010228897896450591	0.009045411910712033	0.0
chr1:174027320	1_h	0	0.0006674359221325314	0.006850369036598633	0.0
chr1:174028272	4_lc	0	0.0006670324811145116	0.01038534550722557	0.0
chr1:174028272	3_ec	0	0.0007774042695283661	0.005336290483240422	0.0
chr1:174028272	2_ad	0	0.0010290363259044762	0.007137453680937267	0.0
chr1:174028272	1_h	0	0.0006733839016646937	0.00688224311796596	0.0
chr1:174042217	4_lc	0	0.0005831226557477793	0.0040318745694959334	0.0
chr1:174042217	3_ec	0	0.0008362142522308551	0.01013971675416143	0.0
chr1:174042217	2_ad	0	0.0009556343295519124	0.0032094265610532443	0.0
chr1:174042217	1_h	0	0.0006680726694605931	0.006839781403806836	0.0
chr1:174042510	4_lc	0	0.0006096850057220327	0.006195734513027305	0.0
chr1:174042510	3_ec	0	0.0008197793114619664	0.008471101330782117	0.0
chr1:174042510	2_ad	0	0.0009994973379478344	0.006820186588603912	0.0
chr1:174042510	1_h	0	0.0007318273999186574	0.009195047839081786	0.0
chr1:174042763	4_lc	0	0.0005547976244200249	0.0028668355180256934	0.0
chr1:174042763	3_ec	0	0.0007732190781603934	0.004261072018745502	0.0
chr1:174042763	2_ad	0	0.001006473048327017	0.0075115282395266875	0.0
chr1:174042763	1_h	0	0.0006594566689836938	0.007817282040466573	0.0
chr1:174050519	4_lc	0	0.0005582478310894366	0.002889847290207903	0.0
chr1:174050519	3_ec	0	0.0007481385823459945	0.0025135793943209367	0.0
chr1:174050519	2_ad	0	0.0011119619653030927	0.010702719162925263	0.0
chr1:174050519	1_h	0	0.0006393789153901646	0.0062914293790015535	0.0
chr1:174051310	4_lc	0	0.0006931892939899842	0.010106458579058985	0.0
chr1:174051310	3_ec	0	0.0008793943915894896	0.01105353533859622	0.0
chr1:174051310	2_ad	0	0.0012557055530745599	0.012916124042193607	0.0
chr1:174051310	1_h	0	0.0006922264676083447	0.008315675594876453	0.0
chr1:174069533	4_lc	0	0.0006126710436405064	0.0061841565437619084	0.0
chr1:174069533	3_ec	0	0.0008241350649131732	0.009011169457177382	0.0
chr1:174069533	2_ad	0	0.0011030305503418034	0.010039820859385602	0.0
chr1:174069533	1_h	0	0.0006617404015131114	0.0066616559822768855	0.0
chr1:174089147	4_lc	0	0.000618073944473175	0.006984513261716774	0.0
chr1:174089147	3_ec	0	0.0007850620265220209	0.005269926334014127	0.0
chr1:174089147	2_ad	0	0.0010672076883495236	0.009888031202298203	0.0
chr1:174089147	1_h	0	0.0006314744667872302	0.008027404908093798	0.0
chr1:174099583	4_lc	0	0.0007613890103911974	0.010757634840690233	0.0
chr1:174099583	3_ec	0	0.0008783756510614926	0.010382392961649767	0.0
chr1:174099583	2_ad	0	0.001112297208331609	0.009962874582667229	0.0
chr1:174099583	1_h	0	0.0012200368173239582	0.017345663935323646	0.0
chr1:174099589	4_lc	0	0.0006992831431761199	0.010539107905620017	0.0
chr1:174099589	3_ec	0	0.0010863753600236273	0.014382742438336043	0.0
chr1:174099589	2_ad	0	0.0011718734543528495	0.012195210766954151	0.0
chr1:174099589	1_h	0	0.0012887052598745373	0.018501224274969676	0.0
chr1:174099602	4_lc	0	0.0007245444476686705	0.01019205997963099	0.0
chr1:174099602	3_ec	0	0.0009354628044319583	0.012125869414253318	0.0
chr1:174099602	2_ad	0	0.001124493928243759	0.011367163555916313	0.0
chr1:174099602	1_h	0	0.0006036219703375068	0.004317013016889752	0.0
chr1:174099842	4_lc	0	0.0005812912640171397	0.0038228938203780168	0.0
chr1:174099842	3_ec	0	0.0007904767236237302	0.005337549684177968	0.0
chr1:174099842	2_ad	0	0.0010801860440287198	0.008755032649743732	0.0
chr1:174099842	1_h	0	0.0006359312523170515	0.008477882703627324	0.0
chr1:174099904	4_lc	0	0.0006083549761922533	0.006041966678761119	0.0
chr1:174099904	3_ec	0	0.0008035529426636227	0.006914980112673389	0.0
chr1:174099904	2_ad	0	0.0010448857259896017	0.007605137318203755	0.0
chr1:174099904	1_h	0	0.0007165896046360003	0.009959148415613756	0.0
chr1:174100009	4_lc	0	0.000644826196823277	0.009365975411847824	0.0
chr1:174100009	3_ec	0	0.0008535420184057392	0.008588307994576211	0.0
chr1:174100009	2_ad	0	0.0010929314178191177	0.009415854332701113	0.0
chr1:174100009	1_h	0	0.0006651847416059651	0.006683968392757474	0.0
chr1:174100057	4_lc	0	0.0006838810361387062	0.009798647837524762	0.0
chr1:174100057	3_ec	0	0.0008598087312642548	0.008945936016851536	0.0
chr1:174100057	2_ad	0	0.0010070278745950097	0.007531818528738342	0.0
chr1:174100057	1_h	0	0.0006865073372966476	0.007865244142197431	0.0
chr1:174100309	4_lc	0	0.0006212145271334235	0.007170889632005813	0.0
chr1:174100309	3_ec	0	0.0007948118788460476	0.006159236151110578	0.0
chr1:174100309	2_ad	0	0.0010261008137161828	0.009390063987786785	0.0
chr1:174100309	1_h	0	0.0007782985960674062	0.01021195497396979	0.0
chr1:174117696	4_lc	0	0.0006265539799614556	0.00775949778277257	0.0
chr1:174117696	3_ec	0	0.0008213100185546599	0.008667748162488742	0.0
chr1:174117696	2_ad	0	0.0011364785709442277	0.010593895087105797	0.0
chr1:174117696	1_h	0	0.0006634688579695732	0.008037815169754093	0.0
chr1:174136762	4_lc	0	0.0008138930637670717	0.013298082615760359	0.0
chr1:174136762	3_ec	0	0.0007616661673427796	0.00434887996612797	0.0
chr1:174136762	2_ad	0	0.0012525889557029096	0.013020857177095753	0.0
chr1:174136762	1_h	0	0.0007829541571149884	0.01015472140295029	0.0
chr1:174136992	4_lc	0	0.0006180565719063445	0.006236591681524068	0.0
chr1:174136992	3_ec	0	0.0008253678019324367	0.009127907339887649	0.0
chr1:174136992	2_ad	0	0.001027649344406239	0.009526561014078517	0.0
chr1:174136992	1_h	0	0.00065832391954487	0.006558911210965889	0.0
chr1:174137174	4_lc	0	0.0005800907891104868	0.0038213170539048323	0.0
chr1:174137174	3_ec	0	0.0008137746318821314	0.006305695149559159	0.0
chr1:174137174	2_ad	0	0.0010223884197686215	0.008984585975617297	0.0
chr1:174137174	1_h	0	0.0006291767380502349	0.005579466709661367	0.0
chr1:174159625	4_lc	0	0.0006087408416088116	0.006067904151084369	0.0
chr1:174159625	3_ec	0	0.0008048992652246898	0.007018649990062522	0.0
chr1:174159625	2_ad	0	0.0009695347365319404	0.004125387029475289	0.0
chr1:174159625	1_h	0	0.0008080570107705807	0.010579160213829366	0.0
chr1:174198368	4_lc	0	0.0007060520458551837	0.009149029619127601	0.0
chr1:174198368	3_ec	0	0.0009637082657043194	0.011593025917281364	0.0
chr1:174198368	2_ad	0	0.0011587405024761752	0.011364768274307801	0.0
chr1:174198368	1_h	0	0.0008011788829571158	0.011271398638929482	0.0
chr1:174207137	4_lc	0	0.0005815388185686182	0.003954326282766718	0.0
chr1:174207137	3_ec	0	0.0008550777277472359	0.008680928565291882	0.0
chr1:174207137	2_ad	0	0.001291887358733765	0.013939524569933618	0.0
chr1:174207137	1_h	0	0.0007262256544017552	0.008797160135128598	0.0
chr1:174214134	4_lc	0	0.0006442699300622434	0.009313887906065388	0.0
chr1:174214134	3_ec	0	0.0009799454011734272	0.012944867494621889	0.0
chr1:174214134	2_ad	0	0.001001918957706019	0.005890142382537416	0.0
chr1:174214134	1_h	0	0.0006914003303843579	0.008215650639780206	0.0
chr1:174240192	4_lc	0	0.0006336114009614491	0.008438899540912804	0.0
chr1:174240192	3_ec	0	0.0007373167251181118	0.0023067154486270786	0.0
chr1:174240192	2_ad	0	0.0010304617728383071	0.007225787160856949	0.0
chr1:174240192	1_h	0	0.0005615282349725764	0.0014316855206659225	0.0
chr1:174249989	4_lc	0	0.0006025394922873062	0.005379004391449523	0.0
chr1:174249989	3_ec	0	0.0007697462632655058	0.004045758984381839	0.0
chr1:174249989	2_ad	0	0.001003069814901454	0.005929262739908301	0.0
chr1:174249989	1_h	0	0.0006556369252581078	0.007540815087638521	0.0
chr1:174250364	4_lc	0	0.0006942785822459932	0.009645820501886037	0.0
chr1:174250364	3_ec	0	0.0008139870089179995	0.009499947522982772	0.0
chr1:174250364	2_ad	0	0.0010813553442250027	0.010249333140934696	0.0
chr1:174250364	1_h	0	0.0006879262400984213	0.009646944015754175	0.0
chr1:174330630	4_lc	0	0.0005587268168966239	0.0028961532813834346	0.0
chr1:174330630	3_ec	0	0.0007518833193861402	0.00271808973132601	0.0
chr1:174330630	2_ad	0	0.0010145484718483246	0.006583072401728215	0.0
chr1:174330630	1_h	0	0.0006654115715180407	0.008402921786003303	0.0
chr1:174332767	4_lc	0	0.000666111732929344	0.007449905696570302	0.0
chr1:174332767	3_ec	0	0.0008174381261444302	0.008902084898102113	0.0
chr1:174332767	2_ad	0	0.001044114631592156	0.007522456593867878	0.0
chr1:174332767	1_h	0	0.0006329709355612365	0.00834798614392406	0.0
chr1:174369670	4_lc	0	0.0005613493495605268	0.0029373728223920665	0.0
chr1:174369670	3_ec	0	0.0008085913028827866	0.007439411867683966	0.0
chr1:174369670	2_ad	0	0.000975268248658656	0.004675769513194162	0.0
chr1:174369670	1_h	0	0.0007274536476761071	0.008896556663162055	0.0
chr1:174391176	4_lc	0	0.0006392204005952512	0.006741306845924176	0.0
chr1:174391176	3_ec	0	0.000864919488584815	0.008173428379210066	0.0
chr1:174391176	2_ad	0	0.0009726850305047472	0.004416848330935065	0.0
chr1:174391176	1_h	0	0.0006215062837641415	0.007005409376156145	0.0
chr1:174391779	4_lc	0	0.0005951560651103661	0.004963176633772423	0.0
chr1:174391779	3_ec	0	0.0008710347588989695	0.009948877650364275	0.0
chr1:174391779	2_ad	0	0.0009754606678405418	0.00466865237505322	0.0
chr1:174391779	1_h	0	0.0006854531462577731	0.00782271837804814	0.0
chr1:174391896	4_lc	0	0.0006299684452947801	0.008055045681187494	0.0
chr1:174391896	3_ec	0	0.000820166284803324	0.00853255514006332	0.0
chr1:174391896	2_ad	0	0.0012027558205306322	0.012236085832799115	0.0
chr1:174391896	1_h	0	0.0006524848267318472	0.006415385485109049	0.0
chr1:174391965	4_lc	0	0.0007708326604921994	0.01122801477745234	0.0
chr1:174391965	3_ec	0	0.0008067755991259069	0.007202695737856345	0.0
chr1:174391965	2_ad	0	0.0011027864525014665	0.009944613878126991	0.0
chr1:174391965	1_h	0	0.0009887486534167892	0.013910892476713723	0.0
chr1:174431342	4_lc	0	0.0006447908260179397	0.00830372834175321	0.0
chr1:174431342	3_ec	0	0.0007450623812485348	0.0027662030308194113	0.0
chr1:174431342	2_ad	0	0.0011154984062736186	0.010354669778657642	0.0
chr1:174431342	1_h	0	0.0008377867600310815	0.01157467409015864	0.0
chr1:174502143	4_lc	0	0.0006276103351884315	0.007766331015427555	0.0
chr1:174502143	3_ec	0	0.0008289071590878882	0.009251998470382012	0.0
chr1:174502143	2_ad	0	0.0011229383515873775	0.011154675174804474	0.0
chr1:174502143	1_h	0	0.0008599540390633013	0.011522686139711056	0.0
chr1:174503087	4_lc	0	0.0006832356819439856	0.009623125741029732	0.0
chr1:174503087	3_ec	0	0.0008104882387407512	0.005891807022128378	0.0
chr1:174503087	2_ad	0	0.0010973976770085254	0.009711709620602898	0.0
chr1:174503087	1_h	0	0.0007020035245609708	0.00816535611342054	0.0
chr1:174503160	4_lc	0	0.0006952960447008736	0.008790823851934268	0.0
chr1:174503160	3_ec	0	0.0007596885769663852	0.003228866652527421	0.0
chr1:174503160	2_ad	0	0.0009920565253739339	0.006217227439000404	0.0
chr1:174503160	1_h	0	0.0006297256224064585	0.007858186365305926	0.0
chr1:174503334	4_lc	0	0.0005731493918763166	0.0033654080359974896	0.0
chr1:174503334	3_ec	0	0.0008274734952480271	0.006743588764373265	0.0
chr1:174503334	2_ad	0	0.0009653011707203875	0.003810989346177388	0.0
chr1:174503334	1_h	0	0.0007723754858988346	0.010067905456330834	0.0
chr1:174503339	4_lc	0	0.0006779214871843428	0.008418923288654782	0.0
chr1:174503339	3_ec	0	0.0007842327497249333	0.005681430879242677	0.0
chr1:174503339	2_ad	0	0.0010725558050707674	0.009740913632299434	0.0
chr1:174503339	1_h	0	0.0007364902779415768	0.010674226236558991	0.0
chr1:174608698	4_lc	0	0.0006055851729477738	0.005854633428621986	0.0
chr1:174608698	3_ec	0	0.0007906204393167432	0.005742747799326953	0.0
chr1:174608698	2_ad	0	0.0009879415688003972	0.005736324148025892	0.0
chr1:174608698	1_h	0	0.0006940303347770543	0.00829360699349463	0.0
chr1:174609889	4_lc	0	0.0006533767376719491	0.01029199603934759	0.0
chr1:174609889	3_ec	0	0.0008353012010352803	0.010053987892259376	0.0
chr1:174609889	2_ad	0	0.0009592054397602242	0.0034571607949740453	0.0
chr1:174609889	1_h	0	0.0006001297101327273	0.004398480650639123	0.0
chr1:175609646	4_lc	0	0.0006432614553153761	0.009279244032860595	0.0
chr1:175609646	3_ec	0	0.0008628088660400133	0.00930022319216791	0.0
chr1:175609646	2_ad	0	0.0010680898349316127	0.008737553735546449	0.0
chr1:175609646	1_h	0	0.0006318401381473546	0.0057499497656285144	0.0
chr1:176782254	4_lc	4	0.002254297965941705	0.007323759914395921	0.0
chr1:176782254	3_ec	4	0.0019022777728445576	0.0054542321812423075	0.0
chr1:176782254	2_ad	4	0.002313305982251819	0.0036412340994243144	0.0
chr1:176782254	1_h	4	0.4581194383666697	0.07113595587023523	0.3511450381679389
chr1:176826202	4_lc	4	0.0022954968876160897	0.008903862841854293	0.0
chr1:176826202	3_ec	4	0.0018893388555322197	0.0038632632045241537	0.0
chr1:176826202	2_ad	4	0.0023359866347678537	0.0050449463375388465	0.0
chr1:176826202	1_h	4	0.45841331730607887	0.06999357761033903	0.3560606060606061
chr1:176840343	4_lc	4	0.0023214929869592974	0.008908796227216914	0.0
chr1:176840343	3_ec	4	0.001883546199207025	0.0024358802699982036	0.0
chr1:176840343	2_ad	4	0.0023230892772243593	0.0032023378908025927	0.0
chr1:176840343	1_h	4	0.4634288733935905	0.05221162352643386	0.4631578947368421
chr1:179043861	4_lc	4	0.002287226268537533	0.009279721996399839	0.0
chr1:179043861	3_ec	4	0.0018669217545597095	0.004590546104481405	0.0
chr1:179043861	2_ad	4	0.0023111802761408527	0.005545719130229014	0.0
chr1:179043861	1_h	4	0.44972226708187124	0.09253667221503004	0.2796610169491525
chr1:179609803	4_lc	4	0.0019632165555380494	0.010907888589946419	0.0
chr1:179609803	3_ec	4	0.0015958865498552515	0.0025211673952451282	0.0
chr1:179609803	2_ad	4	0.002059841204136531	0.006412238057466278	0.0
chr1:179609803	1_h	4	0.359611429194582	0.19612232407710328	0.11952191235059761
chr1:179748643	4_lc	4	0.002326888824745864	0.010220567653051264	0.0
chr1:179748643	3_ec	4	0.0019077392718910584	0.005348493199497345	0.0
chr1:179748643	2_ad	4	0.0023878611476682832	0.009454703417210907	0.0
chr1:179748643	1_h	4	0.460268414611118	0.06386646779277051	0.39429928741092635
chr1:179752948	4_lc	4	0.0023431426865453287	0.010470766761208544	0.0
chr1:179752948	3_ec	4	0.0019340444117938297	0.006348627744958516	0.0
chr1:179752948	2_ad	4	0.002381838963839056	0.007598885028325612	0.0
chr1:179752948	1_h	4	0.46299056374315806	0.05372814545761015	0.4562899786780384
chr1:179753766	4_lc	4	0.0023585670356161955	0.011796568403732596	0.0
chr1:179753766	3_ec	4	0.0019376460381099357	0.006809175206774176	0.0
chr1:179753766	2_ad	4	0.002331300097435575	0.003442778414834461	0.0
chr1:179753766	1_h	4	0.4630705385160838	0.053512062868979915	0.44924406047516197
chr1:179762572	4_lc	4	0.002312321799959346	0.01147460096422708	0.0
chr1:179762572	3_ec	4	0.0018854685738063186	0.005286028450577164	0.0
chr1:179762572	2_ad	4	0.00232249279392771	0.00606875668958649	0.0
chr1:179762572	1_h	4	0.4522776237487513	0.08649129578319364	0.3
chr1:179763595	4_lc	4	0.00235914412392891	0.01223813667084068	0.0
chr1:179763595	3_ec	4	0.0019516750133335876	0.009081961151703599	0.0
chr1:179763595	2_ad	4	0.002362164302108373	0.0069081027314986075	0.0
chr1:179763595	1_h	4	0.4597207152950457	0.06615575316605637	0.375
chr1:180084420	4_lc	4	0.0019694390528040037	0.008686057696513606	0.0
chr1:180084420	3_ec	4	0.0016369246324622535	0.005169083978000116	0.0
chr1:180084420	2_ad	4	0.002148236191863937	0.008672679392684736	0.0
chr1:180084420	1_h	4	0.36340382469210875	0.19411080259245764	0.12
chr1:180333341	4_lc	4	0.0022721380122052623	0.007256877564358639	0.0
chr1:180333341	3_ec	4	0.0019644387754270396	0.009794449320572893	0.0
chr1:180333341	2_ad	4	0.002355347981067098	0.005549358459550386	0.0
chr1:180333341	1_h	4	0.46207173307967814	0.05699178804658082	0.4420131291028446
chr1:180333680	4_lc	4	0.0022782103179044325	0.007453319108413922	0.0
chr1:180333680	3_ec	4	0.0018936743368169666	0.003685459921533462	0.0
chr1:180333680	2_ad	4	0.002373696171358098	0.007817531032627745	0.0
chr1:180333680	1_h	4	0.46153384735589853	0.05943329559044004	0.39858490566037735
chr1:181055314	4_lc	4	0.00233390000414486	0.010513857015319192	0.0
chr1:181055314	3_ec	4	0.0019509066398789951	0.00922557452457236	0.0
chr1:181055314	2_ad	4	0.0023655229703558145	0.007233682296928206	0.0
chr1:181055314	1_h	4	0.46050149425343545	0.06322328018520021	0.4028103044496487
chr1:181117471	4_lc	4	0.0023100195334159346	0.008293592989159753	0.0
chr1:181117471	3_ec	4	0.0019066631397665044	0.003797995412244895	0.0
chr1:181117471	2_ad	4	0.0023232064729902806	0.003127859452326309	0.0
chr1:181117471	1_h	4	0.46354221199658413	0.0513200596100576	0.5
chr1:181409714	4_lc	4	0.0023331895352040745	0.009699393692976585	0.0
chr1:181409714	3_ec	4	0.001972057323524635	0.009943293915463237	0.0
chr1:181409714	2_ad	4	0.0023751470701586504	0.007068614144769611	0.0
chr1:181409714	1_h	4	0.46311907455397033	0.052980555436318716	0.4698544698544699
chr1:181831695	4_lc	4	0.002229841816083335	0.008158609633222546	0.0
chr1:181831695	3_ec	4	0.001855308842197225	0.00530503645467422	0.0
chr1:181831695	2_ad	4	0.0022978304422680913	0.005621230647775381	0.0
chr1:181831695	1_h	4	0.442807818563305	0.1072886719594861	0.23423423423423423
chr1:184801966	4_lc	4	0.0022757945255065452	0.007472024739618639	0.0
chr1:184801966	3_ec	4	0.0018924531398445967	0.0037496774507590827	0.0
chr1:184801966	2_ad	4	0.0024328398214584217	0.009542063930039136	0.0
chr1:184801966	1_h	4	0.4608100027711062	0.061556400300127684	0.39858490566037735
chr1:184804018	4_lc	4	0.0023318749450141935	0.00950503674083361	0.0
chr1:184804018	3_ec	4	0.0019165590728291101	0.004779645235225271	0.0
chr1:184804018	2_ad	4	0.002412423057014513	0.010180678979373097	0.0
chr1:184804018	1_h	4	0.4636218935222252	0.051419893739809555	0.48897795591182364
chr1:184841383	4_lc	4	0.0023278155508041683	0.009902694148565353	0.0
chr1:184841383	3_ec	4	0.0019285520195704293	0.007364247212289517	0.0
chr1:184841383	2_ad	4	0.0023908502696240175	0.009726759574555316	0.0
chr1:184841383	1_h	4	0.4595449938537247	0.0665798299389262	0.3765281173594132
chr1:185259500	4_lc	4	0.0023531927626064437	0.011425699875887641	0.0
chr1:185259500	3_ec	4	0.0018848130827178785	0.0024981096698503615	0.0
chr1:185259500	2_ad	4	0.0023204462639106107	0.0030655609932274874	0.0
chr1:185259500	1_h	4	0.4631305468147628	0.053274486643434156	0.4698544698544699
chr1:185260433	4_lc	4	0.002309961064344354	0.008292201500537546	0.0
chr1:185260433	3_ec	4	0.0019635897560736646	0.008535095675457214	0.0
chr1:185260433	2_ad	4	0.002390379619826161	0.00781395135606529	0.0
chr1:185260433	1_h	4	0.46384285279128973	0.04973381321107393	0.5
chr1:185263644	4_lc	4	0.0023389807510887893	0.010641287964168373	0.0
chr1:185263644	3_ec	4	0.0019207295570456842	0.006079678179951767	0.0
chr1:185263644	2_ad	4	0.0023178606803541464	0.003322100128516781	0.0
chr1:185263644	1_h	4	0.4606433368955171	0.06283064250647319	0.39429928741092635
chr1:185352198	4_lc	4	0.002283999031626394	0.0073594154699108865	0.0
chr1:185352198	3_ec	4	0.0019391574580869318	0.007120695700290445	0.0
chr1:185352198	2_ad	4	0.0023900796830788264	0.007214481753277953	0.0
chr1:185352198	1_h	4	0.46272446066828354	0.054446927965865914	0.44924406047516197
chr1:185352276	4_lc	4	0.002315035976595291	0.008840068079917813	0.0
chr1:185352276	3_ec	4	0.001944212321152024	0.007868426571599293	0.0
chr1:185352276	2_ad	4	0.002338449606349919	0.00430042401624655	0.0
chr1:185352276	1_h	4	0.46171995428817547	0.05866224880725998	0.42953020134228187
chr1:185370937	4_lc	4	0.0022566657063389324	0.007224998867803824	0.0
chr1:185370937	3_ec	4	0.0018697258612983359	0.0024090684156379966	0.0
chr1:185370937	2_ad	4	0.002342859635037941	0.005244214224740086	0.0
chr1:185370937	1_h	4	0.4602170230097911	0.06352096463694457	0.39429928741092635
chr1:185373044	4_lc	4	0.002224015064142672	0.007898970257504774	0.0
chr1:185373044	3_ec	4	0.001893648797599222	0.009010877036446126	0.0
chr1:185373044	2_ad	4	0.0022991864563750093	0.006445064797355872	0.0
chr1:185373044	1_h	4	0.44269688075973573	0.10708007316479617	0.24107142857142858
chr1:185397169	4_lc	4	0.0021320915171728605	0.006869503942993096	0.0
chr1:185397169	3_ec	4	0.0018312417953115442	0.006026723825059965	0.0
chr1:185397169	2_ad	4	0.002273371850974389	0.005528393080053903	0.0
chr1:185397169	1_h	4	0.43036237042979636	0.1277477442972572	0.205607476635514
chr1:186100241	4_lc	4	0.0023135100035463455	0.009073047968080636	0.0
chr1:186100241	3_ec	4	0.0019458838823123734	0.009579010791749186	0.0
chr1:186100241	2_ad	4	0.0023255647697274584	0.004622317167397715	0.0
chr1:186100241	1_h	4	0.4577503886355574	0.07196296916057164	0.3511450381679389
chr1:186114285	4_lc	4	0.002331265464783723	0.009548363119749543	0.0
chr1:186114285	3_ec	4	0.001902381867708728	0.0034946592793122493	0.0
chr1:186114285	2_ad	4	0.0023157908150070856	0.0030013269584310367	0.0
chr1:186114285	1_h	4	0.4631598170053603	0.05280127292163468	0.4720496894409938
chr1:186739660	4_lc	4	0.0020850992644292567	0.011776583015720092	0.0
chr1:186739660	3_ec	4	0.0017575776805045895	0.008266348853159595	0.0
chr1:186739660	2_ad	4	0.0020908549561348003	0.003650459087563735	0.0
chr1:186739660	1_h	4	0.3861988508964913	0.17703208942492402	0.14181818181818182
chr1:186739764	4_lc	4	0.0023366482015986364	0.010056240794157836	0.0
chr1:186739764	3_ec	4	0.001890572128949075	0.0037587711584166467	0.0
chr1:186739764	2_ad	4	0.0022998950083984856	0.002985780027460753	0.0
chr1:186739764	1_h	4	0.4610762201346656	0.06161876448757432	0.4151376146788991
chr1:188576187	4_lc	4	0.0023385440088312583	0.009680291627886337	0.0
chr1:188576187	3_ec	4	0.0019055186252179223	0.004012972003033613	0.0
chr1:188576187	2_ad	4	0.0023807959658177537	0.007679724057831574	0.0
chr1:188576187	1_h	4	0.4632109324057309	0.05295851371171245	0.4827586206896552
chr1:188626705	4_lc	4	0.0023405295571104195	0.01001836357025227	0.0
chr1:188626705	3_ec	4	0.0019357951471178066	0.006240978539579392	0.0
chr1:188626705	2_ad	4	0.0023161714683047345	0.0029828397658873233	0.0
chr1:188626705	1_h	4	0.4638401231588827	0.05063875225294121	0.4827586206896552
chr1:188628608	4_lc	4	0.002279569933463162	0.007843722973548628	0.0
chr1:188628608	3_ec	4	0.0019021977837873883	0.004817435379615947	0.0
chr1:188628608	2_ad	4	0.002372961035344323	0.008411144911881604	0.0
chr1:188628608	1_h	4	0.4589314968580358	0.06818037925625259	0.3765281173594132
chr1:188628654	4_lc	4	0.002263972809324525	0.007469691121277884	0.0
chr1:188628654	3_ec	4	0.0019035322616666032	0.005748785388904506	0.0
chr1:188628654	2_ad	4	0.002321988782475913	0.0046764473313169385	0.0
chr1:188628654	1_h	4	0.45636864729445287	0.07629631431583112	0.33070866141732286
chr1:188633717	4_lc	4	0.002131368037843018	0.0066517612882908425	0.0
chr1:188633717	3_ec	4	0.001794592387598514	0.0026986130539146287	0.0
chr1:188633717	2_ad	4	0.0022873435387411605	0.006019884825457402	0.0
chr1:188633717	1_h	4	0.4319751040017197	0.1251181361217002	0.21296296296296297
chr1:188864735	4_lc	4	0.002299629593641438	0.007855823488036163	0.0
chr1:188864735	3_ec	4	0.0019260036731254821	0.005650903885067114	0.0
chr1:188864735	2_ad	4	0.00241451635931576	0.007804162910583267	0.0
chr1:188864735	1_h	4	0.46322034179012445	0.05236435064675429	0.4631578947368421
chr1:26687400	4_lc	0	0.0006122954316997632	0.006409161365862258	0.0
chr1:26687400	3_ec	0	0.0007740918093691611	0.004250473645320042	0.0
chr1:26687400	2_ad	0	0.001236797505122833	0.012663783419786287	0.0
chr1:26687400	1_h	0	0.0006599699453326362	0.006652203208064552	0.0
chr1:85099620	4_lc	0	0.0007286352577781988	0.009493927418198028	0.0
chr1:85099620	3_ec	0	0.0007462549057558152	0.0024099489346925277	0.0
chr1:85099620	2_ad	0	0.0011436202344406224	0.012434847505529232	0.0
chr1:85099620	1_h	0	0.0010248733541566861	0.015040949711142785	0.0
chr1:85247131	4_lc	0	0.0006269735858862629	0.007808553195394731	0.0
chr1:85247131	3_ec	0	0.0007759785549166745	0.0044925843180106725	0.0
chr1:85247131	2_ad	0	0.00093651376427273	0.0025229382467343016	0.0
chr1:85247131	1_h	0	0.0006257165072292959	0.007463333431551403	0.0
chr1:85270052	4_lc	0	0.0006170316981378575	0.0059223802904264005	0.0
chr1:85270052	3_ec	0	0.0008201224341781236	0.008561603641272208	0.0
chr1:85270052	2_ad	0	0.0010033004986124206	0.006014916259737452	0.0
chr1:85270052	1_h	0	0.0007358319391391848	0.009322778148497418	0.0
chr1:85584926	4_lc	0	0.0009141318767502596	0.013928883483939185	0.0
chr1:85584926	3_ec	0	0.0009178298768448013	0.010908549723291916	0.0
chr1:85584926	2_ad	0	0.0011295622479621482	0.011688238427478051	0.0
chr1:85584926	1_h	0	0.0006458299680802393	0.0066037517112106855	0.0
chr1:85584939	4_lc	1	0.5560139310260359	0.06826329443534683	0.34782608695652173
chr1:85584939	3_ec	1	0.5430116970923167	0.07161071321923028	0.18900343642611683
chr1:85584939	2_ad	1	0.5512548982194428	0.06492261184039748	0.3342036553524804
chr1:85584939	1_h	1	0.5473973714115427	0.0676641698332748	0.3795620437956204
chr1:85586250	4_lc	0	0.0007016581744341147	0.008471181770457675	0.0
chr1:85586250	3_ec	0	0.0007315898267500519	0.0016978781928746183	0.0
chr1:85586250	2_ad	0	0.0010932881872639565	0.009157629556967556	0.0
chr1:85586250	1_h	0	0.0008107225277655329	0.010481420654083334	0.0
chr1:85586254	4_lc	0	0.0006801164563067099	0.009393490664753455	0.0
chr1:85586254	3_ec	0	0.0008339049655881134	0.009944250394320285	0.0
chr1:85586254	2_ad	0	0.0009943642954539757	0.005729050745752873	0.0
chr1:85586254	1_h	0	0.0006007992900040204	0.0045044050246516925	0.0
chr1:85586281	4_lc	0	0.0006030933462939795	0.005402066140795426	0.0
chr1:85586281	3_ec	0	0.0008283534015791073	0.009382196839110204	0.0
chr1:85586281	2_ad	0	0.0009868158074108273	0.0056653594435751705	0.0
chr1:85586281	1_h	0	0.0006578280921496798	0.006809267155772045	0.0
chr1:85587494	4_lc	0	0.0006845296329324147	0.009787702068968574	0.0
chr1:85587494	3_ec	0	0.0008282035232425875	0.006819230132527302	0.0
chr1:85587494	2_ad	0	0.0011851746697459273	0.013127820304510237	0.0
chr1:85587494	1_h	0	0.0005601643314553674	0.001245855919169431	0.0
chr1:85591555	4_lc	1	0.5580028453723695	0.06821963444914099	0.5
chr1:85591555	3_ec	1	0.5575487486769355	0.07810944418316929	0.5
chr1:85591555	2_ad	1	0.5509560606692769	0.05644193804827775	0.5
chr1:85591555	1_h	1	0.5444904983708745	0.05805639186344705	0.5
chr1:85591619	4_lc	0	0.0005954585727994385	0.004972720020986616	0.0
chr1:85591619	3_ec	0	0.0008246867836650395	0.008977567769146043	0.0
chr1:85591619	2_ad	0	0.001035003340394499	0.01023163015220672	0.0
chr1:85591619	1_h	0	0.0006507373449886637	0.006677883131241638	0.0
chr1:85595989	4_lc	0	0.0009348096425867233	0.014291374867457799	0.0
chr1:85595989	3_ec	0	0.0008926555027699943	0.011536160659521007	0.0
chr1:85595989	2_ad	0	0.0012449112075910683	0.014421218617663937	0.0
chr1:85595989	1_h	0	0.0008120792144343575	0.010635996787566623	0.0
chr1:85601172	4_lc	0	0.0007456885799779575	0.011480174958913198	0.0
chr1:85601172	3_ec	0	0.0008568726361839435	0.008998510380151547	0.0
chr1:85601172	2_ad	0	0.001034955403424479	0.010251551374081201	0.0
chr1:85601172	1_h	0	0.0007385810789409948	0.00905505092665953	0.0
chr1:85615212	4_lc	0	0.0006354835879476355	0.006782755423984819	0.0
chr1:85615212	3_ec	0	0.0007974724885180595	0.00787143338516431	0.0
chr1:85615212	2_ad	0	0.0011189522432154238	0.010516609728507362	0.0
chr1:85615212	1_h	0	0.0007239447792544178	0.009698334646557961	0.0
chr1:85621656	4_lc	0	0.0006853274982683829	0.008350863425527577	0.0
chr1:85621656	3_ec	0	0.0007687966725974634	0.003875269122344714	0.0
chr1:85621656	2_ad	0	0.0010836492124605029	0.011047855995008859	0.0
chr1:85621656	1_h	0	0.0006193607611519554	0.006726881995624243	0.0
chr1:85643221	4_lc	0	0.0007049211316068508	0.011496385770265917	0.0
chr1:85643221	3_ec	0	0.0008563000349039111	0.008967252662862874	0.0
chr1:85643221	2_ad	0	0.0012390802585031382	0.014070335466165084	0.0
chr1:85643221	1_h	0	0.0006704620314161281	0.007041337852879725	0.0
chr1:88212093	4_lc	0	0.0005887032130629447	0.004373080819819015	0.0
chr1:88212093	3_ec	0	0.0008878558921015309	0.011256952482373152	0.0
chr1:88212093	2_ad	0	0.0009374565016608271	0.002526164890422633	0.0
chr1:88212093	1_h	0	0.000685241514371436	0.009693318868938644	0.0
chr1:88212141	4_lc	0	0.0005667252560503213	0.0031064202431237025	0.0
chr1:88212141	3_ec	0	0.0007704681415445125	0.004012439518448994	0.0
chr1:88212141	2_ad	0	0.0010184044320760055	0.008592110744401924	0.0
chr1:88212141	1_h	0	0.0006138149827313072	0.004730270657294886	0.0
chr1:88212317	4_lc	0	0.0006249478666667632	0.0075653311487692484	0.0
chr1:88212317	3_ec	0	0.0007925166455218773	0.005393934014196668	0.0
chr1:88212317	2_ad	0	0.0009922593966065285	0.005703730652852445	0.0
chr1:88212317	1_h	0	0.0008368873456881543	0.012253321965030116	0.0
chr1:88212696	4_lc	0	0.0006088559332317297	0.006117333786257891	0.0
chr1:88212696	3_ec	0	0.0009264816023698435	0.009969061758281434	0.0
chr1:88212696	2_ad	0	0.0011916877724528557	0.013445806176351192	0.0
chr1:88212696	1_h	0	0.0006800450006888811	0.009362517863427388	0.0
chr1:88212740	4_lc	0	0.0006273036058947381	0.006508269290726113	0.0
chr1:88212740	3_ec	0	0.0007903247417667328	0.005823968509452235	0.0
chr1:88212740	2_ad	0	0.00106564304051193	0.008325065780480197	0.0
chr1:88212740	1_h	0	0.0007248823286457526	0.008790919761679944	0.0
chr1:88215174	4_lc	0	0.0010871687534176006	0.017072272529806864	0.0
chr1:88215174	3_ec	0	0.0009521526627923221	0.010951143082986538	0.0
chr1:88215174	2_ad	0	0.0012775611146720412	0.01432993771772891	0.0
chr1:88215174	1_h	0	0.0010219282474547686	0.014923121138477543	0.0
chr1:88216213	4_lc	0	0.0007937805792923832	0.011065285565469655	0.0
chr1:88216213	3_ec	0	0.0008207681957214136	0.008606149989487425	0.0
chr1:88216213	2_ad	0	0.001059321856925699	0.008176281528370601	0.0
chr1:88216213	1_h	0	0.000657414078263239	0.006749837898697701	0.0
chr1:88218146	4_lc	3	0.0015998344803033171	0.004905180954146739	0.0
chr1:88218146	3_ec	3	0.28154456414761203	0.2689777954462441	0.10204081632653061
chr1:88218146	2_ad	3	0.0018804357787229418	0.0072576752188998036	0.0
chr1:88218146	1_h	3	0.0019546830816306628	0.011681117681038173	0.0
chr1:88218240	4_lc	0	0.0007347076214261056	0.01084623997941828	0.0
chr1:88218240	3_ec	0	0.0008105789220214823	0.007577592048655522	0.0
chr1:88218240	2_ad	0	0.0009637031424333154	0.0037409887325610238	0.0
chr1:88218240	1_h	0	0.0006179652953572328	0.00507987625024786	0.0
chr1:88218245	4_lc	0	0.0005621007881773058	0.002947811991020863	0.0
chr1:88218245	3_ec	0	0.0008082562098226033	0.005767731661056647	0.0
chr1:88218245	2_ad	0	0.0009908169700872677	0.0060383609330849795	0.0
chr1:88218245	1_h	0	0.0006633583362817783	0.006730547707214001	0.0
chr1:88218279	4_lc	0	0.0006027929598263729	0.005510256700744268	0.0
chr1:88218279	3_ec	0	0.000781560106083511	0.0049020874072631055	0.0
chr1:88218279	2_ad	0	0.0010546415189627177	0.008739094483937653	0.0
chr1:88218279	1_h	0	0.0009094724078777997	0.014067000594949223	0.0
chr1:88218283	4_lc	0	0.000701590726898283	0.01112874410790259	0.0
chr1:88218283	3_ec	0	0.0008329451304121464	0.007151631330403964	0.0
chr1:88218283	2_ad	0	0.001097320181331881	0.009667332512239743	0.0
chr1:88218283	1_h	0	0.0005681984873673745	0.0018539406814896103	0.0
chr1:88218360	4_lc	0	0.0006203593173503713	0.005674348299525122	0.0
chr1:88218360	3_ec	0	0.0008850998344687946	0.010911692540822145	0.0
chr1:88218360	2_ad	0	0.0010607655345451906	0.008191943475587729	0.0
chr1:88218360	1_h	0	0.0008023428647233867	0.011337428883232836	0.0
chr1:88230746	4_lc	0	0.0005742015277082792	0.0034935017257775973	0.0
chr1:88230746	3_ec	0	0.0007795581973748081	0.00480118326442527	0.0
chr1:88230746	2_ad	0	0.0010066258653229146	0.006021294245240529	0.0
chr1:88230746	1_h	0	0.0006416719296383484	0.009026702790397205	0.0
chr1:88232324	4_lc	0	0.0013664159209994867	0.010517458369932025	0.0
chr1:88232324	3_ec	0	0.0011760429241358696	0.0017128910335125313	0.0
chr1:88232324	2_ad	0	0.0015664833485725157	0.009517499457261193	0.0
chr1:88232324	1_h	0	0.1982890456804493	0.22945701257586285	0.05904059040590406
chr1:88233442	4_lc	0	0.0007018457331441172	0.010992213152572943	0.0
chr1:88233442	3_ec	0	0.0008228384848507221	0.00887128568161738	0.0
chr1:88233442	2_ad	0	0.001157762613462025	0.010925225228669493	0.0
chr1:88233442	1_h	0	0.0006831000612092979	0.009826764767440169	0.0
chr1:88234120	4_lc	0	0.0006057553595584741	0.0058198238856159955	0.0
chr1:88234120	3_ec	0	0.0008249455382912577	0.006745383903586812	0.0
chr1:88234120	2_ad	0	0.0009907373986350184	0.006015888906972541	0.0
chr1:88234120	1_h	0	0.0006886433118484829	0.007969873435133196	0.0
chr1:88234137	4_lc	0	0.0006744753564161557	0.009090817454224692	0.0
chr1:88234137	3_ec	0	0.0008660080054025931	0.009310155334548055	0.0
chr1:88234137	2_ad	0	0.0010704583865235309	0.008356324193103223	0.0
chr1:88234137	1_h	0	0.0007629840268205279	0.011115545307402006	0.0
chr1:88235254	4_lc	0	0.0006449725029313536	0.007118426087675058	0.0
chr1:88235254	3_ec	0	0.0008456254465457001	0.007660248381257222	0.0
chr1:88235254	2_ad	0	0.00106935289266919	0.009961824792940466	0.0
chr1:88235254	1_h	0	0.0007436700677491585	0.011897478012952196	0.0
chr1:88235442	4_lc	0	0.0006242701812208867	0.007474271738912691	0.0
chr1:88235442	3_ec	0	0.0008624084476762464	0.009253509596476929	0.0
chr1:88235442	2_ad	0	0.0010305251107424853	0.0071896395674573045	0.0
chr1:88235442	1_h	0	0.0006047337837185788	0.005257256856069339	0.0
chr1:88236665	4_lc	0	0.0006838245786454261	0.009953775498669323	0.0
chr1:88236665	3_ec	0	0.0008316899136282048	0.007051279279823082	0.0
chr1:88236665	2_ad	0	0.0010555480797256594	0.008826478350287277	0.0
chr1:88236665	1_h	0	0.0007803683079773511	0.01034128287658704	0.0
chr1:88239006	4_lc	0	0.0006088087558366148	0.0057087853141961666	0.0
chr1:88239006	3_ec	0	0.0008182393697033301	0.006339452623995105	0.0
chr1:88239006	2_ad	0	0.001001490052860028	0.006246970445810645	0.0
chr1:88239006	1_h	0	0.0005974130701586174	0.004361778435837429	0.0
chr1:88240149	4_lc	0	0.0005984494305863788	0.005231143051208405	0.0
chr1:88240149	3_ec	0	0.0008494619640603469	0.00824631155129153	0.0
chr1:88240149	2_ad	0	0.0010230365803784948	0.009075013187606146	0.0
chr1:88240149	1_h	0	0.0006660205479151729	0.008251630484318982	0.0
chr1:88240703	4_lc	0	0.0005666036482822884	0.0031079657216972305	0.0
chr1:88240703	3_ec	0	0.0008525093004975719	0.008487142743909442	0.0
chr1:88240703	2_ad	0	0.0009695383894015164	0.004180830332262619	0.0
chr1:88240703	1_h	0	0.0006225848792581301	0.005284149641467133	0.0
chr1:88242417	4_lc	0	0.0007281240281704249	0.00981168370331358	0.0
chr1:88242417	3_ec	0	0.0008635400159141865	0.010850436415610816	0.0
chr1:88242417	2_ad	0	0.001138826350603539	0.010325492015901085	0.0
chr1:88242417	1_h	0	0.0007275204327335896	0.010134872283500388	0.0
chr1:88242418	4_lc	0	0.0005973647554265788	0.0049288206080123674	0.0
chr1:88242418	3_ec	0	0.0008078521704488797	0.007969699331816958	0.0
chr1:88242418	2_ad	0	0.0011198779638533528	0.00984024967825084	0.0
chr1:88242418	1_h	0	0.0007168255820699952	0.010137777453315965	0.0
chr1:88242760	4_lc	0	0.0005992811877831279	0.005327781009320829	0.0
chr1:88242760	3_ec	0	0.0008303362600535033	0.009566270425868387	0.0
chr1:88242760	2_ad	0	0.0011607897566431762	0.011552576518738509	0.0
chr1:88242760	1_h	0	0.000635127930414499	0.006260561071986478	0.0
chr1:88244970	4_lc	0	0.0006502229272759457	0.009977585472555287	0.0
chr1:88244970	3_ec	0	0.0007706727908777119	0.0040479873060816985	0.0
chr1:88244970	2_ad	0	0.000958187731361746	0.003384295303056264	0.0
chr1:88244970	1_h	0	0.0006658865458100828	0.006952435499177109	0.0
chr1:88245989	4_lc	0	0.0006839964207629826	0.008936502553714297	0.0
chr1:88245989	3_ec	0	0.000730683915514818	0.001629362369852061	0.0
chr1:88245989	2_ad	0	0.0010778891354388087	0.009026051375816073	0.0
chr1:88245989	1_h	0	0.0008231431531741577	0.010947402833345042	0.0
chr1:88247140	4_lc	0	0.0006883202633522965	0.01003053871975729	0.0
chr1:88247140	3_ec	0	0.0007613069478037825	0.003291975223521487	0.0
chr1:88247140	2_ad	0	0.0009590118537988414	0.0033642262019835836	0.0
chr1:88247140	1_h	0	0.0006647267055634628	0.007203259519323816	0.0
chr1:88247237	4_lc	0	0.0007308652141201318	0.010480238544746577	0.0
chr1:88247237	3_ec	0	0.0009615267359664404	0.011566375098969793	0.0
chr1:88247237	2_ad	0	0.0012036588760383326	0.012250042345159202	0.0
chr1:88247237	1_h	0	0.0006851872415969867	0.007782072849402072	0.0
chr1:88247763	4_lc	0	0.0006007585791319587	0.004644078382003938	0.0
chr1:88247763	3_ec	0	0.0008015698262841209	0.006373642506535763	0.0
chr1:88247763	2_ad	0	0.000987476270049846	0.005194992293600803	0.0
chr1:88247763	1_h	0	0.000623832495895712	0.005015408608501286	0.0
chr1:88248621	4_lc	0	0.0006025257767721162	0.005563628866832396	0.0
chr1:88248621	3_ec	0	0.0007499780312419904	0.0026054527222916964	0.0
chr1:88248621	2_ad	0	0.001076641125547374	0.010508802005591003	0.0
chr1:88248621	1_h	0	0.000840436644932366	0.012357394849751733	0.0
chr1:88251267	4_lc	0	0.0008125294992109341	0.013739410859197962	0.0
chr1:88251267	3_ec	0	0.0007853216754997637	0.005337438125219711	0.0
chr1:88251267	2_ad	0	0.0010107046333359432	0.006090496138771115	0.0
chr1:88251267	1_h	0	0.0005946542071177831	0.004322100525657875	0.0
chr1:88251385	4_lc	0	0.0006808018548853582	0.009432100161748868	0.0
chr1:88251385	3_ec	0	0.0009508108898611709	0.012839526764458159	0.0
chr1:88251385	2_ad	0	0.0010332497395533588	0.010084937265203207	0.0
chr1:88251385	1_h	0	0.0007427011760536253	0.009630481233646349	0.0
chr1:88256127	4_lc	0	0.0006809503757401698	0.00768338455546979	0.0
chr1:88256127	3_ec	0	0.0007227135224812714	0.0012758242358561535	0.0
chr1:88256127	2_ad	0	0.001186181550797889	0.011589600157823923	0.0
chr1:88256127	1_h	0	0.0010602587855690782	0.01490246282966738	0.0
chr1:88256705	4_lc	0	0.0007162862963468047	0.009843331799761471	0.0
chr1:88256705	3_ec	0	0.0008063624342697748	0.007228133420647797	0.0
chr1:88256705	2_ad	0	0.001098220894442888	0.009728675839868948	0.0
chr1:88256705	1_h	0	0.0006560059076255452	0.006209774794128911	0.0
chr1:88256727	4_lc	0	0.0006237829115217286	0.0074709892377199175	0.0
chr1:88256727	3_ec	0	0.0008133604517562459	0.007949023173084343	0.0
chr1:88256727	2_ad	0	0.0012578472778627485	0.013522498011440988	0.0
chr1:88256727	1_h	0	0.000765617493191096	0.011044332775996046	0.0
chr1:88256798	4_lc	0	0.000582919492546738	0.004039144096784117	0.0
chr1:88256798	3_ec	0	0.0008024849623365618	0.006905918262365275	0.0
chr1:88256798	2_ad	0	0.0009528558831221799	0.003057300874709434	0.0
chr1:88256798	1_h	0	0.0006318884009453471	0.0057924658987593474	0.0
chr1:88260004	4_lc	0	0.0007596234806071617	0.012431539363067796	0.0
chr1:88260004	3_ec	0	0.0008647175331001517	0.009272074951352476	0.0
chr1:88260004	2_ad	0	0.0011152699762704576	0.01071130421287389	0.0
chr1:88260004	1_h	0	0.0007181409715540138	0.008560512037902944	0.0
chr1:88265258	4_lc	0	0.00073455364300588	0.010738019581289575	0.0
chr1:88265258	3_ec	0	0.0007754087724095923	0.004442824679565134	0.0
chr1:88265258	2_ad	0	0.0010054556566142312	0.007365044817209586	0.0
chr1:88265258	1_h	0	0.0007005292915150252	0.008835740236927929	0.0
chr1:88265309	4_lc	0	0.0006251956626852523	0.007626040574961285	0.0
chr1:88265309	3_ec	0	0.0007718118315845991	0.004119586631860532	0.0
chr1:88265309	2_ad	0	0.0009417625233307613	0.002582742903261948	0.0
chr1:88265309	1_h	0	0.0006427817068359507	0.006546414781154158	0.0
chr1:88265570	4_lc	0	0.0006310476148322307	0.008170344778327678	0.0
chr1:88265570	3_ec	0	0.0008192501466862155	0.008472454803834163	0.0
chr1:88265570	2_ad	0	0.0010548243891787103	0.007809517534105964	0.0
chr1:88265570	1_h	0	0.0006686832280967795	0.008452685293172226	0.0
chr1:88265846	4_lc	0	0.0007060648575158575	0.00914433772928347	0.0
chr1:88265846	3_ec	0	0.0008943688083673092	0.011707105535543513	0.0
chr1:88265846	2_ad	0	0.0009856635254719723	0.005444333605700664	0.0
chr1:88265846	1_h	0	0.0006935492257464492	0.008221630588491288	0.0
chr1:88265980	4_lc	0	0.0006360030740160734	0.00858046792402683	0.0
chr1:88265980	3_ec	0	0.0008244632625105901	0.008962623260133232	0.0
chr1:88265980	2_ad	0	0.001024670703201661	0.006852673398423208	0.0
chr1:88265980	1_h	0	0.0006868527120428286	0.007987945758945738	0.0
chr1:88269331	4_lc	0	0.0006803698010258041	0.009464995201032214	0.0
chr1:88269331	3_ec	0	0.0007797180548713788	0.00484346412185538	0.0
chr1:88269331	2_ad	0	0.0010349060019492207	0.007512880629770346	0.0
chr1:88269331	1_h	0	0.0006204066289319565	0.005089253597891273	0.0
chr1:88270269	4_lc	0	0.0005853038955758702	0.004236543782540006	0.0
chr1:88270269	3_ec	0	0.0008261222643081754	0.006756452912645037	0.0
chr1:88270269	2_ad	0	0.0010594498346050139	0.008155933494063874	0.0
chr1:88270269	1_h	0	0.0006467096243691511	0.009535160211537807	0.0
chr1:88277413	4_lc	0	0.0006098550344302734	0.00560435894307797	0.0
chr1:88277413	3_ec	0	0.00085803003105656	0.00913083162708453	0.0
chr1:88277413	2_ad	0	0.001013428888351469	0.006360368768841794	0.0
chr1:88277413	1_h	0	0.0006442871858462616	0.006569710879365365	0.0
chr1:88277422	4_lc	0	0.0006844377099129506	0.008833639209343372	0.0
chr1:88277422	3_ec	0	0.0007782857484210163	0.004741125474852386	0.0
chr1:88277422	2_ad	0	0.000982521356068975	0.005279836332199843	0.0
chr1:88277422	1_h	0	0.000729747427886142	0.011048189260316582	0.0
chr3:15411410	4_lc	0	0.0007156528428918045	0.009673248626286405	0.0
chr3:15411410	3_ec	0	0.0008822938363240302	0.009139898721568375	0.0
chr3:15411410	2_ad	0	0.0010866976260295706	0.011206672659034175	0.0
chr3:15411410	1_h	0	0.0007186041809542278	0.008386387832268328	0.0
chr4:125071333	4_lc	0	0.0006777455810647938	0.009581686138201163	0.0
chr4:125071333	3_ec	0	0.0008218703096651663	0.006642249388455063	0.0
chr4:125071333	2_ad	0	0.0009894339894938157	0.005891926125647221	0.0
chr4:125071333	1_h	0	0.0006358474672068046	0.00603066421421768	0.0
chr4:125072825	4_lc	0	0.000620793036755851	0.007236911786573391	0.0
chr4:125072825	3_ec	0	0.000828939197962676	0.009407730713808939	0.0
chr4:125072825	2_ad	0	0.001089542055966038	0.009259028779724203	0.0
chr4:125072825	1_h	0	0.000603190135612218	0.005239846952103533	0.0
chr4:145622166	4_lc	0	0.0007200401016580578	0.00890477891623216	0.0
chr4:145622166	3_ec	0	0.0008033290276246284	0.006196174429188345	0.0
chr4:145622166	2_ad	0	0.0012859033752677363	0.014602148417127286	0.0
chr4:145622166	1_h	0	0.0007327876148701183	0.010157741533079571	0.0
chr4:145622476	4_lc	0	0.0007112407633021847	0.008956211210397256	0.0
chr4:145622476	3_ec	0	0.0008040720631332317	0.00849692660167421	0.0
chr4:145622476	2_ad	0	0.0013578051381089745	0.016077020551693223	0.0
chr4:145622476	1_h	0	0.0006971448298953337	0.010534074083587232	0.0
chr4:147581328	4_lc	0	0.0007453114648174893	0.011620066523381281	0.0
chr4:147581328	3_ec	0	0.0008304324314732696	0.009560112985848707	0.0
chr4:147581328	2_ad	0	0.001120627257997562	0.011054735335364402	0.0
chr4:147581328	1_h	0	0.00060559029272025	0.004541652085163194	0.0
chr4:147583197	4_lc	0	0.0007500668798593891	0.011030917727893814	0.0
chr4:147583197	3_ec	0	0.0008464430043151321	0.007536981768402967	0.0
chr4:147583197	2_ad	0	0.0012476533065821041	0.014096940154411078	0.0
chr4:147583197	1_h	0	0.0007402464766192119	0.009202510303201239	0.0
chr4:152377125	4_lc	3	0.00263224177928254	0.002865534353192536	0.0
chr4:152377125	3_ec	3	0.5378721280552956	0.060961549901904305	0.5
chr4:152377125	2_ad	3	0.0025502813487229374	0.002655855220385718	0.0
chr4:152377125	1_h	3	0.003016117592340747	0.010474725466169803	0.0
chr4:21873684	4_lc	4	0.001970949288569836	0.007010214714526255	0.0
chr4:21873684	3_ec	4	0.0016340522217232873	0.002498045026072705	0.0
chr4:21873684	2_ad	4	0.0020934678325986366	0.005747906457748115	0.0
chr4:21873684	1_h	4	0.3746932664613997	0.18605710317064086	0.1326530612244898
chr4:3184971	4_lc	0	0.0007675155270246179	0.010951958886152151	0.0
chr4:3184971	3_ec	0	0.0008104456189760155	0.0060408805296186035	0.0
chr4:3184971	2_ad	0	0.001015552880830685	0.006579506955450333	0.0
chr4:3184971	1_h	0	0.0009679625355327096	0.013995262847795176	0.0
chr5:13570208	4_lc	1	0.5587126787319863	0.07005645524660822	0.5
chr5:13570208	3_ec	1	0.5584663978946628	0.07838619266756476	0.5
chr5:13570208	2_ad	1	0.5494317214775768	0.05804969975777157	0.2608695652173913
chr5:13570208	1_h	1	0.544626427083452	0.060057409059138624	0.5
chr5:14914768	4_lc	2	0.000627469026310798	0.0036217880881772605	0.0
chr5:14914768	3_ec	2	0.0015382967800203616	0.005008546500403571	0.0
chr5:14914768	2_ad	2	0.5210516741219997	0.09522295783397883	0.22878228782287824
chr5:14914768	1_h	2	0.005017612081054245	0.033500129753766164	0.021645021645021644
chr5:14914799	4_lc	0	0.0005798642327523549	0.003811907133968739	0.0
chr5:14914799	3_ec	0	0.0008236785993653627	0.008922795279087549	0.0
chr5:14914799	2_ad	0	0.0010217005394566705	0.008968579623358007	0.0
chr5:14914799	1_h	0	0.0006279510041553783	0.005516246237678411	0.0
chr5:25950723	4_lc	0	0.0009726660639106701	0.015556816525861366	0.0
chr5:25950723	3_ec	0	0.0008311090065723748	0.00785496625016335	0.0
chr5:25950723	2_ad	0	0.001377969110849732	0.01582297379147965	0.0
chr5:25950723	1_h	0	0.0007568340794691532	0.011920047732804777	0.0
chr5:26000324	4_lc	0	0.0006694810044476769	0.0078006419900366894	0.0
chr5:26000324	3_ec	0	0.0007553443100319503	0.002925562466557494	0.0
chr5:26000324	2_ad	0	0.0010421013027448614	0.007947177025294737	0.0
chr5:26000324	1_h	0	0.0005948283625285935	0.004373095099503967	0.0
chr5:26035024	4_lc	0	0.0006831386917486276	0.008202485575188987	0.0
chr5:26035024	3_ec	0	0.0007789341454123718	0.004748315076241879	0.0
chr5:26035024	2_ad	0	0.000949073223381796	0.002844021801744952	0.0
chr5:26035024	1_h	0	0.0006181927513465704	0.006707127649485862	0.0
chr5:26035916	4_lc	0	0.0006669375347232612	0.008288000750641662	0.0
chr5:26035916	3_ec	0	0.0008290101964482334	0.009481402999471329	0.0
chr5:26035916	2_ad	0	0.0010701558199617636	0.010168327936564456	0.0
chr5:26035916	1_h	0	0.000631894475367857	0.008041907682735345	0.0
chr5:26035943	4_lc	0	0.0006075736719185626	0.006005785049098002	0.0
chr5:26035943	3_ec	0	0.0008797960848770781	0.010562608937609283	0.0
chr5:26035943	2_ad	0	0.0009400374758053499	0.002559176325710298	0.0
chr5:26035943	1_h	0	0.000667672735392223	0.008612253461561315	0.0
chr5:26089095	4_lc	0	0.0007779430409439868	0.011591567120626796	0.0
chr5:26089095	3_ec	0	0.0008779244360149557	0.010415686445793645	0.0
chr5:26089095	2_ad	0	0.0009932424770646828	0.005983980268062964	0.0
chr5:26089095	1_h	0	0.0007651743836672617	0.011280589181349972	0.0
chr5:26089122	4_lc	0	0.0005820485784935301	0.003974804078270983	0.0
chr5:26089122	3_ec	0	0.0008669113670946586	0.009686813484719831	0.0
chr5:26089122	2_ad	0	0.000994506309817981	0.0057366083286906604	0.0
chr5:26089122	1_h	0	0.00072303751481494	0.010606219674905838	0.0
chr5:26089127	4_lc	0	0.0007022758692036079	0.011180044845114675	0.0
chr5:26089127	3_ec	0	0.0008117041135115993	0.007717420792838191	0.0
chr5:26089127	2_ad	0	0.0010643034486163795	0.009477475177979597	0.0
chr5:26089127	1_h	0	0.0005874609272527113	0.003657387397641272	0.0
chr5:27501274	4_lc	0	0.0005859085357114012	0.004269298220202042	0.0
chr5:27501274	3_ec	0	0.0007546518367966325	0.002881617491741235	0.0
chr5:27501274	2_ad	0	0.0010456650981786628	0.008215119170284953	0.0
chr5:27501274	1_h	0	0.0006492571667081613	0.009812925146681042	0.0
chr5:38300085	4_lc	1	0.5581084522627906	0.06935117652812547	0.5
chr5:38300085	3_ec	1	0.5575721857122765	0.07767852468864608	0.5
chr5:38300085	2_ad	1	0.5508360138690057	0.057040551699878914	0.5
chr5:38300085	1_h	1	0.5440686946716337	0.058584859167596474	0.3765281173594132
chr5:93636401	4_lc	0	0.0006031110356247213	0.005602241782687141	0.0
chr5:93636401	3_ec	0	0.0008076500930518483	0.00604824667663783	0.0
chr5:93636401	2_ad	0	0.0011267713133881834	0.010011810267866553	0.0
chr5:93636401	1_h	0	0.0007123289192399855	0.009488741660626287	0.0
chr5:93636477	4_lc	0	0.0006712795907992722	0.008765146138067394	0.0
chr5:93636477	3_ec	0	0.0008598107077807036	0.009192670839481153	0.0
chr5:93636477	2_ad	0	0.0010132085728260314	0.006578959581329173	0.0
chr5:93636477	1_h	0	0.0005934062734793829	0.004295464776674667	0.0
chr5:93637618	4_lc	0	0.0006943240718156902	0.010560696534366225	0.0
chr5:93637618	3_ec	0	0.0008219753276939397	0.006486049057568276	0.0
chr5:93637618	2_ad	0	0.0009717487428672748	0.004372095473319932	0.0
chr5:93637618	1_h	0	0.000786331345201236	0.010737579394461608	0.0
chr5:93637765	4_lc	0	0.0006845121955817304	0.008861989016271768	0.0
chr5:93637765	3_ec	0	0.0008485153893549541	0.009480045494448542	0.0
chr5:93637765	2_ad	0	0.001013222162263223	0.006355118427904856	0.0
chr5:93637765	1_h	0	0.0006976538669498539	0.010331187992207874	0.0
chr5:93638901	4_lc	0	0.0006140082556039317	0.005614996236425801	0.0
chr5:93638901	3_ec	0	0.0007736773663847448	0.005504644569984533	0.0
chr5:93638901	2_ad	0	0.0010263683632494916	0.007000776696678251	0.0
chr5:93638901	1_h	0	0.0008299909557369276	0.011350724526676861	0.0
chr5:93638902	4_lc	0	0.0006471398198907842	0.007120229182015442	0.0
chr5:93638902	3_ec	0	0.0007811403534021188	0.0056568038822462086	0.0
chr5:93638902	2_ad	0	0.0011956445022836292	0.013423418422734222	0.0
chr5:93638902	1_h	0	0.0007029794305513344	0.008377441920991303	0.0
chr7:126864803	4_lc	0	0.0006377550682721868	0.008813734052160172	0.0
chr7:126864803	3_ec	0	0.0008518214116992075	0.008463125645112925	0.0
chr7:126864803	2_ad	0	0.001036916726599026	0.00764677644503521	0.0
chr7:126864803	1_h	0	0.0007263412076108943	0.010721669974166828	0.0
chr7:131065072	4_lc	1	0.5576551810021653	0.06849440329129272	0.5
chr7:131065072	3_ec	1	0.5573039223631925	0.07695158157625329	0.5
chr7:131065072	2_ad	1	0.5511869312983911	0.05646892709630689	0.5
chr7:131065072	1_h	1	0.5446298631704573	0.05871283404185755	0.5
chr7:141858623	4_lc	0	0.0006238059099046704	0.0074913973664612905	0.0
chr7:141858623	3_ec	0	0.0008036241928377262	0.006926971051140417	0.0
chr7:141858623	2_ad	0	0.0010344697103991355	0.007490225894163901	0.0
chr7:141858623	1_h	0	0.0006930216736435033	0.00830511670547996	0.0
chr7:141858900	4_lc	0	0.0006487789155263145	0.007414940009512765	0.0
chr7:141858900	3_ec	0	0.0007680618001596931	0.0037812324621030818	0.0
chr7:141858900	2_ad	0	0.0010415222271332554	0.0077223229265318645	0.0
chr7:141858900	1_h	0	0.0006780903942777572	0.00915903420429394	0.0
chr7:24104830	4_lc	0	0.0005947124138099174	0.004951445982977822	0.0
chr7:24104830	3_ec	0	0.0007832003627003233	0.005125727894647133	0.0
chr7:24104830	2_ad	0	0.0010138597566949643	0.008225313194791514	0.0
chr7:24104830	1_h	0	0.0005933098819613425	0.004278119799743604	0.0
chr7:24104972	4_lc	0	0.000610808206064814	0.006332677668320607	0.0
chr7:24104972	3_ec	0	0.0008280383200790459	0.009363270216751375	0.0
chr7:24104972	2_ad	0	0.0011331330204941645	0.011887591686151699	0.0
chr7:24104972	1_h	0	0.0006161558647199218	0.005285600522457578	0.0
chr7:24104995	4_lc	0	0.0006077996335340574	0.006040523525677511	0.0
chr7:24104995	3_ec	0	0.0007853538880530733	0.005221160279048247	0.0
chr7:24104995	2_ad	0	0.0011918574977201905	0.013429755394536587	0.0
chr7:24104995	1_h	0	0.0006313972679174354	0.0056065186421109135	0.0
chr7:38519610	4_lc	0	0.0006006900279798444	0.005458686072393039	0.0
chr7:38519610	3_ec	0	0.0007566642664967382	0.002989908888318006	0.0
chr7:38519610	2_ad	0	0.0010864131663222733	0.00911186452943031	0.0
chr7:38519610	1_h	0	0.0006462667630140849	0.009485458205460439	0.0
chr7:38519625	4_lc	0	0.0005792964104145341	0.003780582478768984	0.0
chr7:38519625	3_ec	0	0.0007840159535369696	0.005115035459980049	0.0
chr7:38519625	2_ad	0	0.001022284686651419	0.006667795274657356	0.0
chr7:38519625	1_h	0	0.0006629950847453026	0.006565411431270775	0.0
chr7:38520007	4_lc	0	0.0005994282839452815	0.005274102129483915	0.0
chr7:38520007	3_ec	0	0.0007635844483591624	0.0034893816452411398	0.0
chr7:38520007	2_ad	0	0.0010568050655871794	0.008930900707052703	0.0
chr7:38520007	1_h	0	0.0006440967914723329	0.006247956176018657	0.0
chr7:38520414	4_lc	0	0.0005687510292919659	0.0032091399437707744	0.0
chr7:38520414	3_ec	0	0.000775944056966865	0.0044816343989956264	0.0
chr7:38520414	2_ad	0	0.0009975853381561362	0.005895723277543637	0.0
chr7:38520414	1_h	0	0.0006279960929954496	0.007687494011221441	0.0
chr7:38520435	4_lc	0	0.0006036777887346052	0.0056581451960846935	0.0
chr7:38520435	3_ec	0	0.0008080761363169464	0.007405675801074695	0.0
chr7:38520435	2_ad	0	0.001138681735795069	0.01048857867839481	0.0
chr7:38520435	1_h	0	0.0007720825997831607	0.009906084688354444	0.0
chr7:38520490	4_lc	0	0.0007504577269600566	0.012010537366471789	0.0
chr7:38520490	3_ec	0	0.0008729233067792183	0.00817329592342449	0.0
chr7:38520490	2_ad	0	0.0012450539285609782	0.014576469530012527	0.0
chr7:38520490	1_h	0	0.0005832715242633825	0.003336290397998702	0.0
chr7:79694304	4_lc	0	0.0006465403825076082	0.007257603522717066	0.0
chr7:79694304	3_ec	0	0.0008342022160909634	0.00992684350495168	0.0
chr7:79694304	2_ad	0	0.0010570946303564287	0.008950582668674633	0.0
chr7:79694304	1_h	0	0.000749173780551051	0.010192636775442602	0.0
chr7:79694560	4_lc	0	0.0006682296095170286	0.010466729884647606	0.0
chr7:79694560	3_ec	0	0.0007824220049322356	0.005181045812623985	0.0
chr7:79694560	2_ad	0	0.0010530104919308182	0.008184096512305542	0.0
chr7:79694560	1_h	0	0.0007163200705190387	0.009684908749237308	0.0
chr7:79694655	4_lc	0	0.000665067954825693	0.007719552467787519	0.0
chr7:79694655	3_ec	0	0.0008089872563383267	0.0068929739720853195	0.0
chr7:79694655	2_ad	0	0.0010434143130271744	0.010288941024273541	0.0
chr7:79694655	1_h	0	0.0007903667520708453	0.012620817394286128	0.0
chr7:79694677	4_lc	0	0.0006571947289877816	0.009502745975012683	0.0
chr7:79694677	3_ec	0	0.0007642645059360414	0.004544425109043382	0.0
chr7:79694677	2_ad	0	0.0010619748778613472	0.008809914737131474	0.0
chr7:79694677	1_h	0	0.0007685087970394325	0.010902970307296244	0.0
chr7:79695003	4_lc	0	0.0006144660388509613	0.006311337347399437	0.0
chr7:79695003	3_ec	0	0.0009333624838524273	0.012009555992351656	0.0
chr7:79695003	2_ad	0	0.0010580717229945428	0.009030365379442526	0.0
chr7:79695003	1_h	0	0.0006805734042959848	0.00995614978209299	0.0
chr7:79695130	4_lc	0	0.0006304434468573263	0.00809976239258573	0.0
chr7:79695130	3_ec	0	0.0007812488652404944	0.004911580562671101	0.0
chr7:79695130	2_ad	0	0.000936639700040339	0.002522915108317369	0.0
chr7:79695130	1_h	0	0.0005951843185722257	0.004346702830409086	0.0
chr8:102674037	4_lc	0	0.0007235337318029802	0.009536625096459781	0.0
chr8:102674037	3_ec	0	0.0007719421248381723	0.005286586087230972	0.0
chr8:102674037	2_ad	0	0.0011662205221389687	0.011075941107459094	0.0
chr8:102674037	1_h	0	0.0009089621748983527	0.01342261738680275	0.0
chr8:26160882	4_lc	0	0.0006283792685081241	0.00624658658066045	0.0
chr8:26160882	3_ec	0	0.0008326018921735218	0.009775015822609421	0.0
chr8:26160882	2_ad	0	0.0011621394595783916	0.011630179490083102	0.0
chr8:26160882	1_h	0	0.00068191764213035	0.007615620121425669	0.0
chrX:124128539	4_lc	0	0.0006191431675006666	0.007092898261532736	0.0
chrX:124128539	3_ec	0	0.0008282041058974023	0.009347409626830066	0.0
chrX:124128539	2_ad	0	0.001142157533237329	0.012647750049163645	0.0
chrX:124128539	1_h	0	0.0007223693057607023	0.010663592252580092	0.0
