mutation_id	sample_id	cluster_id	cellular_prevalence	cellular_prevalence_std	variant_allele_frequency
chr10:100087361	4_lc	0	0.00127405435076381	0.006926371183522822	0.0
chr10:100087361	3_ec	0	0.0014747644757075859	0.008714567225053423	0.0
chr10:100087361	2_ad	0	0.0007431485362946307	0.008605590577436567	0.0
chr10:100087361	1_h	0	0.0005467479312522147	0.009246982006667103	0.0
chr10:100341470	4_lc	0	0.0013493393974224356	0.009684701776027402	0.0
chr10:100341470	3_ec	0	0.0014994082515091297	0.011285503016119514	0.0
chr10:100341470	2_ad	0	0.0007244224938752323	0.01012854237397401	0.0
chr10:100341470	1_h	0	0.0008278449473282356	0.015439348281727158	0.0
chr10:100447185	4_lc	0	0.001267386350971067	0.008857005132398961	0.0
chr10:100447185	3_ec	0	0.0014472785198686876	0.009869514778550014	0.0
chr10:100447185	2_ad	0	0.0011026808379568027	0.017338832155104605	0.0
chr10:100447185	1_h	0	0.0004787556494772254	0.006667951679534657	0.0
chr10:100451428	4_lc	0	0.001256230974593128	0.006155641649130672	0.0
chr10:100451428	3_ec	0	0.0014213858840557464	0.0077368647366004425	0.0
chr10:100451428	2_ad	0	0.0008792646181025395	0.012306584974605357	0.0
chr10:100451428	1_h	0	0.0006835172630066159	0.0125501654159399	0.0
chr10:100488594	4_lc	0	0.0012957703589751032	0.008404746652537494	0.0
chr10:100488594	3_ec	0	0.0015269261577828487	0.012982797151224492	0.0
chr10:100488594	2_ad	0	0.0008057002837293503	0.010388691440695727	0.0
chr10:100488594	1_h	0	0.0005384373260337693	0.008734457135061286	0.0
chr10:100513965	4_lc	0	0.0014654897007802118	0.012776715047658859	0.0
chr10:100513965	3_ec	0	0.0013716812590755694	0.005972729906247259	0.0
chr10:100513965	2_ad	0	0.0008365565994388116	0.010489028087734479	0.0
chr10:100513965	1_h	0	0.0006286935922727716	0.011229415200025183	0.0
chr10:100523240	4_lc	0	0.001331158378418451	0.008405938599197324	0.0
chr10:100523240	3_ec	0	0.0014438746654255586	0.009657777393976446	0.0
chr10:100523240	2_ad	0	0.000991273233862556	0.015204372352467717	0.0
chr10:100523240	1_h	0	0.0008000534601152851	0.01488301414048616	0.0
chr10:100523321	4_lc	0	0.0012123561845393922	0.003845655371445443	0.0
chr10:100523321	3_ec	0	0.0014878723745259173	0.01036644219842803	0.0
chr10:100523321	2_ad	0	0.0008992051280402098	0.014224045861865032	0.0
chr10:100523321	1_h	0	0.0004567540946941036	0.0059220562819249254	0.0
chr10:100540459	4_lc	0	0.0012844230059872864	0.007575511257801004	0.0
chr10:100540459	3_ec	0	0.001453419471088622	0.010311566062036731	0.0
chr10:100540459	2_ad	0	0.0007448427551709421	0.00854711796113216	0.0
chr10:100540459	1_h	0	0.0005175560484093571	0.008104988461209352	0.0
chr10:100541729	4_lc	0	0.0012673899795019588	0.006854392088376466	0.0
chr10:100541729	3_ec	0	0.0014493141886671044	0.009694157527499268	0.0
chr10:100541729	2_ad	0	0.0006730600469627171	0.005492752361937585	0.0
chr10:100541729	1_h	0	0.0006083754562317116	0.010536302464891477	0.0
chr10:100541761	4_lc	0	0.0012602120773849191	0.006052020025162022	0.0
chr10:100541761	3_ec	0	0.0015461844668232133	0.01207967437717272	0.0
chr10:100541761	2_ad	0	0.0007542742013077267	0.00906984001626376	0.0
chr10:100541761	1_h	0	0.0007623947325525602	0.01340643900915272	0.0
chr10:100541806	4_lc	0	0.001263449852924911	0.0061340875445613265	0.0
chr10:100541806	3_ec	0	0.0013875449633723794	0.006294467340944043	0.0
chr10:100541806	2_ad	0	0.0007276096524199727	0.009929215701055465	0.0
chr10:100541806	1_h	0	0.0006587393877243766	0.012234612453573334	0.0
chr10:100544978	4_lc	0	0.00128674131404356	0.007428564991890126	0.0
chr10:100544978	3_ec	0	0.0014660132262182817	0.011117216004152235	0.0
chr10:100544978	2_ad	0	0.0007622395569492186	0.00986047955994806	0.0
chr10:100544978	1_h	0	0.000513496720000537	0.00815172158108249	0.0
chr10:100554526	4_lc	0	0.001232974970966345	0.005019833891048874	0.0
chr10:100554526	3_ec	0	0.0015855378959127248	0.012473509079182831	0.0
chr10:100554526	2_ad	0	0.0009326565346959823	0.013217458663011085	0.0
chr10:100554526	1_h	0	0.0006475942271184318	0.011268682964002082	0.0
chr10:100568831	4_lc	0	0.0013190985406535845	0.011035014312166162	0.0
chr10:100568831	3_ec	0	0.0014869305962952432	0.010066284366905324	0.0
chr10:100568831	2_ad	0	0.0008797090787676101	0.013036420978005737	0.0
chr10:100568831	1_h	0	0.0005815811789769735	0.009756589367948178	0.0
chr10:100572117	4_lc	0	0.0012798186850440532	0.010012115826300853	0.0
chr10:100572117	3_ec	0	0.00138411513625701	0.006217726723137222	0.0
chr10:100572117	2_ad	0	0.0006875227504612759	0.006287954878244044	0.0
chr10:100572117	1_h	0	0.0005730175010888095	0.009519258122734988	0.0
chr10:100575803	4_lc	0	0.0013950548108449586	0.010913355559015648	0.0
chr10:100575803	3_ec	0	0.0014297433434099357	0.008464906277517783	0.0
chr10:100575803	2_ad	0	0.0007559675794434678	0.008201429582911696	0.0
chr10:100575803	1_h	0	0.0005076858332861828	0.007930012052617726	0.0
chr10:100603521	4_lc	0	0.001215588304473372	0.0042715020342675575	0.0
chr10:100603521	3_ec	0	0.0014584836860703381	0.008683914295145211	0.0
chr10:100603521	2_ad	0	0.0007524042303283764	0.009135944529725756	0.0
chr10:100603521	1_h	0	0.0004976452654342792	0.008070344017212235	0.0
chr10:100610640	4_lc	0	0.0013023067744837062	0.009647967945886708	0.0
chr10:100610640	3_ec	0	0.0014646158336624434	0.01096810646811933	0.0
chr10:100610640	2_ad	0	0.0008602327836781759	0.011924950642446863	0.0
chr10:100610640	1_h	0	0.00048461281459930266	0.006906550791062981	0.0
chr10:105842702	4_lc	0	0.0013570073811991774	0.01124030036636339	0.0
chr10:105842702	3_ec	0	0.0014541092018832847	0.008364740364897122	0.0
chr10:105842702	2_ad	0	0.0008074137644947127	0.010945832300045302	0.0
chr10:105842702	1_h	0	0.00046232745072362293	0.0065412092259299545	0.0
chr10:119985534	4_lc	3	0.004148526957002839	0.005305508388389059	0.0
chr10:119985534	3_ec	3	0.5306501703885026	0.07461286940222044	0.5
chr10:119985534	2_ad	3	0.002365319288183794	0.008484634409158346	0.0
chr10:119985534	1_h	3	0.0032240456469914813	0.009653343421481457	0.0
chr10:121266896	4_lc	3	0.00422585153899578	0.010066795965345179	0.0
chr10:121266896	3_ec	3	0.5304714273053598	0.07610596127587234	0.5
chr10:121266896	2_ad	3	0.002298582280194074	0.006468386187295324	0.0
chr10:121266896	1_h	3	0.003235738994620992	0.010616919155708001	0.0
chr10:121601341	4_lc	3	0.004191085569250178	0.00944850906618396	0.0
chr10:121601341	3_ec	3	0.5261341826380114	0.08870890910481735	0.42696629213483145
chr10:121601341	2_ad	3	0.002208249517245052	0.0026656159414965882	0.0
chr10:121601341	1_h	3	0.0031456504617248093	0.008071276043416	0.0
chr10:121667584	4_lc	3	0.004239106867211387	0.009406485747542622	0.0
chr10:121667584	3_ec	3	0.530729906414645	0.07450415524945424	0.5
chr10:121667584	2_ad	3	0.0022799228101698676	0.005901396520447815	0.0
chr10:121667584	1_h	3	0.0031228546079284276	0.004162885828680609	0.0
chr10:121667639	4_lc	3	0.004160485840990949	0.006540995710986553	0.0
chr10:121667639	3_ec	3	0.5297053068635645	0.07790499471116803	0.5
chr10:121667639	2_ad	3	0.0023124945690740743	0.010001449934416299	0.0
chr10:121667639	1_h	3	0.0031649607406552716	0.006217682863350106	0.0
chr10:121677356	4_lc	3	0.004175809426384642	0.006343988466135983	0.0
chr10:121677356	3_ec	3	0.5302060913800086	0.0763846990813331	0.5
chr10:121677356	2_ad	3	0.0022611465258293665	0.0048981853997714375	0.0
chr10:121677356	1_h	3	0.003127740368275098	0.004948848941794503	0.0
chr10:127003427	4_lc	3	0.004145706365560883	0.005782474618371909	0.0
chr10:127003427	3_ec	3	0.5291968662985889	0.07958464063051741	0.5
chr10:127003427	2_ad	3	0.0022487141755156495	0.004484979025520767	0.0
chr10:127003427	1_h	3	0.003271704503041063	0.01156840278360757	0.0
chr10:127033026	4_lc	3	0.0042133538233061155	0.010835408192255425	0.0
chr10:127033026	3_ec	3	0.5306063424262832	0.07511812831529653	0.5
chr10:127033026	2_ad	3	0.0022469682073161796	0.003428403281487317	0.0
chr10:127033026	1_h	3	0.0032261700078942647	0.008271129322610215	0.0
chr10:127080762	4_lc	3	0.004017521059874873	0.010089110625320497	0.0
chr10:127080762	3_ec	3	0.5061483757827602	0.13166022974006658	0.30327868852459017
chr10:127080762	2_ad	3	0.0021543562864247707	0.005592986722747762	0.0
chr10:127080762	1_h	3	0.0030808674232854607	0.01009955061889391	0.0
chr10:127174816	4_lc	3	0.00422118955398916	0.009247061703038921	0.0
chr10:127174816	3_ec	3	0.5304117783788491	0.076053532922636	0.5
chr10:127174816	2_ad	3	0.0022901294263037737	0.006431883594594728	0.0
chr10:127174816	1_h	3	0.0031868541513043413	0.006978558744349264	0.0
chr10:127175011	4_lc	3	0.004155735232537487	0.006315089286751754	0.0
chr10:127175011	3_ec	3	0.5301518808501132	0.0766597662239694	0.5
chr10:127175011	2_ad	3	0.0023466220500091978	0.008715952392697172	0.0
chr10:127175011	1_h	3	0.00328244977242112	0.011999089208235227	0.0
chr10:127242712	4_lc	3	0.004181014472732328	0.00819762380752864	0.0
chr10:127242712	3_ec	3	0.5299281317856579	0.07716928619158876	0.5
chr10:127242712	2_ad	3	0.002279795044384919	0.006707904371696282	0.0
chr10:127242712	1_h	3	0.00319217887121557	0.00999073861150306	0.0
chr10:127310081	4_lc	3	0.004167286123675359	0.007555922564285624	0.0
chr10:127310081	3_ec	3	0.5301354397563106	0.07661773637581033	0.5
chr10:127310081	2_ad	3	0.0022907468547359137	0.007794966425412253	0.0
chr10:127310081	1_h	3	0.003178529381976924	0.00918435728744259	0.0
chr10:127337039	4_lc	3	0.004202056296385251	0.010749558536308417	0.0
chr10:127337039	3_ec	3	0.5294151796216376	0.07867511983610163	0.5
chr10:127337039	2_ad	3	0.00230050749596678	0.006508790740037785	0.0
chr10:127337039	1_h	3	0.0032063857027968793	0.008949549246602028	0.0
chr10:127338481	4_lc	3	0.004228513154568315	0.0109370455936151	0.0
chr10:127338481	3_ec	3	0.5298902025483713	0.07718104692309599	0.5
chr10:127338481	2_ad	3	0.0023015370454220916	0.007295289523230494	0.0
chr10:127338481	1_h	3	0.003175554663953448	0.006004715118484481	0.0
chr10:127519393	4_lc	3	0.004132759761786685	0.006035270083529861	0.0
chr10:127519393	3_ec	3	0.5257052754202783	0.08996266951810451	0.43832599118942733
chr10:127519393	2_ad	3	0.0022127318697685323	0.0033238913585061465	0.0
chr10:127519393	1_h	3	0.0031227924808422684	0.0066640640731494396	0.0
chr10:127521031	4_lc	3	0.0041138349032231215	0.005167733784385947	0.0
chr10:127521031	3_ec	3	0.5275522182031536	0.08441794582787962	0.44924406047516197
chr10:127521031	2_ad	3	0.002214582621691471	0.002767888210227174	0.0
chr10:127521031	1_h	3	0.0031026527091550116	0.004378597439471776	0.0
chr10:127742253	4_lc	3	0.0041755277773111625	0.007307403519445732	0.0
chr10:127742253	3_ec	3	0.5292026872611452	0.07926397873444495	0.5
chr10:127742253	2_ad	3	0.002262635175335697	0.0050957164729339595	0.0
chr10:127742253	1_h	3	0.0031400247652493985	0.006632376867486688	0.0
chr10:127742453	4_lc	3	0.004126822594632001	0.005070620597669423	0.0
chr10:127742453	3_ec	3	0.5312572244953855	0.07294648745733359	0.5
chr10:127742453	2_ad	3	0.0022830514431479132	0.005717902413198951	0.0
chr10:127742453	1_h	3	0.0031197263595976457	0.004226993924312704	0.0
chr10:127813546	4_lc	3	0.0042290763041685445	0.01098534393999084	0.0
chr10:127813546	3_ec	3	0.5304639714900072	0.07545191405416632	0.5
chr10:127813546	2_ad	3	0.0022546012040798777	0.0032815981732648106	0.0
chr10:127813546	1_h	3	0.0031968155112959895	0.007129422316671415	0.0
chr10:127866821	4_lc	3	0.004203292752693169	0.0077396644920840075	0.0
chr10:127866821	3_ec	3	0.5311715553004214	0.07290651103018916	0.5
chr10:127866821	2_ad	3	0.0022699466582392575	0.005441536785560764	0.0
chr10:127866821	1_h	3	0.003183906247586168	0.007906736017358284	0.0
chr10:128209385	4_lc	3	0.004228458394262205	0.009222159110966969	0.0
chr10:128209385	3_ec	3	0.530340168718481	0.0757483549444329	0.5
chr10:128209385	2_ad	3	0.0022389292892982305	0.002722692858902617	0.0
chr10:128209385	1_h	3	0.0031014930604918744	0.003758060340889464	0.0
chr10:58231225	4_lc	0	0.0013073594467376344	0.009273776399006095	0.0
chr10:58231225	3_ec	0	0.001380839696910697	0.006160957843603276	0.0
chr10:58231225	2_ad	0	0.000935322852376983	0.014340887057473405	0.0
chr10:58231225	1_h	0	0.0005615462704636049	0.010181917542641078	0.0
chr10:58231226	4_lc	0	0.0012721490902697632	0.00708642247551168	0.0
chr10:58231226	3_ec	0	0.0014938145561925558	0.009910783534926594	0.0
chr10:58231226	2_ad	0	0.0009847525693978331	0.014114371397558433	0.0
chr10:58231226	1_h	0	0.0005961018470332516	0.010355263794654295	0.0
chr10:58231344	4_lc	1	0.5614507532269614	0.07624349908027554	0.5
chr10:58231344	3_ec	1	0.5630393779533093	0.08545142805353069	0.5
chr10:58231344	2_ad	1	0.5520498737505933	0.06308390101017877	0.5
chr10:58231344	1_h	1	0.5426058465490305	0.0605632529159544	0.5
chr10:58231793	4_lc	5	0.4549097635516352	0.1942159174153997	0.175
chr10:58231793	3_ec	5	0.001347696382278691	0.003537778130243679	0.0
chr10:58231793	2_ad	5	0.001508513584424612	0.0076579217556054366	0.0
chr10:58231793	1_h	5	0.0019476723579217137	0.00412865577757294	0.0
chr10:58231924	4_lc	0	0.001283437829141878	0.007484968296715929	0.0
chr10:58231924	3_ec	0	0.001448597606718219	0.009957276221420949	0.0
chr10:58231924	2_ad	0	0.0007145268680896956	0.008693633618406837	0.0
chr10:58231924	1_h	0	0.00048401127102927727	0.008660637263662152	0.0
chr10:58231988	4_lc	0	0.0017636866615180998	0.006590644142726684	0.0
chr10:58231988	3_ec	0	0.10020562395536481	0.20675402657272757	0.05172413793103448
chr10:58231988	2_ad	0	0.0012177103896718275	0.01387924078806121	0.0
chr10:58231988	1_h	0	0.0010306118007319444	0.008678675750447938	0.0
chr10:82492194	4_lc	0	0.0012182634831447523	0.004373913247508951	0.0
chr10:82492194	3_ec	0	0.0014146080571540588	0.00746871470859375	0.0
chr10:82492194	2_ad	0	0.001111123588766982	0.016268669712824355	0.0
chr10:82492194	1_h	0	0.0005598605413202318	0.00934018755251482	0.0
chr10:82638847	4_lc	0	0.0012896783529688224	0.008290282679714878	0.0
chr10:82638847	3_ec	0	0.0013772611713773974	0.006143782426408671	0.0
chr10:82638847	2_ad	0	0.0006326963773096624	0.003254784187290496	0.0
chr10:82638847	1_h	0	0.0005385452669597056	0.008801108920747133	0.0
chr10:82647345	4_lc	0	0.0013127475225122535	0.010075620787362299	0.0
chr10:82647345	3_ec	0	0.0014681230945772007	0.00914714306224508	0.0
chr10:82647345	2_ad	0	0.0006505394082187149	0.0036213760911686784	0.0
chr10:82647345	1_h	0	0.0006388734396289359	0.011507756875142012	0.0
chr10:82670307	4_lc	0	0.0012335887947680737	0.005517607217797904	0.0
chr10:82670307	3_ec	0	0.001422677418619024	0.008063305749460422	0.0
chr10:82670307	2_ad	0	0.0007323235673906903	0.010426455040161807	0.0
chr10:82670307	1_h	0	0.0005270609345240445	0.008131588869761662	0.0
chr10:83508124	4_lc	0	0.0013255613614874368	0.010940505047518477	0.0
chr10:83508124	3_ec	0	0.0014035712143623507	0.007621707057140501	0.0
chr10:83508124	2_ad	0	0.0008283735130111337	0.011469624977495065	0.0
chr10:83508124	1_h	0	0.0004411834289077318	0.0056188375030669846	0.0
chr10:86467097	4_lc	0	0.0012651608900914003	0.0067099573464339405	0.0
chr10:86467097	3_ec	0	0.0015095465897230836	0.010295655412708776	0.0
chr10:86467097	2_ad	0	0.0007914173832596018	0.009701536102586915	0.0
chr10:86467097	1_h	0	0.0005340491162926993	0.008833688950823225	0.0
chr10:86691704	4_lc	0	0.0012985897548154243	0.00896401978931361	0.0
chr10:86691704	3_ec	0	0.0014664244407083878	0.01130819071649489	0.0
chr10:86691704	2_ad	0	0.0008130587685388899	0.00974184355674163	0.0
chr10:86691704	1_h	0	0.0006024294674335025	0.010800533855552208	0.0
chr10:86731086	4_lc	0	0.0012462134652158157	0.006169804421155846	0.0
chr10:86731086	3_ec	0	0.0014297334106838833	0.008471968772023303	0.0
chr10:86731086	2_ad	0	0.0007506946050544865	0.00835606390289135	0.0
chr10:86731086	1_h	0	0.0006476938775745788	0.011891401997710778	0.0
chr10:86776504	4_lc	0	0.0012809550851636115	0.007853378643293695	0.0
chr10:86776504	3_ec	0	0.0014415687834382772	0.009225503469505764	0.0
chr10:86776504	2_ad	0	0.0007374407665439954	0.007971967550586273	0.0
chr10:86776504	1_h	0	0.0005695466245979647	0.010916041101028392	0.0
chr10:86776652	4_lc	0	0.0012595002815816371	0.008052191321485014	0.0
chr10:86776652	3_ec	0	0.0014047734924764169	0.007637839655883019	0.0
chr10:86776652	2_ad	0	0.0007905524727186991	0.011154515480434257	0.0
chr10:86776652	1_h	0	0.0006430608596999359	0.011559274656142825	0.0
chr10:86776664	4_lc	0	0.001305000601224129	0.008535463739712215	0.0
chr10:86776664	3_ec	0	0.0014893509721792988	0.011824527916032036	0.0
chr10:86776664	2_ad	0	0.0007273089916611467	0.006891971264675497	0.0
chr10:86776664	1_h	0	0.00043442954701977736	0.004919019747130837	0.0
chr10:86779267	4_lc	0	0.0012473962259841426	0.005796337187759501	0.0
chr10:86779267	3_ec	0	0.001452524922304415	0.01031097932195414	0.0
chr10:86779267	2_ad	0	0.0009518096735871496	0.013353741439959812	0.0
chr10:86779267	1_h	0	0.0006443438714486247	0.011436189815138754	0.0
chr10:86848120	4_lc	0	0.0013276113773861154	0.008812716587870856	0.0
chr10:86848120	3_ec	0	0.0014815758174021299	0.010145634568977277	0.0
chr10:86848120	2_ad	0	0.0008818003700142014	0.012890883173156103	0.0
chr10:86848120	1_h	0	0.0007466427519082564	0.015075071845029635	0.0
chr10:86850628	4_lc	0	0.0013386076916337797	0.009703261058699564	0.0
chr10:86850628	3_ec	0	0.0014392569870063105	0.00904121790657453	0.0
chr10:86850628	2_ad	0	0.0008756211283813225	0.012762680685285901	0.0
chr10:86850628	1_h	0	0.0005602078145175375	0.009236335933881146	0.0
chr10:86850851	4_lc	0	0.0012429648744181796	0.006503091546309664	0.0
chr10:86850851	3_ec	0	0.0013697045131826856	0.006066632861848848	0.0
chr10:86850851	2_ad	0	0.000811312804845272	0.01015231582663075	0.0
chr10:86850851	1_h	0	0.00045933270214882206	0.006530465699746257	0.0
chr10:86858183	4_lc	0	0.001296210703856993	0.008437673910775314	0.0
chr10:86858183	3_ec	0	0.0014012977829852313	0.006783663324819262	0.0
chr10:86858183	2_ad	0	0.0008932819051546914	0.012110906333154052	0.0
chr10:86858183	1_h	0	0.000594560403257232	0.01028680844768347	0.0
chr10:86865017	4_lc	0	0.0012539370040179944	0.007740102994257041	0.0
chr10:86865017	3_ec	0	0.0014902654449766297	0.009889402031762732	0.0
chr10:86865017	2_ad	0	0.000864609383294575	0.011953546131617655	0.0
chr10:86865017	1_h	0	0.0005466382751787707	0.008744035751465616	0.0
chr10:86872653	4_lc	0	0.001348208332094913	0.011833932059830111	0.0
chr10:86872653	3_ec	0	0.0013444526661275714	0.004872678686758759	0.0
chr10:86872653	2_ad	0	0.0008106924948378457	0.009950639058416805	0.0
chr10:86872653	1_h	0	0.0005176240047246246	0.007543818276876458	0.0
chr10:86872728	4_lc	0	0.0013021975772421366	0.008999595753353426	0.0
chr10:86872728	3_ec	0	0.0015210953196390128	0.01074738946028172	0.0
chr10:86872728	2_ad	0	0.0010721965902795426	0.01589706943061049	0.0
chr10:86872728	1_h	0	0.0004795386756884747	0.008338277428465194	0.0
chr10:86873894	4_lc	0	0.0012505828697830636	0.005362230557741359	0.0
chr10:86873894	3_ec	0	0.0015369789878075203	0.011604795156935247	0.0
chr10:86873894	2_ad	0	0.0007234241929964602	0.009512626892134333	0.0
chr10:86873894	1_h	0	0.0006014818657628114	0.010066619336691396	0.0
chr10:86897981	4_lc	0	0.0012255814386838548	0.004302615716470632	0.0
chr10:86897981	3_ec	0	0.001480655638897011	0.009385836810495448	0.0
chr10:86897981	2_ad	0	0.000854774210258969	0.011040588934989186	0.0
chr10:86897981	1_h	0	0.0007625738661280702	0.014539350511314993	0.0
chr10:86905631	4_lc	0	0.0012904664097103265	0.008296537815501503	0.0
chr10:86905631	3_ec	0	0.0016217997673287719	0.014077434671821359	0.0
chr10:86905631	2_ad	0	0.0006918764056343532	0.005995843562875098	0.0
chr10:86905631	1_h	0	0.0005800429670846376	0.009931802354198606	0.0
chr10:86933327	4_lc	0	0.001383289333461814	0.01244292107498565	0.0
chr10:86933327	3_ec	0	0.0014668094708259766	0.01141540253210677	0.0
chr10:86933327	2_ad	0	0.0007144643823953179	0.00850321534913052	0.0
chr10:86933327	1_h	0	0.000598936259919564	0.01022607773755998	0.0
chr10:86938052	4_lc	0	0.0012965568986676402	0.007833299258163078	0.0
chr10:86938052	3_ec	0	0.0014037326584296946	0.006936860326663352	0.0
chr10:86938052	2_ad	0	0.0006721635265113875	0.005017507619902036	0.0
chr10:86938052	1_h	0	0.0005769913521596834	0.011121318996541497	0.0
chr10:86969772	4_lc	0	0.0013647532860747138	0.010212531902025665	0.0
chr10:86969772	3_ec	0	0.001453624009240645	0.00874330237514841	0.0
chr10:86969772	2_ad	0	0.0007192329756101468	0.007294488057087132	0.0
chr10:86969772	1_h	0	0.0004457040536063317	0.005638836386747069	0.0
chr10:86979990	4_lc	0	0.0013100544897765732	0.009446071606742915	0.0
chr10:86979990	3_ec	0	0.001367626712265339	0.005411191906528534	0.0
chr10:86979990	2_ad	0	0.000707568240949161	0.006358383590786176	0.0
chr10:86979990	1_h	0	0.0006280380369609299	0.010499516727681603	0.0
chr10:87165105	4_lc	0	0.0013677311427831196	0.011215109481186519	0.0
chr10:87165105	3_ec	0	0.001371072590280721	0.006067585598950833	0.0
chr10:87165105	2_ad	0	0.0007790636537963235	0.009086012765977623	0.0
chr10:87165105	1_h	0	0.000518436601082655	0.00902008136583886	0.0
chr10:87225901	4_lc	0	0.001219147376942813	0.00440543429043645	0.0
chr10:87225901	3_ec	0	0.0013494950562340036	0.0049638503515361644	0.0
chr10:87225901	2_ad	0	0.0009262972336150928	0.013018969901706185	0.0
chr10:87225901	1_h	0	0.0005391072293383039	0.008834814457089503	0.0
chr10:87226012	4_lc	0	0.0014204983297465992	0.01273918196329174	0.0
chr10:87226012	3_ec	0	0.0013802517612550393	0.006162453169021635	0.0
chr10:87226012	2_ad	0	0.0007555450757108737	0.009232074946633157	0.0
chr10:87226012	1_h	0	0.0005514959879497594	0.008911290536511487	0.0
chr10:88091308	4_lc	0	0.0013747141103491243	0.010004156823248078	0.0
chr10:88091308	3_ec	0	0.0014666406879329185	0.009176278890683202	0.0
chr10:88091308	2_ad	0	0.0007639306308786766	0.008421169719337816	0.0
chr10:88091308	1_h	0	0.0005547106118028093	0.009532989208923497	0.0
chr10:88093169	4_lc	0	0.001203860348074162	0.0030978957861743477	0.0
chr10:88093169	3_ec	0	0.0014915670935294904	0.010533259928141313	0.0
chr10:88093169	2_ad	0	0.00071685603727903	0.006863111876456171	0.0
chr10:88093169	1_h	0	0.0006340085674663064	0.010481726656962963	0.0
chr10:88133128	4_lc	0	0.001286432597473595	0.007846270871211872	0.0
chr10:88133128	3_ec	0	0.0015065673046264249	0.011449505783754286	0.0
chr10:88133128	2_ad	0	0.0008895398069859406	0.01197900164855627	0.0
chr10:88133128	1_h	0	0.0006358368054582483	0.011067589061633784	0.0
chr10:88245799	4_lc	0	0.0012452075242555191	0.005645128850828635	0.0
chr10:88245799	3_ec	0	0.001397900310721278	0.00667340996355352	0.0
chr10:88245799	2_ad	0	0.0007401138429058243	0.008240595073834471	0.0
chr10:88245799	1_h	0	0.000508381854416799	0.008336310536093202	0.0
chr10:88778418	4_lc	0	0.001236675084704775	0.005297738377884541	0.0
chr10:88778418	3_ec	0	0.0014433283991129732	0.009238588882022834	0.0
chr10:88778418	2_ad	0	0.0008271229349432963	0.010314000994926652	0.0
chr10:88778418	1_h	0	0.0006847737638887565	0.01256036354359044	0.0
chr10:88926259	4_lc	0	0.0012639051191961966	0.006129057151919795	0.0
chr10:88926259	3_ec	0	0.001600017888316926	0.013161291298084979	0.0
chr10:88926259	2_ad	0	0.0007022467841111674	0.006564411185200157	0.0
chr10:88926259	1_h	0	0.0006181921820853067	0.010635304848931411	0.0
chr10:89480555	4_lc	0	0.0013269889688889086	0.0088805875281823	0.0
chr10:89480555	3_ec	0	0.0014939948007589032	0.0106883524673915	0.0
chr10:89480555	2_ad	0	0.0008672428142452608	0.011414800377990482	0.0
chr10:89480555	1_h	0	0.000979285168458052	0.01667841254094354	0.0
chr10:89483407	4_lc	0	0.0012813812791179267	0.010183738323727915	0.0
chr10:89483407	3_ec	0	0.001377548572929929	0.005883745788766777	0.0
chr10:89483407	2_ad	0	0.0007363430060188963	0.007564032393772616	0.0
chr10:89483407	1_h	0	0.0006375519675234431	0.013138500588991553	0.0
chr10:89506533	4_lc	0	0.0012947098865209086	0.0077653952985338994	0.0
chr10:89506533	3_ec	0	0.001450302683752423	0.010113969087624785	0.0
chr10:89506533	2_ad	0	0.0007887781390487857	0.009408449797932933	0.0
chr10:89506533	1_h	0	0.0006202211213190912	0.012344967179218102	0.0
chr10:89717207	4_lc	0	0.001262769187835464	0.008181319843148824	0.0
chr10:89717207	3_ec	0	0.0014999850547595345	0.011164771931593851	0.0
chr10:89717207	2_ad	0	0.0007671842631800027	0.008777348575019288	0.0
chr10:89717207	1_h	0	0.0005218380049316906	0.008087840900323044	0.0
chr10:89805511	4_lc	0	0.0013561799018873512	0.01037543302448236	0.0
chr10:89805511	3_ec	0	0.0014675068397949204	0.011531282724665897	0.0
chr10:89805511	2_ad	0	0.0007346447551306697	0.007851545094750743	0.0
chr10:89805511	1_h	0	0.0004295200158163568	0.004844167450824325	0.0
chr10:89805549	4_lc	0	0.0012985843350738632	0.008722524093392822	0.0
chr10:89805549	3_ec	0	0.0013929006119944465	0.006453945682868408	0.0
chr10:89805549	2_ad	0	0.0007784673897048677	0.009318257815556317	0.0
chr10:89805549	1_h	0	0.00045136223772412193	0.0063635075706819245	0.0
chr10:89808612	4_lc	0	0.0014257955660162414	0.011337953403812573	0.0
chr10:89808612	3_ec	0	0.0014888141618670954	0.00940143894917191	0.0
chr10:89808612	2_ad	0	0.0007660945734871928	0.008892505885628994	0.0
chr10:89808612	1_h	0	0.0005557024065578216	0.009459413678345928	0.0
chr10:91083278	4_lc	0	0.0012148682646186855	0.003901735657130258	0.0
chr10:91083278	3_ec	0	0.001459426273466439	0.0107724117069587	0.0
chr10:91083278	2_ad	0	0.0008441062675337719	0.011022207879664363	0.0
chr10:91083278	1_h	0	0.000504262787372357	0.010425121082993366	0.0
chr10:91095828	4_lc	0	0.0012300225199754335	0.005232890583487654	0.0
chr10:91095828	3_ec	0	0.001521277783897063	0.010651932695716305	0.0
chr10:91095828	2_ad	0	0.0007523304042724974	0.008095006484210365	0.0
chr10:91095828	1_h	0	0.000554787499112055	0.009605871547674998	0.0
chr10:91095986	4_lc	0	0.001199918539031632	0.0026917576445265818	0.0
chr10:91095986	3_ec	0	0.0014380911714595138	0.010675230740586046	0.0
chr10:91095986	2_ad	0	0.0009993072467714566	0.015080382455254063	0.0
chr10:91095986	1_h	0	0.0006456014690217029	0.013014433666432278	0.0
chr10:91096507	4_lc	0	0.0012493093615886586	0.007058952771149691	0.0
chr10:91096507	3_ec	0	0.0014274167466715349	0.007891665608000987	0.0
chr10:91096507	2_ad	0	0.0007414703192476514	0.00833143024061344	0.0
chr10:91096507	1_h	0	0.0004255050500377081	0.004678746282619986	0.0
chr10:91102056	4_lc	0	0.0012833339969798713	0.007721571566651253	0.0
chr10:91102056	3_ec	0	0.0014569329706802985	0.008543954482531368	0.0
chr10:91102056	2_ad	0	0.0007068882042848408	0.006629061748599028	0.0
chr10:91102056	1_h	0	0.00046537359690560827	0.007712787699442031	0.0
chr10:92691895	4_lc	0	0.0012739289371458294	0.006732003767328267	0.0
chr10:92691895	3_ec	0	0.0014477962995505683	0.008359655459556178	0.0
chr10:92691895	2_ad	0	0.000717050319970274	0.006901539386789866	0.0
chr10:92691895	1_h	0	0.000640990907620469	0.011326449061082563	0.0
chr10:93265081	4_lc	0	0.0012245102818912127	0.004856901096256682	0.0
chr10:93265081	3_ec	0	0.0014132135783054248	0.007480655220698077	0.0
chr10:93265081	2_ad	0	0.0008581746328928556	0.011851522979077742	0.0
chr10:93265081	1_h	0	0.0005456862685587731	0.01124970984790884	0.0
chr10:93265185	4_lc	0	0.001192355063023566	0.002390807047742727	0.0
chr10:93265185	3_ec	0	0.001481661607835825	0.009986296885584693	0.0
chr10:93265185	2_ad	0	0.0007431599221351055	0.008352777015329448	0.0
chr10:93265185	1_h	0	0.0006852955101967558	0.012138793633943969	0.0
chr10:93265293	4_lc	0	0.001265121817161874	0.00867136055219607	0.0
chr10:93265293	3_ec	0	0.001471903911480861	0.010627482451683313	0.0
chr10:93265293	2_ad	0	0.0008471926758270859	0.01079358740048997	0.0
chr10:93265293	1_h	0	0.0005184559677219666	0.009189745598811486	0.0
chr10:93474948	4_lc	0	0.001262267801933601	0.008500767486822035	0.0
chr10:93474948	3_ec	0	0.0014225347405534298	0.00891129086958545	0.0
chr10:93474948	2_ad	0	0.0008626124048379927	0.011658262802126293	0.0
chr10:93474948	1_h	0	0.0006538232071159396	0.01128676070058573	0.0
chr10:93484722	4_lc	0	0.0012743142138367887	0.008865912311482814	0.0
chr10:93484722	3_ec	0	0.00149605054600822	0.010282288556143911	0.0
chr10:93484722	2_ad	0	0.0008587775320137295	0.01322367170908699	0.0
chr10:93484722	1_h	0	0.0005327374369677692	0.009627100017886608	0.0
chr10:93567732	4_lc	0	0.001363072989034156	0.010839031446816727	0.0
chr10:93567732	3_ec	0	0.0014325090458466908	0.007885061665114065	0.0
chr10:93567732	2_ad	0	0.0007011765057351038	0.006352817141970627	0.0
chr10:93567732	1_h	0	0.0005883341013612451	0.012129122033965154	0.0
chr10:93734207	4_lc	0	0.0012718613150093652	0.009788042011538484	0.0
chr10:93734207	3_ec	0	0.0014364331101110073	0.008795156227323304	0.0
chr10:93734207	2_ad	0	0.0007891805570135143	0.009711283102005265	0.0
chr10:93734207	1_h	0	0.0006943572435413512	0.01324140897407938	0.0
chr10:93846041	4_lc	0	0.0012611414553283001	0.006304617152642456	0.0
chr10:93846041	3_ec	0	0.0014872608755721133	0.010281039915956757	0.0
chr10:93846041	2_ad	0	0.0007261817686353229	0.0073358528285217516	0.0
chr10:93846041	1_h	0	0.0006156502000821386	0.01032415326532105	0.0
chr10:93846147	4_lc	0	0.0013117752954085954	0.008250607060998918	0.0
chr10:93846147	3_ec	0	0.0014661802851799132	0.011338094624763253	0.0
chr10:93846147	2_ad	0	0.0008297394986826691	0.011957913829619008	0.0
chr10:93846147	1_h	0	0.0006082873938552912	0.010001497662235315	0.0
chr10:93846485	4_lc	0	0.001272538359936363	0.00914810789995109	0.0
chr10:93846485	3_ec	0	0.0014587984627523172	0.008809964508316347	0.0
chr10:93846485	2_ad	0	0.0007767498625181338	0.009059238240528244	0.0
chr10:93846485	1_h	0	0.0004604019638500362	0.0067363182931076265	0.0
chr10:93846678	4_lc	0	0.0013552160699904139	0.010298194119627964	0.0
chr10:93846678	3_ec	0	0.0014802078614008837	0.009520218426147682	0.0
chr10:93846678	2_ad	0	0.0007596432883804359	0.00909614462869324	0.0
chr10:93846678	1_h	0	0.0006548024220965553	0.01180239755137842	0.0
chr10:93846720	4_lc	0	0.0013506558441412928	0.01008443274890998	0.0
chr10:93846720	3_ec	0	0.001480924909882283	0.009635538395002995	0.0
chr10:93846720	2_ad	0	0.0009810898089443756	0.014165250371491075	0.0
chr10:93846720	1_h	0	0.00046859523696926255	0.006938156192678523	0.0
chr10:93847307	4_lc	0	0.0012452083433665481	0.007150371820386092	0.0
chr10:93847307	3_ec	0	0.0014383954600978971	0.008198986154741753	0.0
chr10:93847307	2_ad	0	0.0007600963865288438	0.009671374297389077	0.0
chr10:93847307	1_h	0	0.0006067850451064755	0.011374398144959344	0.0
chr10:93984320	4_lc	0	0.0013614556080331314	0.009464463583177351	0.0
chr10:93984320	3_ec	0	0.0014752501225811477	0.009555450317239826	0.0
chr10:93984320	2_ad	0	0.0012315456055334564	0.018388255353666522	0.0
chr10:93984320	1_h	0	0.00129449499917805	0.02107075091158203	0.0
chr10:93984418	4_lc	0	0.001265510725202028	0.006923226390399469	0.0
chr10:93984418	3_ec	0	0.0014434552905324422	0.009483562126107787	0.0
chr10:93984418	2_ad	0	0.0007756701968987724	0.010787240022161191	0.0
chr10:93984418	1_h	0	0.0006232972251988525	0.011854463931364233	0.0
chr10:93997017	4_lc	0	0.0012807403350560372	0.007354876115869408	0.0
chr10:93997017	3_ec	0	0.0014776692855037262	0.0099081415697787	0.0
chr10:93997017	2_ad	0	0.0008213860760890002	0.01006854135973639	0.0
chr10:93997017	1_h	0	0.0006312418966302234	0.012241809826956817	0.0
chr10:94004034	4_lc	0	0.0013042754867861155	0.009566214226154156	0.0
chr10:94004034	3_ec	0	0.0016689651683417536	0.013622285875138647	0.0
chr10:94004034	2_ad	0	0.0008036045588671677	0.01015634645942949	0.0
chr10:94004034	1_h	0	0.0006675572350289903	0.011259911985767493	0.0
chr10:94006961	4_lc	0	0.0012403110630504882	0.005403753093170018	0.0
chr10:94006961	3_ec	0	0.0014372674244632223	0.008529407757947317	0.0
chr10:94006961	2_ad	0	0.0010027361772952392	0.015808209041599103	0.0
chr10:94006961	1_h	0	0.0006184643834688042	0.012355228474707899	0.0
chr10:94043662	4_lc	0	0.0012318762990458907	0.005448242601201145	0.0
chr10:94043662	3_ec	0	0.0014246683669320466	0.007998563500945362	0.0
chr10:94043662	2_ad	0	0.0007961108375880561	0.00994566124168712	0.0
chr10:94043662	1_h	0	0.0005748958206366027	0.009442715678445398	0.0
chr10:94044070	4_lc	0	0.001239122742976679	0.005474384867941756	0.0
chr10:94044070	3_ec	0	0.0014359467944452305	0.008801664653939474	0.0
chr10:94044070	2_ad	0	0.0008099464323877726	0.010345743479749956	0.0
chr10:94044070	1_h	0	0.0005099993293574807	0.0077012554896224855	0.0
chr10:94044142	4_lc	0	0.00120375176170187	0.0028926305797799825	0.0
chr10:94044142	3_ec	0	0.00147526387476438	0.01066079847467485	0.0
chr10:94044142	2_ad	0	0.0008177541490175654	0.010212550128250529	0.0
chr10:94044142	1_h	0	0.0005787499221830346	0.010804351251572055	0.0
chr10:94044388	4_lc	0	0.0012364497244871347	0.0060297499111162415	0.0
chr10:94044388	3_ec	0	0.0014222662489760422	0.007893918738918744	0.0
chr10:94044388	2_ad	0	0.0007421122351979453	0.00833766539529364	0.0
chr10:94044388	1_h	0	0.0006399952098373742	0.011889705266370376	0.0
chr10:94044834	4_lc	0	0.0013032668326934493	0.00956995571482645	0.0
chr10:94044834	3_ec	0	0.0013833648932114716	0.006229925861430079	0.0
chr10:94044834	2_ad	0	0.0008287212837857133	0.012148707147655608	0.0
chr10:94044834	1_h	0	0.0005791945584394428	0.009356092955722378	0.0
chr10:94045194	4_lc	0	0.0013263849234232037	0.00920877017239503	0.0
chr10:94045194	3_ec	0	0.001467802617558963	0.00919446500136154	0.0
chr10:94045194	2_ad	0	0.0007932495581423339	0.009922047720032525	0.0
chr10:94045194	1_h	0	0.0005599629968552944	0.00919589025633051	0.0
chr10:94074205	4_lc	0	0.0012406450378205866	0.005025164365247992	0.0
chr10:94074205	3_ec	0	0.0014214881730669235	0.009138221375026637	0.0
chr10:94074205	2_ad	0	0.0007654678842999402	0.009112015727729694	0.0
chr10:94074205	1_h	0	0.0006763813365010993	0.01179912558532865	0.0
chr10:94163743	4_lc	0	0.0013167964292961057	0.010380701490058318	0.0
chr10:94163743	3_ec	0	0.0014699239411554619	0.011456263014136865	0.0
chr10:94163743	2_ad	0	0.0009358075955753488	0.014313097420670579	0.0
chr10:94163743	1_h	0	0.0006446252743054515	0.011778209247447342	0.0
chr10:94172021	4_lc	0	0.0012008431254531453	0.002775850513167244	0.0
chr10:94172021	3_ec	0	0.001419631095428409	0.007763694853557763	0.0
chr10:94172021	2_ad	0	0.000774002965783859	0.010729661511946235	0.0
chr10:94172021	1_h	0	0.0006560384654754818	0.011995973010214638	0.0
chr10:94172024	4_lc	0	0.0012585576036760855	0.006345594669910899	0.0
chr10:94172024	3_ec	0	0.0014211781385178887	0.007565836682563924	0.0
chr10:94172024	2_ad	0	0.0008792450795664104	0.013088537346387008	0.0
chr10:94172024	1_h	0	0.0006245047619533816	0.01267536402960786	0.0
chr11:12253960	4_lc	5	0.5334591104468799	0.057623792623158504	0.5
chr11:12253960	3_ec	5	0.001432355597804349	0.00903936261167369	0.0
chr11:12253960	2_ad	5	0.001633553386618763	0.003177873828720773	0.0
chr11:12253960	1_h	5	0.0022321059562864748	0.007505669613522509	0.0
chr11:14599447	4_lc	5	0.5330367523899041	0.059684987701371824	0.5
chr11:14599447	3_ec	5	0.0013692427033637495	0.003296079790624963	0.0
chr11:14599447	2_ad	5	0.0016642879169548256	0.006187201138240629	0.0
chr11:14599447	1_h	5	0.0021406857179674505	0.0030809561225474355	0.0
chr11:14600005	4_lc	5	0.5332112303508452	0.05842728677207802	0.47530864197530864
chr11:14600005	3_ec	5	0.001363090568023636	0.0029899038222994247	0.0
chr11:14600005	2_ad	5	0.0016987175570354978	0.009276873439755633	0.0
chr11:14600005	1_h	5	0.002224528214845036	0.009181125664623856	0.0
chr11:17945963	4_lc	5	0.5326077345597066	0.06131155253364079	0.5
chr11:17945963	3_ec	5	0.0013641952135715443	0.0030791560686963555	0.0
chr11:17945963	2_ad	5	0.0016707451516352104	0.006472249982277424	0.0
chr11:17945963	1_h	5	0.002221596118149505	0.008921417061685772	0.0
chr11:17946041	4_lc	5	0.5334990262994371	0.05805868052534148	0.5
chr11:17946041	3_ec	5	0.0014095756180820115	0.006963656949979224	0.0
chr11:17946041	2_ad	5	0.0016133414910839243	0.0017206007388512585	0.0
chr11:17946041	1_h	5	0.0021980699692956945	0.005577772859637666	0.0
chr11:3133098	4_lc	1	0.5612958298198722	0.07569143114224224	0.5
chr11:3133098	3_ec	1	0.563075762771707	0.08433331710997612	0.5
chr11:3133098	2_ad	1	0.5520673431026903	0.06268858836543847	0.5
chr11:3133098	1_h	1	0.5427112219867704	0.061153286752942355	0.5
chr11:3133133	4_lc	1	0.5611872425429779	0.07528026126977422	0.5
chr11:3133133	3_ec	1	0.5628494475505673	0.08360448996072575	0.5
chr11:3133133	2_ad	1	0.5522235534805217	0.06278414544827184	0.5
chr11:3133133	1_h	1	0.542223122033379	0.05983645053087617	0.5
chr11:3134472	4_lc	1	0.5611725379915552	0.07593110814690819	0.5
chr11:3134472	3_ec	1	0.562950953626224	0.08420608958370494	0.5
chr11:3134472	2_ad	1	0.5522856408146837	0.06294494650686445	0.5
chr11:3134472	1_h	1	0.5425949551061896	0.05982033302484621	0.5
chr11:3135671	4_lc	0	0.0012859841529481522	0.007717729894399671	0.0
chr11:3135671	3_ec	0	0.001372241038305374	0.00607291147644775	0.0
chr11:3135671	2_ad	0	0.000742149918870475	0.008263843602443975	0.0
chr11:3135671	1_h	0	0.000521628427959976	0.009209846426114821	0.0
chr11:3136635	4_lc	1	0.5613012686867296	0.07623464696311485	0.5
chr11:3136635	3_ec	1	0.5628829931885644	0.08418144087287238	0.49803149606299213
chr11:3136635	2_ad	1	0.5521851636656	0.06357917936591823	0.5
chr11:3136635	1_h	1	0.5427492657330361	0.06066350625500714	0.5
chr11:3136657	4_lc	1	0.5615681303579301	0.07553544558181267	0.5
chr11:3136657	3_ec	1	0.5629430198916678	0.08415637322342809	0.5
chr11:3136657	2_ad	1	0.5521103549408249	0.06338798203508299	0.5
chr11:3136657	1_h	1	0.5426113555345407	0.06103031409291975	0.5
chr11:3137013	4_lc	1	0.561240455366808	0.07539558321473443	0.5
chr11:3137013	3_ec	1	0.562961166792512	0.08428447914360841	0.5
chr11:3137013	2_ad	1	0.5518984443108966	0.06272673630679503	0.5
chr11:3137013	1_h	1	0.5427475979915306	0.062034159553137895	0.5
chr11:3137040	4_lc	1	0.5616651995709765	0.07637481105278567	0.5
chr11:3137040	3_ec	1	0.5633067393086132	0.08421248748799316	0.5
chr11:3137040	2_ad	1	0.5520258424132263	0.06308270893137263	0.5
chr11:3137040	1_h	1	0.5424782235987312	0.0604430743606556	0.5
chr11:3143747	4_lc	1	0.561015286122371	0.07563144300828384	0.5
chr11:3143747	3_ec	1	0.5635503049677497	0.0843290399989022	0.5
chr11:3143747	2_ad	1	0.5521669275806075	0.06381029466904961	0.5
chr11:3143747	1_h	1	0.5431593138222494	0.06197190272465163	0.5
chr11:3156809	4_lc	1	0.5609789891843123	0.07515927139175757	0.5
chr11:3156809	3_ec	1	0.5635788425572452	0.08450462242838046	0.5
chr11:3156809	2_ad	1	0.5521429032961132	0.06304869511018546	0.5
chr11:3156809	1_h	1	0.5429917343510865	0.06159070599582081	0.5
chr11:3157903	4_lc	1	0.5613432467714433	0.07613597838597276	0.5
chr11:3157903	3_ec	1	0.5630502530769167	0.08485138459089323	0.5
chr11:3157903	2_ad	1	0.552290854827371	0.06291660406159864	0.5
chr11:3157903	1_h	1	0.5424450749590044	0.06226884029541829	0.43458980044345896
chr11:3160122	4_lc	1	0.5612338433275917	0.07561222965578952	0.5
chr11:3160122	3_ec	1	0.5629347122953638	0.0838966758485498	0.5
chr11:3160122	2_ad	1	0.5517518400767422	0.06274122071574781	0.5
chr11:3160122	1_h	1	0.5426726539540255	0.06097335847461799	0.5
chr11:3160125	4_lc	1	0.561916857559388	0.07634572285734485	0.5
chr11:3160125	3_ec	1	0.5628411506405663	0.0839175391811358	0.5
chr11:3160125	2_ad	1	0.5522040855066551	0.06343978048882286	0.5
chr11:3160125	1_h	1	0.5431680088821634	0.06173568104322258	0.5
chr11:3170601	4_lc	1	0.5614441257630877	0.07617385883630405	0.5
chr11:3170601	3_ec	1	0.563031461615859	0.0841647262818146	0.5
chr11:3170601	2_ad	1	0.5524368225940786	0.06347192253470958	0.5
chr11:3170601	1_h	1	0.5428694987359061	0.06108365465390474	0.48588709677419356
chr11:3179430	4_lc	1	0.5616557898668859	0.07573036263684271	0.5
chr11:3179430	3_ec	1	0.5627012982385724	0.08490476776587727	0.5
chr11:3179430	2_ad	1	0.5523334827368757	0.06459295916101006	0.5
chr11:3179430	1_h	1	0.5427305705994984	0.06115588864657316	0.5
chr11:3187367	4_lc	1	0.5617397811011147	0.07633100734342424	0.5
chr11:3187367	3_ec	1	0.5631880352809894	0.08503288084176809	0.5
chr11:3187367	2_ad	1	0.5525775342721458	0.06451552735807912	0.5
chr11:3187367	1_h	1	0.5422561516069354	0.0610124966974748	0.5
chr11:3254620	4_lc	5	0.5344677721668206	0.05342674912691314	0.5
chr11:3254620	3_ec	5	0.0014100956334476026	0.004975785570175326	0.0
chr11:3254620	2_ad	5	0.001655772339408114	0.0049359147175083475	0.0
chr11:3254620	1_h	5	0.0021977270835027035	0.005171489610234454	0.0
chr11:4435031	4_lc	5	0.5332002365851857	0.058939850237151044	0.5
chr11:4435031	3_ec	5	0.0013448655600708018	0.002178997130957627	0.0
chr11:4435031	2_ad	5	0.0016927707190030517	0.008850955721779949	0.0
chr11:4435031	1_h	5	0.002155486447236164	0.0034972384464631323	0.0
chr11:4488107	4_lc	5	0.533673104312418	0.05631975125492434	0.5
chr11:4488107	3_ec	5	0.001415595807727737	0.007592828801017908	0.0
chr11:4488107	2_ad	5	0.001666832181405511	0.00627261777540419	0.0
chr11:4488107	1_h	5	0.00221928133595985	0.008952743329087487	0.0
chr11:5281282	4_lc	5	0.5248933512437589	0.08740570767209702	0.35279187817258884
chr11:5281282	3_ec	5	0.0014882754807243306	0.008972677001658547	0.0
chr11:5281282	2_ad	5	0.0016211412041257428	0.0033168152341693266	0.0
chr11:5281282	1_h	5	0.002169394951790458	0.005135534884781776	0.0
chr11:5281389	4_lc	5	0.5309857001177904	0.06751016551893602	0.4230769230769231
chr11:5281389	3_ec	5	0.0014151746897126307	0.007192257921178466	0.0
chr11:5281389	2_ad	5	0.0016933727783162373	0.009565737744263881	0.0
chr11:5281389	1_h	5	0.0022225259057061923	0.009351409160689972	0.0
chr11:5596752	4_lc	5	0.53306639470389	0.05901644163502353	0.5
chr11:5596752	3_ec	5	0.001436193748883552	0.009491417190020555	0.0
chr11:5596752	2_ad	5	0.0016221634250655917	0.0022439587960890557	0.0
chr11:5596752	1_h	5	0.0021867246331869895	0.005798004785593063	0.0
chr11:5607418	4_lc	5	0.5337508039347941	0.05706666392813596	0.5
chr11:5607418	3_ec	5	0.0013978697218627921	0.005666124138806125	0.0
chr11:5607418	2_ad	5	0.001637307665627433	0.0032228143740029988	0.0
chr11:5607418	1_h	5	0.0021687063183518742	0.00414593219069956	0.0
chr11:5615561	4_lc	5	0.5244798916539501	0.08884369212030395	0.3560606060606061
chr11:5615561	3_ec	5	0.0013822685882528508	0.004509073508059731	0.0
chr11:5615561	2_ad	5	0.0016799738673946014	0.008562167291117622	0.0
chr11:5615561	1_h	5	0.002144962341582482	0.003850657231591073	0.0
chr11:5635233	4_lc	5	0.5332405586802407	0.05852373813616482	0.5
chr11:5635233	3_ec	5	0.0013884500733037741	0.005292332699786236	0.0
chr11:5635233	2_ad	5	0.0016487702202937291	0.004419469926183116	0.0
chr11:5635233	1_h	5	0.0022315766824438843	0.009984584019931471	0.0
chr11:5635263	4_lc	5	0.5339668973087386	0.05563554386073436	0.5
chr11:5635263	3_ec	5	0.0014368285520196323	0.009565261771373415	0.0
chr11:5635263	2_ad	5	0.0016505788424099673	0.0047112888084099224	0.0
chr11:5635263	1_h	5	0.0021715418604813922	0.0046044069476854676	0.0
chr11:5862203	4_lc	5	0.5337529642267927	0.05660626561132741	0.5
chr11:5862203	3_ec	5	0.0014086321708107993	0.007106748460188221	0.0
chr11:5862203	2_ad	5	0.001660878335197963	0.00551004775495051	0.0
chr11:5862203	1_h	5	0.0021553992687912147	0.0035600244462063385	0.0
chr11:5862393	4_lc	5	0.5330454319030015	0.0600514371465058	0.5
chr11:5862393	3_ec	5	0.0013495657563397032	0.002182326878329748	0.0
chr11:5862393	2_ad	5	0.001655584577002317	0.005365492153032052	0.0
chr11:5862393	1_h	5	0.0022151578436594454	0.008512649762103934	0.0
chr11:6514873	4_lc	5	0.5333223772162875	0.05835733397165829	0.5
chr11:6514873	3_ec	5	0.0013724936682174035	0.003653402222915126	0.0
chr11:6514873	2_ad	5	0.0017018692669062982	0.00970190723890353	0.0
chr11:6514873	1_h	5	0.0022191726656585705	0.006623950314798322	0.0
chr11:6600038	4_lc	5	0.534057479306307	0.05490966698004514	0.5
chr11:6600038	3_ec	5	0.0013479620483206598	0.002292978251969607	0.0
chr11:6600038	2_ad	5	0.0016391165049520866	0.003512361915336474	0.0
chr11:6600038	1_h	5	0.0021964051769761458	0.005247830893860736	0.0
chr11:6600161	4_lc	5	0.5334997383376111	0.057564119691928387	0.5
chr11:6600161	3_ec	5	0.0014383662120961887	0.009598351062600912	0.0
chr11:6600161	2_ad	5	0.001607703251834871	0.0015198047589028846	0.0
chr11:6600161	1_h	5	0.002232995193633874	0.010349472505556411	0.0
chr11:6600357	4_lc	5	0.533499724848172	0.057243874887186075	0.5
chr11:6600357	3_ec	5	0.0014308311212498097	0.008921949562936626	0.0
chr11:6600357	2_ad	5	0.0016780425078701839	0.007369571431704685	0.0
chr11:6600357	1_h	5	0.002226290579123342	0.009420497532345078	0.0
chr11:6600714	4_lc	5	0.533288223583357	0.05852811049493703	0.5
chr11:6600714	3_ec	5	0.0013850149879413851	0.005008911868471512	0.0
chr11:6600714	2_ad	5	0.0016473550393019175	0.004324116099774217	0.0
chr11:6600714	1_h	5	0.002204269185945541	0.007389471074796335	0.0
chr11:7198314	4_lc	5	0.5335238393274191	0.057238006543147035	0.5
chr11:7198314	3_ec	5	0.0013704066824192672	0.003605186034092523	0.0
chr11:7198314	2_ad	5	0.0016249213086142057	0.0023055376516125372	0.0
chr11:7198314	1_h	5	0.002208131517829986	0.0076101405582618105	0.0
chr11:9269151	4_lc	5	0.5336221226926108	0.056889078542200225	0.5
chr11:9269151	3_ec	5	0.0013973057705703787	0.005717364471414698	0.0
chr11:9269151	2_ad	5	0.0016341434802918013	0.003228606104091094	0.0
chr11:9269151	1_h	5	0.002225668341590078	0.007106807906112443	0.0
chr11:9277013	4_lc	5	0.5332943508213183	0.05838448401444897	0.5
chr11:9277013	3_ec	5	0.0013959576143688	0.005816024703240501	0.0
chr11:9277013	2_ad	5	0.001655964159673825	0.005228673254864431	0.0
chr11:9277013	1_h	5	0.00224844578158453	0.008851300438235881	0.0
chr11:9293499	4_lc	5	0.5335534008914874	0.057598254386869295	0.5
chr11:9293499	3_ec	5	0.0013617511188718867	0.002688285256115381	0.0
chr11:9293499	2_ad	5	0.0016632504944079135	0.0058826922708322986	0.0
chr11:9293499	1_h	5	0.0021674741978470213	0.004177007377407342	0.0
chr11:9293617	4_lc	5	0.5334592984713555	0.057259527299825676	0.5
chr11:9293617	3_ec	5	0.0014047237588718363	0.006651800373345852	0.0
chr11:9293617	2_ad	5	0.0017040857741620905	0.009731194591512712	0.0
chr11:9293617	1_h	5	0.0021602472187554115	0.0037865098866593713	0.0
chr11:9294545	4_lc	5	0.5336392668247647	0.05706989956252156	0.5
chr11:9294545	3_ec	5	0.0014230808764263607	0.008502500617604982	0.0
chr11:9294545	2_ad	5	0.0016300238998513596	0.002791315353418855	0.0
chr11:9294545	1_h	5	0.002136605704029454	0.00302324580420139	0.0
chr11:9294559	4_lc	5	0.5332722232033122	0.05805741430204211	0.5
chr11:9294559	3_ec	5	0.0014127348780880026	0.007625011806180037	0.0
chr11:9294559	2_ad	5	0.001629992849824147	0.002534648964851851	0.0
chr11:9294559	1_h	5	0.0021421558390109234	0.003072274857426973	0.0
chr11:9294781	4_lc	5	0.5334295625375084	0.057772464501371794	0.5
chr11:9294781	3_ec	5	0.0014190663975866308	0.007365343778132635	0.0
chr11:9294781	2_ad	5	0.0017041908315942244	0.009333590553462258	0.0
chr11:9294781	1_h	5	0.002177377478531673	0.004564295271967292	0.0
chr11:9297261	4_lc	5	0.5334579799108208	0.05776424524337372	0.5
chr11:9297261	3_ec	5	0.0014221843515220172	0.007989144265599775	0.0
chr11:9297261	2_ad	5	0.0016607672276000912	0.0057338655134732555	0.0
chr11:9297261	1_h	5	0.00215065459595144	0.003257113404988715	0.0
chr11:9298539	4_lc	5	0.5339160954293752	0.05559341422268285	0.5
chr11:9298539	3_ec	5	0.0014296671076290091	0.008867687421676502	0.0
chr11:9298539	2_ad	5	0.0016829216752356996	0.00781389079988845	0.0
chr11:9298539	1_h	5	0.0021635316398619995	0.003967700054833823	0.0
chr11:9316166	4_lc	5	0.5265021717527923	0.08303984383981086	0.37192118226600984
chr11:9316166	3_ec	5	0.0014354033884601209	0.00704478653720302	0.0
chr11:9316166	2_ad	5	0.0016240527952279375	0.0032520705781190653	0.0
chr11:9316166	1_h	5	0.0021905025547139583	0.007287320312433537	0.0
chr11:9328117	4_lc	5	0.5336183427687841	0.05701687178032821	0.5
chr11:9328117	3_ec	5	0.0014000420445553477	0.00627800444337927	0.0
chr11:9328117	2_ad	5	0.0016973712573447436	0.009012201876190807	0.0
chr11:9328117	1_h	5	0.0021656741467726568	0.004199894118661902	0.0
chr11:9331615	4_lc	5	0.5337892096405872	0.05570037711595093	0.5
chr11:9331615	3_ec	5	0.0014178120791066167	0.00784505869456225	0.0
chr11:9331615	2_ad	5	0.0016362053288513153	0.0032461567410362584	0.0
chr11:9331615	1_h	5	0.002219349732218155	0.008675550383812548	0.0
chr11:9333176	4_lc	5	0.5050095179486902	0.13103863089174936	0.2537764350453172
chr11:9333176	3_ec	5	0.0013933594371956111	0.004703555701635725	0.0
chr11:9333176	2_ad	5	0.0015726857253881472	0.002434396684904181	0.0
chr11:9333176	1_h	5	0.0021916547427785035	0.009526634217011913	0.0
chr11:9333292	4_lc	5	0.5333296712638358	0.058142450579764575	0.5
chr11:9333292	3_ec	5	0.0014119814788410515	0.006794165834391338	0.0
chr11:9333292	2_ad	5	0.0016388904119356092	0.003461609561966308	0.0
chr11:9333292	1_h	5	0.002211011491095228	0.007560723957188634	0.0
chr11:9354911	4_lc	5	0.5332528588026149	0.05833586753322652	0.5
chr11:9354911	3_ec	5	0.0014122285053392233	0.0071009758718337595	0.0
chr11:9354911	2_ad	5	0.001684934346271992	0.008158886072426617	0.0
chr11:9354911	1_h	5	0.0022218160619271493	0.006809479185874387	0.0
chr11:9434299	4_lc	5	0.5329047887230851	0.06007411020688961	0.5
chr11:9434299	3_ec	5	0.001432158504257787	0.008738174202435299	0.0
chr11:9434299	2_ad	5	0.0016117955611011777	0.0015480471982871218	0.0
chr11:9434299	1_h	5	0.002160336672669506	0.003725546717019687	0.0
chr11:9465004	4_lc	5	0.5337771366342611	0.05663750614284002	0.5
chr11:9465004	3_ec	5	0.001377856268656946	0.003604502830254398	0.0
chr11:9465004	2_ad	5	0.0016428165791277254	0.004293537098687388	0.0
chr11:9465004	1_h	5	0.002176518458417962	0.004982943955365661	0.0
chr11:9466465	4_lc	5	0.5333446196004564	0.058034486249617157	0.5
chr11:9466465	3_ec	5	0.0013838113294721557	0.004598673456718577	0.0
chr11:9466465	2_ad	5	0.001696286219947637	0.009040974440491109	0.0
chr11:9466465	1_h	5	0.0021591035636145017	0.0038893504279857035	0.0
chr13:49661807	4_lc	3	0.004188438360347422	0.00686513053009775	0.0
chr13:49661807	3_ec	3	0.531343466287962	0.07239707345436786	0.5
chr13:49661807	2_ad	3	0.0022541199467698623	0.002972263964419555	0.0
chr13:49661807	1_h	3	0.003122425835711977	0.003910345979283083	0.0
chr13:53117204	4_lc	1	0.5618646610772665	0.0760661748625907	0.5
chr13:53117204	3_ec	1	0.5633142903501992	0.0851892727789635	0.5
chr13:53117204	2_ad	1	0.552345405438113	0.06425855582200077	0.5
chr13:53117204	1_h	1	0.5416027808794208	0.06091668698143581	0.3089430894308943
chr13:64921972	4_lc	3	0.00420323732186607	0.008894929758751923	0.0
chr13:64921972	3_ec	3	0.5298532248210494	0.07758509507185625	0.5
chr13:64921972	2_ad	3	0.00226914492239814	0.005966480539391157	0.0
chr13:64921972	1_h	3	0.003138294588793904	0.005596970691551405	0.0
chr14:19789772	4_lc	2	0.0007045112692736808	0.007822201911511843	0.0
chr14:19789772	3_ec	2	0.00172445874207109	0.002640396853508451	0.0
chr14:19789772	2_ad	2	0.5350073562411485	0.036613390066717384	0.5
chr14:19789772	1_h	2	0.0014206027539459714	0.00690988288049287	0.0
chr14:20448589	4_lc	2	0.0007072309552984047	0.00746139648895597	0.0
chr14:20448589	3_ec	2	0.0017645180898828406	0.004734496192778277	0.0
chr14:20448589	2_ad	2	0.5333826184200764	0.0471039478806277	0.3855421686746988
chr14:20448589	1_h	2	0.001395819368440582	0.004679425221022151	0.0
chr14:20464940	4_lc	2	0.0006649281104280344	0.0036226840203716793	0.0
chr14:20464940	3_ec	2	0.0017405393692012854	0.003082255017813318	0.0
chr14:20464940	2_ad	2	0.5341270136577969	0.04233449195516252	0.5
chr14:20464940	1_h	2	0.0013637746655745344	0.0020564549426407975	0.0
chr14:20686566	4_lc	2	0.0006996235377135455	0.007349184908548577	0.0
chr14:20686566	3_ec	2	0.001789060616160042	0.0070859985341293575	0.0
chr14:20686566	2_ad	2	0.5352356159845175	0.03504821837834422	0.5
chr14:20686566	1_h	2	0.0014005236769119825	0.00483429679017164	0.0
chr14:20730049	4_lc	2	0.0007159192438439729	0.008938798369319935	0.0
chr14:20730049	3_ec	2	0.0017975900406204943	0.007901078592074314	0.0
chr14:20730049	2_ad	2	0.5350646635264698	0.0362295667502333	0.5
chr14:20730049	1_h	2	0.0014514505524389027	0.007180486957148987	0.0
chr14:21668351	4_lc	2	0.0006456810907523387	0.0026352531914237403	0.0
chr14:21668351	3_ec	2	0.0018187407686882544	0.009957313627191357	0.0
chr14:21668351	2_ad	2	0.5348137102065933	0.03817829695371405	0.5
chr14:21668351	1_h	2	0.0013809843003193358	0.0033453985099952638	0.0
chr14:21669506	4_lc	2	0.0006940529582421255	0.005695523867564987	0.0
chr14:21669506	3_ec	2	0.001766112306046125	0.004091239184039334	0.0
chr14:21669506	2_ad	2	0.5349879910711826	0.03697830298940054	0.5
chr14:21669506	1_h	2	0.0014067317843199172	0.005477968548883889	0.0
chr14:21780153	4_lc	2	0.0007291959834523199	0.00929150729488461	0.0
chr14:21780153	3_ec	2	0.0018168250852790009	0.009239932213678618	0.0
chr14:21780153	2_ad	2	0.5352313043295193	0.035095377032590865	0.5
chr14:21780153	1_h	2	0.0013917561188833366	0.004110549413514941	0.0
chr14:26665940	4_lc	2	0.0006874356149837718	0.0036605554452313637	0.0
chr14:26665940	3_ec	2	0.0018166956214255255	0.0074991458077681246	0.0
chr14:26665940	2_ad	2	0.5221347603683731	0.08924084719703737	0.24324324324324326
chr14:26665940	1_h	2	0.0013533785745300606	0.002320827009349623	0.0
chr14:26669243	4_lc	2	0.0006784837036308682	0.0050199893290936645	0.0
chr14:26669243	3_ec	2	0.0018198438826188242	0.009990960998473674	0.0
chr14:26669243	2_ad	2	0.5340564520953095	0.04300537168543872	0.4420131291028446
chr14:26669243	1_h	2	0.0014037732691692434	0.005424816936029543	0.0
chr14:26911851	4_lc	2	0.0006574081119635325	0.0032726631512674225	0.0
chr14:26911851	3_ec	2	0.0017425703246666845	0.003217624510432341	0.0
chr14:26911851	2_ad	2	0.5345125716924783	0.03998778626002138	0.5
chr14:26911851	1_h	2	0.0013989713398996862	0.004846982696823972	0.0
chr14:27000870	4_lc	2	0.0006417309719814878	0.002350501948395865	0.0
chr14:27000870	3_ec	2	0.0017418302548432183	0.003240577138351338	0.0
chr14:27000870	2_ad	2	0.5348066009415368	0.03810018508950402	0.5
chr14:27000870	1_h	2	0.0013716559188485735	0.0025723935058666082	0.0
chr14:27001378	4_lc	2	0.0007069262543836887	0.007670011699753421	0.0
chr14:27001378	3_ec	2	0.0017755579157644088	0.00554898665957804	0.0
chr14:27001378	2_ad	2	0.5343422714870905	0.04131754491408137	0.5
chr14:27001378	1_h	2	0.0014603076775192487	0.007972982496431053	0.0
chr14:27002073	4_lc	2	0.0006928740103156105	0.00649472020303341	0.0
chr14:27002073	3_ec	2	0.0017687112920874316	0.0052460857205996045	0.0
chr14:27002073	2_ad	2	0.5344126921633582	0.04097980544495773	0.44924406047516197
chr14:27002073	1_h	2	0.0013880925084240846	0.00392592795100258	0.0
chr14:27101312	4_lc	2	0.0006811530968633635	0.005580023302168457	0.0
chr14:27101312	3_ec	2	0.0017922291533534213	0.007384602629949913	0.0
chr14:27101312	2_ad	2	0.5349165717738175	0.03742920400135011	0.5
chr14:27101312	1_h	2	0.0014477090606263086	0.00965448411677342	0.0
chr14:28475705	4_lc	0	0.0013326213202252382	0.009140028259588347	0.0
chr14:28475705	3_ec	0	0.0014433522995746077	0.008069696770591285	0.0
chr14:28475705	2_ad	0	0.0008808770441816995	0.013238673469838425	0.0
chr14:28475705	1_h	0	0.0005920409734838694	0.010375271104655822	0.0
chr14:30031171	4_lc	0	0.0014512952313515556	0.012110619116783142	0.0
chr14:30031171	3_ec	0	0.0013911843763424086	0.00844642770427607	0.0
chr14:30031171	2_ad	0	0.0008114935369016648	0.011419208059542683	0.0
chr14:30031171	1_h	0	0.0008716310150589548	0.017346037393110844	0.0
chr14:30031206	4_lc	0	0.00123507601842963	0.0054136051473264	0.0
chr14:30031206	3_ec	0	0.0014017397803026998	0.007798005767644239	0.0
chr14:30031206	2_ad	0	0.0006956050954338847	0.007435132342166741	0.0
chr14:30031206	1_h	0	0.0008060808036746492	0.014888787809177698	0.0
chr14:30896582	4_lc	0	0.0013155375117810215	0.010174348846563212	0.0
chr14:30896582	3_ec	0	0.0014429388928449303	0.009304809993583138	0.0
chr14:30896582	2_ad	0	0.0007021256948153226	0.00657976167734841	0.0
chr14:30896582	1_h	0	0.0005751321773933374	0.011585254047784595	0.0
chr14:30911944	4_lc	0	0.0012394655542836044	0.005913276521443744	0.0
chr14:30911944	3_ec	0	0.0015352146160630895	0.011370104109636767	0.0
chr14:30911944	2_ad	0	0.00078236756223667	0.009207757346073812	0.0
chr14:30911944	1_h	0	0.0006343084425140508	0.010632756260069548	0.0
chr14:30923467	4_lc	0	0.001289077522441527	0.007917895557254178	0.0
chr14:30923467	3_ec	0	0.001539715175224044	0.011608064343639072	0.0
chr14:30923467	2_ad	0	0.0008761442001509666	0.012743528980870852	0.0
chr14:30923467	1_h	0	0.0006201330167639045	0.01151313878527693	0.0
chr14:30937015	4_lc	0	0.0014345815646747073	0.011642471949976342	0.0
chr14:30937015	3_ec	0	0.0014406188970921528	0.009314382474578286	0.0
chr14:30937015	2_ad	0	0.0007748310139881004	0.010675201484881436	0.0
chr14:30937015	1_h	0	0.0005477484309347755	0.011360700879624422	0.0
chr14:51455971	4_lc	0	0.0011776634370493234	0.0019316389363240693	0.0
chr14:51455971	3_ec	0	0.0014962158966556282	0.010679074214667976	0.0
chr14:51455971	2_ad	0	0.0009602286089590673	0.01379128182334422	0.0
chr14:51455971	1_h	0	0.000554131820492984	0.010170952802385577	0.0
chr14:51457493	4_lc	0	0.0012696936977811119	0.006598350384938216	0.0
chr14:51457493	3_ec	0	0.001498218625606046	0.011528278665440567	0.0
chr14:51457493	2_ad	0	0.0007264624971923212	0.007292354477641651	0.0
chr14:51457493	1_h	0	0.000539938918736612	0.008681421367905668	0.0
chr14:7090770	4_lc	0	0.0012881294518371717	0.007632264233752274	0.0
chr14:7090770	3_ec	0	0.0014063422200875377	0.007406465180318813	0.0
chr14:7090770	2_ad	0	0.0007226187783844765	0.009925182312559986	0.0
chr14:7090770	1_h	0	0.0010250069058994758	0.017802417170280905	0.0
chr14:7884732	4_lc	2	0.0007044599376915715	0.007838662013800636	0.0
chr14:7884732	3_ec	2	0.001788061554576003	0.007041732133338303	0.0
chr14:7884732	2_ad	2	0.5351081323011602	0.036261231609709885	0.5
chr14:7884732	1_h	2	0.0014048353618357763	0.005444486327399407	0.0
chr14:7984145	4_lc	2	0.0007083545334208485	0.008114831150688727	0.0
chr14:7984145	3_ec	2	0.001771690983600816	0.005427900070454372	0.0
chr14:7984145	2_ad	2	0.5350810500184263	0.036750059204034936	0.5
chr14:7984145	1_h	2	0.0013807551274578663	0.003236202902859234	0.0
chr14:8164022	4_lc	2	0.0007172288321080527	0.008945094688745263	0.0
chr14:8164022	3_ec	2	0.0017838000713863422	0.006468605482605576	0.0
chr14:8164022	2_ad	2	0.534941671192676	0.03740986036869022	0.5
chr14:8164022	1_h	2	0.0014096203111685912	0.005858248536746659	0.0
chr15:77638007	4_lc	2	0.009866416055722879	0.03549574638013808	0.0
chr15:77638007	3_ec	2	0.010812463768837061	0.03800985736846792	0.0
chr15:77638007	2_ad	2	0.39048811147641715	0.2749238464900774	0.5
chr15:77638007	1_h	2	0.24275427993122795	0.28212355977690584	0.5
chr15:91909288	4_lc	0	0.0014386334906677943	0.011864529377457068	0.0
chr15:91909288	3_ec	0	0.0013947431831045208	0.006786414431498154	0.0
chr15:91909288	2_ad	0	0.0012488505661106897	0.018354090876102683	0.0
chr15:91909288	1_h	0	0.000588375900980286	0.0102681851788204	0.0
chr16:20683460	4_lc	0	0.0011964547016664027	0.002891153486932857	0.0
chr16:20683460	3_ec	0	0.0014939641795189977	0.009991446511549098	0.0
chr16:20683460	2_ad	0	0.0007249394138401647	0.0078000381107259644	0.0
chr16:20683460	1_h	0	0.000782663414095248	0.014168900936067543	0.0
chr16:29248140	4_lc	2	0.0006630603691890927	0.0037111605813275454	0.0
chr16:29248140	3_ec	2	0.0018224365619621836	0.010160850618102393	0.0
chr16:29248140	2_ad	2	0.5348631256119304	0.03826359341255629	0.5
chr16:29248140	1_h	2	0.0014123439765240547	0.0061184834699630885	0.0
chr16:29421734	4_lc	2	0.0006908613213202361	0.005940735569170267	0.0
chr16:29421734	3_ec	2	0.0017825235929981094	0.006447277757427385	0.0
chr16:29421734	2_ad	2	0.5322527687734347	0.05294898370099194	0.3609022556390977
chr16:29421734	1_h	2	0.0013923878006511345	0.004560257815192476	0.0
chr16:30309050	4_lc	2	0.0006395212877750673	0.0022653412321593483	0.0
chr16:30309050	3_ec	2	0.0017947023263224903	0.006080738480671418	0.0
chr16:30309050	2_ad	2	0.5350018845335092	0.036987594729558586	0.5
chr16:30309050	1_h	2	0.0014507325693074026	0.009868906709529274	0.0
chr16:30343647	4_lc	2	0.0006401436430617188	0.002205875357457237	0.0
chr16:30343647	3_ec	2	0.0018005441940068632	0.008119500736697836	0.0
chr16:30343647	2_ad	2	0.5349591418554475	0.03748204537071924	0.5
chr16:30343647	1_h	2	0.0013715868465127249	0.002541553404353188	0.0
chr16:30344539	4_lc	2	0.0007215427406475037	0.009308954877980813	0.0
chr16:30344539	3_ec	2	0.0017405019473047336	0.0032177576016672992	0.0
chr16:30344539	2_ad	2	0.5341658106693765	0.04230865928565261	0.4631578947368421
chr16:30344539	1_h	2	0.0013763836323630791	0.0030229173202966954	0.0
chr16:31456705	4_lc	2	0.000677007115604613	0.005039747608418089	0.0
chr16:31456705	3_ec	2	0.0017416257398380904	0.0031249709051904308	0.0
chr16:31456705	2_ad	2	0.5346170049497939	0.03938009882403986	0.5
chr16:31456705	1_h	2	0.0013784980064843258	0.003131951481412884	0.0
chr16:32407881	4_lc	2	0.0006923947224182624	0.006469555770949656	0.0
chr16:32407881	3_ec	2	0.0017436292275040011	0.0032951554760637706	0.0
chr16:32407881	2_ad	2	0.5347202419836025	0.03865530313046291	0.5
chr16:32407881	1_h	2	0.0014235580863256189	0.007203104520024831	0.0
chr16:32499104	4_lc	2	0.000631415691798261	0.002023932585692747	0.0
chr16:32499104	3_ec	2	0.0017737576840577375	0.005887259702065395	0.0
chr16:32499104	2_ad	2	0.534965888169086	0.03704311204305593	0.5
chr16:32499104	1_h	2	0.00135868727264627	0.0019091716277664704	0.0
chr16:32680733	4_lc	2	0.0006499351348768037	0.0025869076247061755	0.0
chr16:32680733	3_ec	2	0.0017280151972772903	0.002691623688129889	0.0
chr16:32680733	2_ad	2	0.5337144655682926	0.04506709274615873	0.38995215311004783
chr16:32680733	1_h	2	0.0014191022675548463	0.006899885058584882	0.0
chr16:32750328	4_lc	2	0.0006597741922861742	0.0035583646450852782	0.0
chr16:32750328	3_ec	2	0.0017243131963340748	0.002642264972678192	0.0
chr16:32750328	2_ad	2	0.5347837241648377	0.03849014494264754	0.5
chr16:32750328	1_h	2	0.001395157879874119	0.004569242513895898	0.0
chr16:32751142	4_lc	2	0.000652689395748742	0.002844166454956911	0.0
chr16:32751142	3_ec	2	0.0017391664411236301	0.0030051096425469594	0.0
chr16:32751142	2_ad	2	0.5344964628696537	0.04044589748627337	0.5
chr16:32751142	1_h	2	0.0013985746057765154	0.004769842415496819	0.0
chr16:32751208	4_lc	2	0.0007061527147090499	0.007701745787096625	0.0
chr16:32751208	3_ec	2	0.0017408606726811446	0.0030885977426694223	0.0
chr16:32751208	2_ad	2	0.5346610066160699	0.03922357517143724	0.5
chr16:32751208	1_h	2	0.0014381049612865646	0.008559599538997048	0.0
chr16:32751613	4_lc	2	0.000707571670084922	0.008165735363171856	0.0
chr16:32751613	3_ec	2	0.0017575011000680138	0.004278240882389841	0.0
chr16:32751613	2_ad	2	0.5349411164288725	0.037400485739000525	0.5
chr16:32751613	1_h	2	0.001434759288888691	0.00832652970687428	0.0
chr16:32751763	4_lc	2	0.0006879079027623966	0.00637120836625441	0.0
chr16:32751763	3_ec	2	0.001732754398158012	0.00282972534303102	0.0
chr16:32751763	2_ad	2	0.5353896892240436	0.03430077058494368	0.5
chr16:32751763	1_h	2	0.0014159234944952216	0.006499064915268841	0.0
chr16:32751915	4_lc	2	0.0006974935969167462	0.007062652507075797	0.0
chr16:32751915	3_ec	2	0.0017977667394684423	0.0080397118978741	0.0
chr16:32751915	2_ad	2	0.5347169351945567	0.03887181725536342	0.5
chr16:32751915	1_h	2	0.001358852099214378	0.0019160952991718887	0.0
chr16:32752096	4_lc	2	0.0006768064694900038	0.005039823654444108	0.0
chr16:32752096	3_ec	2	0.0017915508442595276	0.007268026592825549	0.0
chr16:32752096	2_ad	2	0.5347190585041445	0.038865769695249575	0.5
chr16:32752096	1_h	2	0.0014039582614676462	0.005277570760692301	0.0
chr16:32752533	4_lc	0	0.0011960816684396176	0.0028404876351153098	0.0
chr16:32752533	3_ec	0	0.0014631642044622881	0.010890824742278732	0.0
chr16:32752533	2_ad	0	0.0008458649321958937	0.011148026926507551	0.0
chr16:32752533	1_h	0	0.0005289634897935147	0.008590114983971192	0.0
chr16:32752594	4_lc	2	0.0006804283685596318	0.004867962797785108	0.0
chr16:32752594	3_ec	2	0.0017460332152229906	0.0035039280160849757	0.0
chr16:32752594	2_ad	2	0.533035440313862	0.04879067942622943	0.3795620437956204
chr16:32752594	1_h	2	0.0013982358772223805	0.004924949517726682	0.0
chr16:32752726	4_lc	2	0.0006654357432682396	0.00347162567057618	0.0
chr16:32752726	3_ec	2	0.0017878397534783054	0.006923336599434674	0.0
chr16:32752726	2_ad	2	0.5350244566524323	0.03663362336126773	0.5
chr16:32752726	1_h	2	0.0014070138825025343	0.004572991091826521	0.0
chr16:32752738	4_lc	2	0.000660920520523378	0.003595445174668627	0.0
chr16:32752738	3_ec	2	0.001726105795475311	0.0026496688570013596	0.0
chr16:32752738	2_ad	2	0.5350314583773333	0.03685496817077369	0.49803149606299213
chr16:32752738	1_h	2	0.001461237333823332	0.010088111987644841	0.0
chr16:32752970	4_lc	2	0.0006534925943583766	0.0030669142708077595	0.0
chr16:32752970	3_ec	2	0.0017495941640225336	0.0037523066050649204	0.0
chr16:32752970	2_ad	2	0.5346644045523545	0.03937292997995001	0.5
chr16:32752970	1_h	2	0.0014354378272594997	0.008416597406702359	0.0
chr16:32753063	4_lc	0	0.0012012457930865826	0.002700844534617437	0.0
chr16:32753063	3_ec	0	0.0013631251737421493	0.005325863380003839	0.0
chr16:32753063	2_ad	0	0.0008359162228595196	0.01187623260389645	0.0
chr16:32753063	1_h	0	0.0005231889994278835	0.00829580991614246	0.0
chr16:32753466	4_lc	2	0.0006993874407149409	0.006696199987292294	0.0
chr16:32753466	3_ec	2	0.0018210504751364563	0.009852118325728023	0.0
chr16:32753466	2_ad	2	0.5335292978612333	0.04618864948681676	0.4069767441860465
chr16:32753466	1_h	2	0.0014023854250520787	0.004295705824377686	0.0
chr16:32753726	4_lc	0	0.0012573909962078768	0.006246193145667453	0.0
chr16:32753726	3_ec	0	0.001584028747339782	0.012285555382748147	0.0
chr16:32753726	2_ad	0	0.0007241329708616978	0.007733022812514553	0.0
chr16:32753726	1_h	0	0.0009137615122903783	0.01588442842287319	0.0
chr16:32754580	4_lc	2	0.0007213980307576327	0.00959614757994502	0.0
chr16:32754580	3_ec	2	0.0017737552288901298	0.005834983113337068	0.0
chr16:32754580	2_ad	2	0.534996140753175	0.03693169479019386	0.5
chr16:32754580	1_h	2	0.0014264457980533564	0.007577616289608644	0.0
chr16:32754794	4_lc	2	0.0006835451802455542	0.005605654405391075	0.0
chr16:32754794	3_ec	2	0.0018284544085337977	0.007838077096891433	0.0
chr16:32754794	2_ad	2	0.534692649501346	0.038897999884326746	0.5
chr16:32754794	1_h	2	0.0014013678334564657	0.00501211707979828	0.0
chr16:32755039	4_lc	0	0.0012458857909357886	0.006220470239274911	0.0
chr16:32755039	3_ec	0	0.0013497953304938218	0.004904088322745528	0.0
chr16:32755039	2_ad	0	0.0006641660129806229	0.004154375481614446	0.0
chr16:32755039	1_h	0	0.0006313098346875299	0.010890564426165554	0.0
chr16:32755337	4_lc	2	0.0006456487367232197	0.002480734730641892	0.0
chr16:32755337	3_ec	2	0.001744723163982982	0.00332603177668654	0.0
chr16:32755337	2_ad	2	0.5345548248626595	0.04003432190966064	0.5
chr16:32755337	1_h	2	0.0013883610502417494	0.003907963051780126	0.0
chr16:32755474	4_lc	2	0.0007037731807636014	0.008006954722600254	0.0
chr16:32755474	3_ec	2	0.0017425028569323508	0.003410952023326264	0.0
chr16:32755474	2_ad	2	0.5352096319580877	0.035424088463802884	0.5
chr16:32755474	1_h	2	0.0014071536928633365	0.005723169932477263	0.0
chr16:32755886	4_lc	2	0.0006408376998757164	0.0020792553175405033	0.0
chr16:32755886	3_ec	2	0.0017612687007894634	0.004523438622624952	0.0
chr16:32755886	2_ad	2	0.5332878488656025	0.0473735389316533	0.39858490566037735
chr16:32755886	1_h	2	0.001436069348829779	0.008526478508523507	0.0
chr16:32755889	4_lc	2	0.0007288003662912993	0.009387728650582135	0.0
chr16:32755889	3_ec	2	0.0017680307479726665	0.0049504579392764475	0.0
chr16:32755889	2_ad	2	0.5327434922513073	0.050683684223912194	0.39858490566037735
chr16:32755889	1_h	2	0.0014964176824173087	0.008513065009748659	0.0
chr16:32756140	4_lc	2	0.0006622152871048711	0.003909561477436123	0.0
chr16:32756140	3_ec	2	0.0018034582729129155	0.008379976404777986	0.0
chr16:32756140	2_ad	2	0.5348523449671854	0.037814626134736594	0.49203187250996017
chr16:32756140	1_h	2	0.001431777218670506	0.008017222424982026	0.0
chr16:32756159	4_lc	2	0.0007172842865045813	0.00911185592944146	0.0
chr16:32756159	3_ec	2	0.00174222177518772	0.003278775166392211	0.0
chr16:32756159	2_ad	2	0.5348892376752363	0.03778952294710863	0.5
chr16:32756159	1_h	2	0.001401113236959714	0.005143166744448542	0.0
chr16:32756326	4_lc	2	0.0006412529619845179	0.002403718761510833	0.0
chr16:32756326	3_ec	2	0.0017280072495005178	0.002695054649564095	0.0
chr16:32756326	2_ad	2	0.5351237547376042	0.03626230740607526	0.5
chr16:32756326	1_h	2	0.001388103047086254	0.0039521648698121895	0.0
chr16:32756497	4_lc	2	0.0006328973506799101	0.002000875043691579	0.0
chr16:32756497	3_ec	2	0.001817680772489474	0.009810817312594252	0.0
chr16:32756497	2_ad	2	0.534892323195274	0.03781725161289216	0.5
chr16:32756497	1_h	2	0.0013869224229592328	0.0038209180661083458	0.0
chr16:32756645	4_lc	2	0.0007004620406060616	0.0056712594234677675	0.0
chr16:32756645	3_ec	2	0.0017260485729747085	0.0026626724686633356	0.0
chr16:32756645	2_ad	2	0.5283345715365346	0.06920395064297306	0.30327868852459017
chr16:32756645	1_h	2	0.001444683642145589	0.0070811734168322055	0.0
chr16:32757383	4_lc	2	0.0006817107823353141	0.005684257885209782	0.0
chr16:32757383	3_ec	2	0.0018142731294780894	0.009607322581407163	0.0
chr16:32757383	2_ad	2	0.5347721940103671	0.0384992000530387	0.5
chr16:32757383	1_h	2	0.0014379197685067276	0.00873314441815077	0.0
chr16:32757446	4_lc	2	0.0006610332134640246	0.004240093623248765	0.0
chr16:32757446	3_ec	2	0.0017902762379529552	0.007512746730135118	0.0
chr16:32757446	2_ad	2	0.5355424981294086	0.03292766957194138	0.5
chr16:32757446	1_h	2	0.0013755707629986103	0.0029784094099040747	0.0
chr16:32761263	4_lc	2	0.000633714978913417	0.0020353940482417798	0.0
chr16:32761263	3_ec	2	0.0017341631297595533	0.0028367399990842424	0.0
chr16:32761263	2_ad	2	0.5350954166643428	0.036239735907448486	0.5
chr16:32761263	1_h	2	0.0014480398117795923	0.009596769845301441	0.0
chr16:32762503	4_lc	2	0.0006835018892134276	0.00566674089736909	0.0
chr16:32762503	3_ec	2	0.0017291913016222985	0.002680194645651275	0.0
chr16:32762503	2_ad	2	0.5349330340398287	0.037424594605020955	0.5
chr16:32762503	1_h	2	0.0013949427345538589	0.004434018207054624	0.0
chr16:32765753	4_lc	2	0.0006749853049114753	0.004842894322111963	0.0
chr16:32765753	3_ec	2	0.0017683459137910103	0.005149290349119002	0.0
chr16:32765753	2_ad	2	0.534804620826495	0.038714463936395584	0.5
chr16:32765753	1_h	2	0.0013945543369869515	0.0044810057943657335	0.0
chr16:32775777	4_lc	2	0.0007021830987537792	0.007884563808301652	0.0
chr16:32775777	3_ec	2	0.001768812438877052	0.005366840226865791	0.0
chr16:32775777	2_ad	2	0.5355400503813392	0.03366767969845418	0.5
chr16:32775777	1_h	2	0.0014049916749133808	0.005492360062933969	0.0
chr16:32775807	4_lc	2	0.0006754639518498501	0.00446236072534507	0.0
chr16:32775807	3_ec	2	0.0017535166702710345	0.0037631731575971336	0.0
chr16:32775807	2_ad	2	0.5342543414516928	0.04176426316218093	0.5
chr16:32775807	1_h	2	0.0013668473634974945	0.0021799632289122243	0.0
chr16:32776822	4_lc	2	0.0007171118567860282	0.008198108089973438	0.0
chr16:32776822	3_ec	2	0.001779716274299283	0.005982005136154063	0.0
chr16:32776822	2_ad	2	0.5330297969629024	0.04881986536213061	0.37192118226600984
chr16:32776822	1_h	2	0.0013545948431369324	0.0018376188500812656	0.0
chr16:32776958	4_lc	2	0.0007249050160333118	0.006291224547219831	0.0
chr16:32776958	3_ec	2	0.0017320073579098526	0.0027799446687502456	0.0
chr16:32776958	2_ad	2	0.5223947673493872	0.08837174449424282	0.24778761061946902
chr16:32776958	1_h	2	0.0014316106064327706	0.009357031844575252	0.0
chr16:32778755	4_lc	2	0.0006949673390129829	0.006742556648220422	0.0
chr16:32778755	3_ec	2	0.0018126267654575876	0.009381039920330137	0.0
chr16:32778755	2_ad	2	0.534659418064056	0.039162924080671284	0.5
chr16:32778755	1_h	2	0.0014268802591938347	0.007577603998986944	0.0
chr16:32779125	4_lc	2	0.0007228060320917722	0.009303975036575813	0.0
chr16:32779125	3_ec	2	0.0017976584200619556	0.0058962153570678655	0.0
chr16:32779125	2_ad	2	0.5344641739869705	0.04065458050409801	0.5
chr16:32779125	1_h	2	0.0014239861851963868	0.0072322006501487355	0.0
chr16:32781840	4_lc	2	0.0006661865012547066	0.0041841042224355866	0.0
chr16:32781840	3_ec	2	0.0017708101084759982	0.005446322702105428	0.0
chr16:32781840	2_ad	2	0.5350893898467199	0.036214462405212956	0.5
chr16:32781840	1_h	2	0.0013673707635225097	0.0022738127722268134	0.0
chr16:32781848	4_lc	2	0.0007170647498304462	0.0090487941177331	0.0
chr16:32781848	3_ec	2	0.001746627295781775	0.003527944942172574	0.0
chr16:32781848	2_ad	2	0.5350055223328681	0.03704586371654161	0.5
chr16:32781848	1_h	2	0.0014144374787653127	0.006414481383022513	0.0
chr16:32793481	4_lc	2	0.000649001046081698	0.0026821872860387187	0.0
chr16:32793481	3_ec	2	0.0018162522457886195	0.009575696980723525	0.0
chr16:32793481	2_ad	2	0.5347258476715447	0.03850763627739296	0.5
chr16:32793481	1_h	2	0.0013576395891719167	0.0018557714150865285	0.0
chr16:32793834	4_lc	2	0.0006881993205954768	0.006176352773039651	0.0
chr16:32793834	3_ec	2	0.0017711742377191026	0.005500821388704215	0.0
chr16:32793834	2_ad	2	0.5346671571073107	0.03924812244740122	0.5
chr16:32793834	1_h	2	0.0014185240423906541	0.006842575247707225	0.0
chr16:32793885	4_lc	2	0.0006429573329890904	0.0023462781394896423	0.0
chr16:32793885	3_ec	2	0.0018143122275430606	0.009240498770910993	0.0
chr16:32793885	2_ad	2	0.5353329189048738	0.0344442748484106	0.5
chr16:32793885	1_h	2	0.0014059890711186067	0.005527302197727622	0.0
chr16:32794021	4_lc	2	0.0006355093818598465	0.0020533562774094957	0.0
chr16:32794021	3_ec	2	0.0017933255808221303	0.007331464168016494	0.0
chr16:32794021	2_ad	2	0.5344542314292436	0.04049230121075112	0.5
chr16:32794021	1_h	2	0.0013602725776886268	0.001963305631045045	0.0
chr16:32794410	4_lc	2	0.0006662898997588192	0.004199837831181755	0.0
chr16:32794410	3_ec	2	0.0017562917832194512	0.004306362944733389	0.0
chr16:32794410	2_ad	2	0.5348301654163864	0.037949072960171165	0.5
chr16:32794410	1_h	2	0.0014303925880361694	0.00792075252222164	0.0
chr16:32794711	4_lc	2	0.0006424946953650813	0.002495813949732874	0.0
chr16:32794711	3_ec	2	0.0017449630064081956	0.0034708090895367227	0.0
chr16:32794711	2_ad	2	0.5351035734289893	0.03596885175823596	0.5
chr16:32794711	1_h	2	0.001405224688993663	0.005536600114483273	0.0
chr16:33045676	4_lc	2	0.000694524679533117	0.005301624007463119	0.0
chr16:33045676	3_ec	2	0.0018170513347139981	0.007158200932528592	0.0
chr16:33045676	2_ad	2	0.5301060225533306	0.06253005588497805	0.30327868852459017
chr16:33045676	1_h	2	0.0013944788710871516	0.00428890995714617	0.0
chr16:35628039	4_lc	2	0.0006842633625198488	0.005971763422267081	0.0
chr16:35628039	3_ec	2	0.0018096545198300017	0.009147779182028914	0.0
chr16:35628039	2_ad	2	0.5351919722739187	0.036006777325946246	0.5
chr16:35628039	1_h	2	0.0014505047912890083	0.009891372178283092	0.0
chr16:35817267	4_lc	2	0.0006730056798999927	0.004777155414892638	0.0
chr16:35817267	3_ec	2	0.0017787986572015068	0.006035302565093078	0.0
chr16:35817267	2_ad	2	0.5346257232992401	0.039733742192264415	0.5
chr16:35817267	1_h	2	0.0013980018400529925	0.004820272753999437	0.0
chr16:35825088	4_lc	2	0.0006653058906476418	0.004044794806193532	0.0
chr16:35825088	3_ec	2	0.0017317286352000526	0.002777747083938307	0.0
chr16:35825088	2_ad	2	0.5346241745657242	0.03957067790658198	0.5
chr16:35825088	1_h	2	0.0014066242611890335	0.005620903961246157	0.0
chr16:35840750	4_lc	2	0.0006753960362122224	0.0051581101333339745	0.0
chr16:35840750	3_ec	2	0.0017889404441176293	0.007155298890630092	0.0
chr16:35840750	2_ad	2	0.5352363219717604	0.03502570950331878	0.5
chr16:35840750	1_h	2	0.0014336108107611638	0.008230915523637134	0.0
chr16:36280539	4_lc	2	0.0006430584610044959	0.0022452737055022294	0.0
chr16:36280539	3_ec	2	0.0017830842935525006	0.006547284549443375	0.0
chr16:36280539	2_ad	2	0.5344898332709346	0.04011636120268686	0.5
chr16:36280539	1_h	2	0.0014157435469042317	0.006454248268350859	0.0
chr16:36772445	4_lc	3	0.004125330729745038	0.004973497845720231	0.0
chr16:36772445	3_ec	3	0.5295646975110336	0.07829268040859726	0.5
chr16:36772445	2_ad	3	0.002282143972609522	0.0062141144945641056	0.0
chr16:36772445	1_h	3	0.003181582776267783	0.009490956283749678	0.0
chr16:37997964	4_lc	0	0.0011876070949616193	0.002284350629252662	0.0
chr16:37997964	3_ec	0	0.0014223094862901287	0.007832979105636866	0.0
chr16:37997964	2_ad	0	0.0007250697167642019	0.007647306790654338	0.0
chr16:37997964	1_h	0	0.0005726223808188796	0.01116787560590967	0.0
chr16:38004874	4_lc	0	0.0012329753694050245	0.005107825302930175	0.0
chr16:38004874	3_ec	0	0.0014159848829785034	0.007354860540389552	0.0
chr16:38004874	2_ad	0	0.0009648506842985939	0.015058896249899582	0.0
chr16:38004874	1_h	0	0.0005213251117260018	0.007719540951444962	0.0
chr16:38005128	4_lc	0	0.001343845339611928	0.00971637453196271	0.0
chr16:38005128	3_ec	0	0.0015660442448877873	0.01354644579874892	0.0
chr16:38005128	2_ad	0	0.0008189937487173686	0.01016968339204808	0.0
chr16:38005128	1_h	0	0.0005413921664288734	0.010632060023903307	0.0
chr16:38005139	4_lc	0	0.0011845941481716938	0.002170598294147727	0.0
chr16:38005139	3_ec	0	0.0014484834343116877	0.009688933672302003	0.0
chr16:38005139	2_ad	0	0.0007513026925675036	0.008361151530194745	0.0
chr16:38005139	1_h	0	0.0005392303849746672	0.009149187758037674	0.0
chr16:38005283	4_lc	0	0.0013089729671238882	0.007905229720814371	0.0
chr16:38005283	3_ec	0	0.0015538441266705076	0.01106911249747213	0.0
chr16:38005283	2_ad	0	0.000981935439093764	0.014726506525760156	0.0
chr16:38005283	1_h	0	0.0008763973158391615	0.01510961034515294	0.0
chr16:38005752	4_lc	0	0.0012321755279544654	0.005438484989858695	0.0
chr16:38005752	3_ec	0	0.001510206042753871	0.010135195916319537	0.0
chr16:38005752	2_ad	0	0.0008644765378489289	0.012077751398311597	0.0
chr16:38005752	1_h	0	0.00048349756413564987	0.007235830382917076	0.0
chr16:38417088	4_lc	0	0.0013196457220202439	0.008336548300652455	0.0
chr16:38417088	3_ec	0	0.0014910446497082286	0.010469415669589255	0.0
chr16:38417088	2_ad	0	0.000887799714705125	0.013320087816562775	0.0
chr16:38417088	1_h	0	0.0007840831920378611	0.014085116565490557	0.0
chr16:38828345	4_lc	0	0.0012341547373893374	0.00582642351193768	0.0
chr16:38828345	3_ec	0	0.0014627545531473406	0.011096997617580756	0.0
chr16:38828345	2_ad	0	0.000935653707430534	0.014212224937676205	0.0
chr16:38828345	1_h	0	0.0005721549791828177	0.010733834774881485	0.0
chr16:39024953	4_lc	0	0.0012619906451483821	0.008986816082764625	0.0
chr16:39024953	3_ec	0	0.001435349962216553	0.007876908045745007	0.0
chr16:39024953	2_ad	0	0.0008250356666103532	0.010262628717409298	0.0
chr16:39024953	1_h	0	0.0005781784370460419	0.009899365906716943	0.0
chr16:43939116	4_lc	0	0.0011995764048601928	0.0028115622136360018	0.0
chr16:43939116	3_ec	0	0.0014482595386152534	0.009962312817196228	0.0
chr16:43939116	2_ad	0	0.0008093041294879967	0.009665372534155002	0.0
chr16:43939116	1_h	0	0.0006212757776306561	0.011520398060584322	0.0
chr16:44299802	4_lc	0	0.0013610147771239852	0.010942329342569647	0.0
chr16:44299802	3_ec	0	0.001428548720534712	0.008206765391373482	0.0
chr16:44299802	2_ad	0	0.0007105397548155661	0.00841672446777064	0.0
chr16:44299802	1_h	0	0.000650928216507003	0.011162302545481149	0.0
chr16:44379308	4_lc	0	0.0012326154931024329	0.00538260681937549	0.0
chr16:44379308	3_ec	0	0.0015145081197911984	0.012500944145476678	0.0
chr16:44379308	2_ad	0	0.000794123062795261	0.009799498539664081	0.0
chr16:44379308	1_h	0	0.0005535027547648268	0.009461890930167732	0.0
chr16:44485793	4_lc	0	0.0012992376278195931	0.007468308276614687	0.0
chr16:44485793	3_ec	0	0.001441143088810204	0.008030121621121144	0.0
chr16:44485793	2_ad	0	0.0006997251439904027	0.006145987272987061	0.0
chr16:44485793	1_h	0	0.0006669620541883738	0.012708862920246543	0.0
chr16:44789572	4_lc	0	0.0014756644086931618	0.013723362514664664	0.0
chr16:44789572	3_ec	0	0.0015215477678886093	0.010611411651050416	0.0
chr16:44789572	2_ad	0	0.0010445359159360868	0.01603263003576364	0.0
chr16:44789572	1_h	0	0.0008178310712561566	0.014959502784349255	0.0
chr16:44789686	4_lc	0	0.0013130660176390021	0.007912163258490385	0.0
chr16:44789686	3_ec	0	0.001351689732528025	0.004958533219480097	0.0
chr16:44789686	2_ad	0	0.0008758651349234116	0.012020961488437645	0.0
chr16:44789686	1_h	0	0.0007133072962951526	0.013293996765604969	0.0
chr16:45094982	4_lc	0	0.0012580012609387028	0.007009252431176343	0.0
chr16:45094982	3_ec	0	0.0015261797208095866	0.010864023154326951	0.0
chr16:45094982	2_ad	0	0.0007212866960955857	0.00715674806171434	0.0
chr16:45094982	1_h	0	0.0006436098175413886	0.012188094256675781	0.0
chr16:45095770	4_lc	0	0.001352659875695709	0.00900068997128926	0.0
chr16:45095770	3_ec	0	0.0014881323402873314	0.011694765139911429	0.0
chr16:45095770	2_ad	0	0.0007222402134559742	0.006803417545279899	0.0
chr16:45095770	1_h	0	0.0005585599994730002	0.009591374541494738	0.0
chr16:45096212	4_lc	0	0.0011962450823007507	0.002588285624211207	0.0
chr16:45096212	3_ec	0	0.0014181661090930072	0.007753412670440118	0.0
chr16:45096212	2_ad	0	0.0007095438425171049	0.006511273273756148	0.0
chr16:45096212	1_h	0	0.0005075817244629933	0.010811699564524635	0.0
chr16:45096248	4_lc	0	0.0012810490633309516	0.007795000058343148	0.0
chr16:45096248	3_ec	0	0.0014641273618849035	0.010982424372466867	0.0
chr16:45096248	2_ad	0	0.000756259673068414	0.008815330211983701	0.0
chr16:45096248	1_h	0	0.0007048004792029401	0.0136247171053132	0.0
chr16:45096324	4_lc	0	0.0013477402658812387	0.009941365928301261	0.0
chr16:45096324	3_ec	0	0.0014363212484161502	0.009095392119119073	0.0
chr16:45096324	2_ad	0	0.0009828380894668835	0.01507814133068434	0.0
chr16:45096324	1_h	0	0.0006094796459026047	0.01017774280037748	0.0
chr16:45096402	4_lc	0	0.001353820200802972	0.010267424550128381	0.0
chr16:45096402	3_ec	0	0.0014490823198562888	0.009899044042886211	0.0
chr16:45096402	2_ad	0	0.000835492686588057	0.010694975855851578	0.0
chr16:45096402	1_h	0	0.0006446078245038691	0.0116568934140688	0.0
chr16:45239362	4_lc	0	0.001794548467556772	0.01809182269337523	0.0
chr16:45239362	3_ec	0	0.001583191918699534	0.012206771140490699	0.0
chr16:45239362	2_ad	0	0.0010349087874045675	0.015675092541601453	0.0
chr16:45239362	1_h	0	0.0006660283868274758	0.013256764264898068	0.0
chr16:45392332	4_lc	0	0.0012141577542926396	0.003911301233649978	0.0
chr16:45392332	3_ec	0	0.0014625045297802569	0.010968457278293514	0.0
chr16:45392332	2_ad	0	0.0007121637693483866	0.008539575034772108	0.0
chr16:45392332	1_h	0	0.0006100030141745094	0.010992089753051673	0.0
chr16:45443941	4_lc	0	0.001282915366142491	0.007722116523828359	0.0
chr16:45443941	3_ec	0	0.0014600027562587756	0.008971379187614275	0.0
chr16:45443941	2_ad	0	0.000781808975382051	0.011192783920602585	0.0
chr16:45443941	1_h	0	0.000743157121250877	0.014843458667261698	0.0
chr16:45539592	4_lc	0	0.001367379752390775	0.011227772071820843	0.0
chr16:45539592	3_ec	0	0.0014672428683487125	0.011447464565632557	0.0
chr16:45539592	2_ad	0	0.0008871040607430243	0.01338259932667812	0.0
chr16:45539592	1_h	0	0.0005387278539813096	0.008228116359163477	0.0
chr16:45560219	4_lc	0	0.0012942552419395723	0.00830932173767803	0.0
chr16:45560219	3_ec	0	0.0015390099323149913	0.01157380570663637	0.0
chr16:45560219	2_ad	0	0.0007263734385167059	0.007497991730677468	0.0
chr16:45560219	1_h	0	0.0005294105554708961	0.008207367898905707	0.0
chr16:45580147	4_lc	0	0.0013474054556673466	0.010714832772211476	0.0
chr16:45580147	3_ec	0	0.0013895911058605034	0.006374175769832691	0.0
chr16:45580147	2_ad	0	0.0007854050727579907	0.011753317621473471	0.0
chr16:45580147	1_h	0	0.0006856596915826924	0.01254289203441827	0.0
chr16:45584436	4_lc	0	0.0013351858723170199	0.008527775927038798	0.0
chr16:45584436	3_ec	0	0.00141829737039141	0.007457399204246599	0.0
chr16:45584436	2_ad	0	0.000789749775501672	0.009587818835500883	0.0
chr16:45584436	1_h	0	0.0005422236439018741	0.008941806065667217	0.0
chr16:45601959	4_lc	0	0.0013489110600406668	0.010232297250340446	0.0
chr16:45601959	3_ec	0	0.0014378208790191468	0.009009862880877779	0.0
chr16:45601959	2_ad	0	0.0007448165585273589	0.007945589873358425	0.0
chr16:45601959	1_h	0	0.0005817982691120921	0.009726381234156735	0.0
chr16:45633024	4_lc	0	0.001323859619725087	0.008829889388849113	0.0
chr16:45633024	3_ec	0	0.001439624760816494	0.009283126376276587	0.0
chr16:45633024	2_ad	0	0.0009598533420103228	0.01540460314805328	0.0
chr16:45633024	1_h	0	0.0005500003042912152	0.011447301163166891	0.0
chr16:45640366	4_lc	0	0.001258225256523671	0.008433650860705202	0.0
chr16:45640366	3_ec	0	0.0014707557213216118	0.009216879293052904	0.0
chr16:45640366	2_ad	0	0.0007267022023072472	0.007413558372761194	0.0
chr16:45640366	1_h	0	0.0006238693843124956	0.012528624071640097	0.0
chr16:45664252	4_lc	0	0.0015078306625875473	0.01364214627683508	0.0
chr16:45664252	3_ec	0	0.0015001988365982103	0.010214726068977206	0.0
chr16:45664252	2_ad	0	0.0008126148481366329	0.010054331350289334	0.0
chr16:45664252	1_h	0	0.000622778517195025	0.010594949246006078	0.0
chr16:45667618	4_lc	0	0.0012965734475660084	0.009010685656851486	0.0
chr16:45667618	3_ec	0	0.0015790132142292665	0.01394401273450635	0.0
chr16:45667618	2_ad	0	0.0007426791383288149	0.008189595084913261	0.0
chr16:45667618	1_h	0	0.0004904278944865418	0.009824715912177553	0.0
chr16:45679330	4_lc	0	0.001227571996908902	0.005400651919000531	0.0
chr16:45679330	3_ec	0	0.0014355849844626333	0.00872618702239644	0.0
chr16:45679330	2_ad	0	0.0008003684550526469	0.010236910386616685	0.0
chr16:45679330	1_h	0	0.0005990561083591508	0.011090008893958524	0.0
chr16:45729963	4_lc	0	0.0012891659260062724	0.008050179623034814	0.0
chr16:45729963	3_ec	0	0.0014139922900772714	0.007458379130867226	0.0
chr16:45729963	2_ad	0	0.0008530510773994294	0.01148490810622359	0.0
chr16:45729963	1_h	0	0.0005692541194454794	0.009434393532663534	0.0
chr16:45742819	4_lc	0	0.001276537491839257	0.010078615747217839	0.0
chr16:45742819	3_ec	0	0.0017858804480548863	0.016697850912358876	0.0
chr16:45742819	2_ad	0	0.0007418408711852124	0.008118625238834344	0.0
chr16:45742819	1_h	0	0.0006968436928083308	0.012998379387229489	0.0
chr16:46049747	4_lc	0	0.0015739644752910092	0.014374868527744446	0.0
chr16:46049747	3_ec	0	0.0014976291475844406	0.009894154427267696	0.0
chr16:46049747	2_ad	0	0.0008521883408118318	0.011303311684603964	0.0
chr16:46049747	1_h	0	0.0005977863612090824	0.010840999385476108	0.0
chr16:46049751	4_lc	0	0.0013554637838374488	0.01074726974931814	0.0
chr16:46049751	3_ec	0	0.001404381535946315	0.007047315380128272	0.0
chr16:46049751	2_ad	0	0.001238731343603588	0.01962954178921945	0.0
chr16:46049751	1_h	0	0.0006901604692867765	0.011833473645707655	0.0
chr16:46099110	4_lc	0	0.0011845428943071626	0.002160976004967935	0.0
chr16:46099110	3_ec	0	0.0014432036815537088	0.0095616477735067	0.0
chr16:46099110	2_ad	0	0.0009159035858626659	0.012808884256406722	0.0
chr16:46099110	1_h	0	0.0005643472735793572	0.009350802431318575	0.0
chr16:46117980	4_lc	0	0.001223029196550143	0.004585538108406319	0.0
chr16:46117980	3_ec	0	0.0013783993139673454	0.00611949629434688	0.0
chr16:46117980	2_ad	0	0.0008449870379179716	0.011043727215356654	0.0
chr16:46117980	1_h	0	0.0005439358894161477	0.008853630534605564	0.0
chr16:48817255	4_lc	0	0.001324273012698017	0.010806486822988584	0.0
chr16:48817255	3_ec	0	0.0014473679916676308	0.009876280440860058	0.0
chr16:48817255	2_ad	0	0.0007439512881141125	0.008399763437887512	0.0
chr16:48817255	1_h	0	0.000512564295631661	0.007953757632325266	0.0
chr16:52166214	4_lc	0	0.0013226464527855781	0.009679680957009967	0.0
chr16:52166214	3_ec	0	0.001494608932155196	0.010368754441173553	0.0
chr16:52166214	2_ad	0	0.0006601367998134809	0.0038853349471779913	0.0
chr16:52166214	1_h	0	0.0006322280193470064	0.010495005319480288	0.0
chr16:55905753	4_lc	0	0.0012286156064541943	0.005081203870960155	0.0
chr16:55905753	3_ec	0	0.0014585447069535395	0.010697368690799819	0.0
chr16:55905753	2_ad	0	0.000709179772526984	0.008242487515925337	0.0
chr16:55905753	1_h	0	0.000584031137591667	0.011593753480128107	0.0
chr16:55905860	4_lc	0	0.0013214142816891327	0.01032787223189935	0.0
chr16:55905860	3_ec	0	0.0014251374414609161	0.00934772053315636	0.0
chr16:55905860	2_ad	0	0.0007988306971938301	0.009825364907303987	0.0
chr16:55905860	1_h	0	0.0005686799206698681	0.009527841592295376	0.0
chr16:55915200	4_lc	0	0.0013404995334626586	0.00954538857429718	0.0
chr16:55915200	3_ec	0	0.0014344642708026723	0.00857806925725592	0.0
chr16:55915200	2_ad	0	0.0007585051227239414	0.008381243287464079	0.0
chr16:55915200	1_h	0	0.0005824924890432503	0.011115769080292314	0.0
chr16:55915316	4_lc	0	0.001327878453010132	0.011276518745427046	0.0
chr16:55915316	3_ec	0	0.0014226567820424688	0.00812810454741885	0.0
chr16:55915316	2_ad	0	0.0008844757442032427	0.011776685567094556	0.0
chr16:55915316	1_h	0	0.0005022911417028577	0.010371231685556396	0.0
chr16:56034183	4_lc	0	0.0011853654323311386	0.002202039540913899	0.0
chr16:56034183	3_ec	0	0.0014401474023232404	0.009333594090372379	0.0
chr16:56034183	2_ad	0	0.0007951310769970176	0.009668284027935941	0.0
chr16:56034183	1_h	0	0.0006046343600200334	0.010774323284588253	0.0
chr16:56650726	4_lc	0	0.001363140085581458	0.011445283558021503	0.0
chr16:56650726	3_ec	0	0.0014134991159071417	0.007762644867199943	0.0
chr16:56650726	2_ad	0	0.0015793297891458593	0.022587474622915497	0.0
chr16:56650726	1_h	0	0.0006425084493391997	0.011554796605338386	0.0
chr16:56654050	4_lc	0	0.001316866610489814	0.010172987266108945	0.0
chr16:56654050	3_ec	0	0.001450072603965243	0.009971368777042432	0.0
chr16:56654050	2_ad	0	0.0007602937260224004	0.009652382801133234	0.0
chr16:56654050	1_h	0	0.0006674342717911232	0.011481894927562495	0.0
chr16:56668340	4_lc	0	0.0012714866616479988	0.009826969134977758	0.0
chr16:56668340	3_ec	0	0.0014855738471177705	0.010078806556077477	0.0
chr16:56668340	2_ad	0	0.0007574443868921722	0.008516461648866904	0.0
chr16:56668340	1_h	0	0.0005224245649830136	0.009654194583469777	0.0
chr16:57302207	4_lc	0	0.0012397558693180628	0.0067025236815514274	0.0
chr16:57302207	3_ec	0	0.001488067523282054	0.01022187780804878	0.0
chr16:57302207	2_ad	0	0.0008475370922307908	0.011258512165197777	0.0
chr16:57302207	1_h	0	0.0006113027293192583	0.01138142184483382	0.0
chr16:57571404	4_lc	0	0.001277349602106611	0.009754120002095044	0.0
chr16:57571404	3_ec	0	0.0014376909346507393	0.008499763006017616	0.0
chr16:57571404	2_ad	0	0.0007878842352891026	0.009411934110664415	0.0
chr16:57571404	1_h	0	0.0005352478612798798	0.008471913198070988	0.0
chr17:23291539	4_lc	0	0.0012997045256805204	0.007825811938350654	0.0
chr17:23291539	3_ec	0	0.0014885417477694303	0.010005146079453738	0.0
chr17:23291539	2_ad	0	0.0012867715399007978	0.01855404761327637	0.0
chr17:23291539	1_h	0	0.0006328079320212093	0.0108947370842091	0.0
chr17:35425194	4_lc	0	0.001256858515024873	0.006342250134666188	0.0
chr17:35425194	3_ec	0	0.0015015031175149023	0.010057047712675312	0.0
chr17:35425194	2_ad	0	0.0007328908243104993	0.007184355903843276	0.0
chr17:35425194	1_h	0	0.0005676130578943931	0.010288889241457681	0.0
chr17:35425198	4_lc	0	0.0012781724366298006	0.009837132499846187	0.0
chr17:35425198	3_ec	0	0.0014129061610032552	0.007464973101920764	0.0
chr17:35425198	2_ad	0	0.0008691573901136791	0.01252377958222144	0.0
chr17:35425198	1_h	0	0.0005894497692289955	0.010030931431684568	0.0
chr17:35440154	4_lc	0	0.0012598407170855935	0.006470723334006726	0.0
chr17:35440154	3_ec	0	0.001484157312828906	0.010123148792282065	0.0
chr17:35440154	2_ad	0	0.0007516070107889833	0.008259879967515288	0.0
chr17:35440154	1_h	0	0.0006244985567065693	0.01181850355272638	0.0
chr1:12839899	4_lc	4	0.002092912134441826	0.0023437320663144416	0.0
chr1:12839899	3_ec	4	0.0023857029683148454	0.008590010492999192	0.0
chr1:12839899	2_ad	4	0.002027591629996481	0.0026958181090892958	0.0
chr1:12839899	1_h	4	0.4619758540389673	0.047737985807938456	0.5
chr1:170649754	4_lc	0	0.0012746167151993445	0.007024001878258693	0.0
chr1:170649754	3_ec	0	0.0013646861202571052	0.005265610247058076	0.0
chr1:170649754	2_ad	0	0.0007923209381723328	0.011500060730892147	0.0
chr1:170649754	1_h	0	0.0006313927133177566	0.011046540526545336	0.0
chr1:170669030	4_lc	0	0.0013137054540328704	0.008153746016989035	0.0
chr1:170669030	3_ec	0	0.0014701389098341774	0.011592076368418075	0.0
chr1:170669030	2_ad	0	0.0007780966542896119	0.009125430183568187	0.0
chr1:170669030	1_h	0	0.0006461527903185556	0.013394157676601749	0.0
chr1:170841710	4_lc	0	0.0012490359929828694	0.0069902410832212115	0.0
chr1:170841710	3_ec	0	0.0014524216446453154	0.008435845221661414	0.0
chr1:170841710	2_ad	0	0.0006919629931519673	0.0066887388366556255	0.0
chr1:170841710	1_h	0	0.0005412643780981724	0.01072862815351924	0.0
chr1:170874437	4_lc	0	0.001353714721356897	0.009743003039140975	0.0
chr1:170874437	3_ec	0	0.0013927975160924495	0.007076817297159378	0.0
chr1:170874437	2_ad	0	0.0008695469297601663	0.01235648704230305	0.0
chr1:170874437	1_h	0	0.0009416550831371241	0.01759877269343933	0.0
chr1:170880573	4_lc	0	0.0013282396828229665	0.010729422036277657	0.0
chr1:170880573	3_ec	0	0.001409736127468081	0.0072231975450581	0.0
chr1:170880573	2_ad	0	0.0009609052673270084	0.013743009819944044	0.0
chr1:170880573	1_h	0	0.00071706808809122	0.013737750248448494	0.0
chr1:170880578	4_lc	0	0.001329128851433497	0.009343674156749582	0.0
chr1:170880578	3_ec	0	0.0015543701945072983	0.012530745171476615	0.0
chr1:170880578	2_ad	0	0.0007814853735844238	0.010994182890300358	0.0
chr1:170880578	1_h	0	0.0010051150149040923	0.01688034347011352	0.0
chr1:170885169	4_lc	0	0.0012049942564089794	0.0035493096232727156	0.0
chr1:170885169	3_ec	0	0.0016251411830330578	0.014354655737689227	0.0
chr1:170885169	2_ad	0	0.0009019485068506191	0.012437707778626914	0.0
chr1:170885169	1_h	0	0.000905599219569496	0.01551718821940112	0.0
chr1:170885283	4_lc	0	0.0013701147735178786	0.009947691393584082	0.0
chr1:170885283	3_ec	0	0.0013654300160509043	0.005291679600105916	0.0
chr1:170885283	2_ad	0	0.0006765803984283834	0.004722240442778539	0.0
chr1:170885283	1_h	0	0.0006547384975810197	0.011241280176099572	0.0
chr1:170885284	4_lc	0	0.0013683425714630445	0.01169534087508169	0.0
chr1:170885284	3_ec	0	0.0015141233772527822	0.011610243336392084	0.0
chr1:170885284	2_ad	0	0.0010885452694696797	0.016694335125642216	0.0
chr1:170885284	1_h	0	0.001055206868088526	0.018701347544032625	0.0
chr1:170907535	4_lc	0	0.0013679499595358434	0.010393530346483305	0.0
chr1:170907535	3_ec	0	0.001444415025338688	0.009131650135672818	0.0
chr1:170907535	2_ad	0	0.0007773135132050247	0.010788880424829743	0.0
chr1:170907535	1_h	0	0.0005991274133003131	0.010566145870708676	0.0
chr1:170912262	4_lc	0	0.0012965819980178077	0.00873364600852366	0.0
chr1:170912262	3_ec	0	0.0014377749610660015	0.008157839242648754	0.0
chr1:170912262	2_ad	0	0.0008770925799429054	0.011553035436012446	0.0
chr1:170912262	1_h	0	0.0005297043545624235	0.008317945196878314	0.0
chr1:170918246	4_lc	0	0.0012604278748689266	0.007607127301104176	0.0
chr1:170918246	3_ec	0	0.0014699738894972136	0.010360456403579075	0.0
chr1:170918246	2_ad	0	0.0007335551271481035	0.0071539843353666645	0.0
chr1:170918246	1_h	0	0.0005933185744532489	0.010020702305998613	0.0
chr1:170921725	4_lc	0	0.0015375155444239837	0.015062632704012164	0.0
chr1:170921725	3_ec	0	0.0017780412882765692	0.016152383724127074	0.0
chr1:170921725	2_ad	0	0.0010750877129422432	0.016216144163914797	0.0
chr1:170921725	1_h	0	0.0007005089559778911	0.012361128862705	0.0
chr1:170922278	4_lc	0	0.0013056875528987893	0.00823810611449316	0.0
chr1:170922278	3_ec	0	0.0015094302113284985	0.012117890711314883	0.0
chr1:170922278	2_ad	0	0.0007537008088333631	0.009336197035921256	0.0
chr1:170922278	1_h	0	0.000664051323924911	0.011522093765898212	0.0
chr1:170922395	4_lc	0	0.0012667121616667962	0.008766354460348652	0.0
chr1:170922395	3_ec	0	0.0015239121856788222	0.012780435274504056	0.0
chr1:170922395	2_ad	0	0.0007055177365282526	0.006673360158995163	0.0
chr1:170922395	1_h	0	0.00047825857453234646	0.00822159180395536	0.0
chr1:170927476	4_lc	0	0.0012823987860158894	0.010206909572860624	0.0
chr1:170927476	3_ec	0	0.0014994799151005801	0.01147418510754969	0.0
chr1:170927476	2_ad	0	0.0007951649310461629	0.009743364547032032	0.0
chr1:170927476	1_h	0	0.0005345325865621389	0.008547642175165144	0.0
chr1:170963333	4_lc	0	0.0012406876868968862	0.005706549611578113	0.0
chr1:170963333	3_ec	0	0.0015785900208208348	0.012692668361274435	0.0
chr1:170963333	2_ad	0	0.0006764251528583469	0.006093760046403414	0.0
chr1:170963333	1_h	0	0.0010237874574635375	0.018026950379641162	0.0
chr1:170966467	4_lc	0	0.0013806839338290657	0.010416792499866313	0.0
chr1:170966467	3_ec	0	0.0014619381143073677	0.009833072763780306	0.0
chr1:170966467	2_ad	0	0.0007945467728875639	0.011359872741872615	0.0
chr1:170966467	1_h	0	0.0005298541444571286	0.008309426477269654	0.0
chr1:170966481	4_lc	0	0.0013610097907648317	0.009541062629832035	0.0
chr1:170966481	3_ec	0	0.0013806319567704764	0.006106977804102282	0.0
chr1:170966481	2_ad	0	0.0008455838144873055	0.010559638845707922	0.0
chr1:170966481	1_h	0	0.000564433143182175	0.00909535517663742	0.0
chr1:170966616	4_lc	0	0.0012731008194002927	0.006485059927695895	0.0
chr1:170966616	3_ec	0	0.0013633071814268271	0.005260948387414748	0.0
chr1:170966616	2_ad	0	0.0008501046293299499	0.010830298313497827	0.0
chr1:170966616	1_h	0	0.0005007022145401537	0.007582684660928651	0.0
chr1:171020004	4_lc	0	0.0012561431546152752	0.00842493165151194	0.0
chr1:171020004	3_ec	0	0.001466034838186593	0.008954644713676957	0.0
chr1:171020004	2_ad	0	0.000791139999512885	0.009932279957785667	0.0
chr1:171020004	1_h	0	0.0004843289595452051	0.007497651779973973	0.0
chr1:171029259	4_lc	0	0.001314125468519207	0.008433349223311635	0.0
chr1:171029259	3_ec	0	0.0014761264326474018	0.009685454956450942	0.0
chr1:171029259	2_ad	0	0.0008004136603330206	0.01039221844424695	0.0
chr1:171029259	1_h	0	0.000635439978714064	0.01124682805242592	0.0
chr1:171051722	4_lc	0	0.0012749281362221725	0.008943797847294755	0.0
chr1:171051722	3_ec	0	0.0014027507566737834	0.007496542502062856	0.0
chr1:171051722	2_ad	0	0.0007315882808235004	0.0073297318432856175	0.0
chr1:171051722	1_h	0	0.000629855067977735	0.01197279582991036	0.0
chr1:171136127	4_lc	0	0.0012800970958364247	0.00729883275724414	0.0
chr1:171136127	3_ec	0	0.001425485086339404	0.007806996198749467	0.0
chr1:171136127	2_ad	0	0.0008869678994613238	0.013678108832312779	0.0
chr1:171136127	1_h	0	0.0004805817904056995	0.006813143059792922	0.0
chr1:171145805	4_lc	0	0.001289971309421135	0.008014862557798671	0.0
chr1:171145805	3_ec	0	0.0014308004476908207	0.00857194881382868	0.0
chr1:171145805	2_ad	0	0.0007660277450452779	0.008572085527234284	0.0
chr1:171145805	1_h	0	0.0006112884538948777	0.01146579310006984	0.0
chr1:171150569	4_lc	0	0.0011967733878035926	0.002675681621239756	0.0
chr1:171150569	3_ec	0	0.0015175291665543032	0.010110036036183248	0.0
chr1:171150569	2_ad	0	0.0008310083137993125	0.012155519102460205	0.0
chr1:171150569	1_h	0	0.0005847040962072699	0.010163833214032827	0.0
chr1:171158798	4_lc	0	0.0012413224636596792	0.005957829452640652	0.0
chr1:171158798	3_ec	0	0.0013947930449503736	0.007039006816223331	0.0
chr1:171158798	2_ad	0	0.0008431460504947436	0.010790910478896071	0.0
chr1:171158798	1_h	0	0.0007176556370095202	0.013968082563818018	0.0
chr1:171225795	4_lc	0	0.0012918668478492116	0.008237802100292905	0.0
chr1:171225795	3_ec	0	0.0013983112187906956	0.006658882727488204	0.0
chr1:171225795	2_ad	0	0.0011446134657594113	0.017712201849921463	0.0
chr1:171225795	1_h	0	0.0007207526668476161	0.012621489111005253	0.0
chr1:171250901	4_lc	0	0.0012137166508386812	0.004042278885724872	0.0
chr1:171250901	3_ec	0	0.001412155495428794	0.007398770439921703	0.0
chr1:171250901	2_ad	0	0.0008949375971578983	0.012169321960351412	0.0
chr1:171250901	1_h	0	0.0006051427433668117	0.010960723457289698	0.0
chr1:171279519	4_lc	0	0.0012727586311106003	0.006876392148855273	0.0
chr1:171279519	3_ec	0	0.0014292853172850775	0.008494230294957664	0.0
chr1:171279519	2_ad	0	0.0007691247510493529	0.00883197104049274	0.0
chr1:171279519	1_h	0	0.0006501911562131022	0.013551420092485321	0.0
chr1:171284618	4_lc	0	0.001243368165382875	0.006474018118802189	0.0
chr1:171284618	3_ec	0	0.0014321139406316358	0.008300582820649596	0.0
chr1:171284618	2_ad	0	0.0008277706733449914	0.011915043807694453	0.0
chr1:171284618	1_h	0	0.0007357930831664123	0.013189278218998983	0.0
chr1:171344938	4_lc	0	0.0014822742817040397	0.013982473750380297	0.0
chr1:171344938	3_ec	0	0.0014027240022872788	0.008312274083930132	0.0
chr1:171344938	2_ad	0	0.0007705791972567435	0.010350194529146112	0.0
chr1:171344938	1_h	0	0.0004968200705047707	0.007684958588498938	0.0
chr1:171360318	4_lc	0	0.0012346796116172048	0.005743779905806592	0.0
chr1:171360318	3_ec	0	0.001437412569519868	0.008213694180755841	0.0
chr1:171360318	2_ad	0	0.0008617132864696658	0.011834689388688738	0.0
chr1:171360318	1_h	0	0.0007465562276124448	0.01355736953065163	0.0
chr1:171360646	4_lc	0	0.0013398081069802834	0.008593475922451297	0.0
chr1:171360646	3_ec	0	0.001458553515915482	0.010758361199940746	0.0
chr1:171360646	2_ad	0	0.0009009583715605782	0.01243240946257095	0.0
chr1:171360646	1_h	0	0.000566122162630505	0.009131475932350891	0.0
chr1:171408430	4_lc	0	0.0013187718995538926	0.008638835332868756	0.0
chr1:171408430	3_ec	0	0.001376368939148621	0.006144204948339986	0.0
chr1:171408430	2_ad	0	0.0008378548508096547	0.012664628812581832	0.0
chr1:171408430	1_h	0	0.00046527430094879546	0.006509814798701234	0.0
chr1:171408701	4_lc	0	0.0013716610042402897	0.010148464582341787	0.0
chr1:171408701	3_ec	0	0.0014720779605484518	0.00937107203640919	0.0
chr1:171408701	2_ad	0	0.0008938584591821431	0.013803478304250518	0.0
chr1:171408701	1_h	0	0.0006164630580571293	0.010607718365377357	0.0
chr1:171409061	4_lc	0	0.0012069717513730788	0.003698449604887397	0.0
chr1:171409061	3_ec	0	0.0014139138862463907	0.007258513708459827	0.0
chr1:171409061	2_ad	0	0.0007269101795342995	0.007414100175254145	0.0
chr1:171409061	1_h	0	0.0007044632264910192	0.012370236708424217	0.0
chr1:171409082	4_lc	0	0.0012782156241080873	0.0071901212977024745	0.0
chr1:171409082	3_ec	0	0.001387916500486191	0.006495469398357105	0.0
chr1:171409082	2_ad	0	0.0007932234523404364	0.011640611449713456	0.0
chr1:171409082	1_h	0	0.0005605123836298454	0.010104887566108115	0.0
chr1:171416853	4_lc	0	0.0013086289444295442	0.009619936230075869	0.0
chr1:171416853	3_ec	0	0.001467127731604001	0.009212397126936105	0.0
chr1:171416853	2_ad	0	0.0008296838790203837	0.01043643728005613	0.0
chr1:171416853	1_h	0	0.0007800063386011879	0.013143425562885832	0.0
chr1:171504171	4_lc	0	0.001211416509477251	0.0036307423719855944	0.0
chr1:171504171	3_ec	0	0.0014911888989766022	0.009392971174577033	0.0
chr1:171504171	2_ad	0	0.0007042674479284787	0.006520207360977065	0.0
chr1:171504171	1_h	0	0.0005262187897498556	0.009425618811061146	0.0
chr1:171530529	4_lc	0	0.0014206815127771992	0.012305279972571572	0.0
chr1:171530529	3_ec	0	0.0013879688225831158	0.00632617894335279	0.0
chr1:171530529	2_ad	0	0.00078422473121509	0.009354000877505868	0.0
chr1:171530529	1_h	0	0.0005399079509139868	0.010619551579057751	0.0
chr1:171531730	4_lc	0	0.001239648665214549	0.006770384840589642	0.0
chr1:171531730	3_ec	0	0.0014427249700695065	0.008412077988681233	0.0
chr1:171531730	2_ad	0	0.0007890403840691111	0.009632177778638585	0.0
chr1:171531730	1_h	0	0.0005033199263272021	0.008454887218601317	0.0
chr1:171577917	4_lc	0	0.001251115994434733	0.006164694181420067	0.0
chr1:171577917	3_ec	0	0.001470297275162787	0.011483972166291366	0.0
chr1:171577917	2_ad	0	0.0007573517097848514	0.009383045578908207	0.0
chr1:171577917	1_h	0	0.0005559484854997834	0.009988247072616948	0.0
chr1:171579124	4_lc	0	0.0012627556288052149	0.0067102475788710985	0.0
chr1:171579124	3_ec	0	0.001471749251990029	0.011573368729536897	0.0
chr1:171579124	2_ad	0	0.0009099330699485859	0.012848115174127537	0.0
chr1:171579124	1_h	0	0.0005432836961297198	0.009338823875450332	0.0
chr1:171579127	4_lc	0	0.0012610546836025807	0.0063899882856442314	0.0
chr1:171579127	3_ec	0	0.0014059143560896212	0.007072083601924098	0.0
chr1:171579127	2_ad	0	0.0008277462883334089	0.01062739001730795	0.0
chr1:171579127	1_h	0	0.0007613716961284765	0.013437951971961707	0.0
chr1:171593907	4_lc	0	0.001238960605751525	0.006616787513848896	0.0
chr1:171593907	3_ec	0	0.0016092783727453962	0.013510635285078029	0.0
chr1:171593907	2_ad	0	0.0007434972173255539	0.008467515775278227	0.0
chr1:171593907	1_h	0	0.0005307937767782705	0.008674514598525248	0.0
chr1:171594032	4_lc	0	0.0013673380125973147	0.009570272920214177	0.0
chr1:171594032	3_ec	0	0.0013760286060157953	0.006112005253749145	0.0
chr1:171594032	2_ad	0	0.0007445658308242419	0.008489007727841237	0.0
chr1:171594032	1_h	0	0.0005010825998241121	0.007591379909294173	0.0
chr1:171599857	4_lc	0	0.0014249392413511126	0.013258892376082547	0.0
chr1:171599857	3_ec	0	0.001417440448942225	0.007561056704301316	0.0
chr1:171599857	2_ad	0	0.0007497108819761242	0.008908453202610214	0.0
chr1:171599857	1_h	0	0.0005153589160849254	0.009325727490472181	0.0
chr1:171599888	4_lc	0	0.0013574700730237309	0.01100232335600145	0.0
chr1:171599888	3_ec	0	0.0014343592319068941	0.00857004078023684	0.0
chr1:171599888	2_ad	0	0.0007649979254742503	0.008650973695545332	0.0
chr1:171599888	1_h	0	0.0005793015896274975	0.009559072013357081	0.0
chr1:171605172	4_lc	0	0.0012677654019858378	0.00902163594131755	0.0
chr1:171605172	3_ec	0	0.0014635879518232766	0.011197634919454833	0.0
chr1:171605172	2_ad	0	0.0008223747718969875	0.010028344319146652	0.0
chr1:171605172	1_h	0	0.00071654091547854	0.012733517712851583	0.0
chr1:171605208	4_lc	0	0.0013397833077202152	0.009567176255297275	0.0
chr1:171605208	3_ec	0	0.001370639771716923	0.006067820346414684	0.0
chr1:171605208	2_ad	0	0.0007897451605037303	0.009649424221422499	0.0
chr1:171605208	1_h	0	0.0005296698196532896	0.008225854217442903	0.0
chr1:171607284	4_lc	0	0.0012156587255565743	0.003995714388535501	0.0
chr1:171607284	3_ec	0	0.0014180680633459474	0.0074491091718414245	0.0
chr1:171607284	2_ad	0	0.0007111079927879435	0.00672116363777113	0.0
chr1:171607284	1_h	0	0.0005800297589183204	0.011357187664841027	0.0
chr1:171638669	4_lc	0	0.0012904461958521797	0.0077093133412071005	0.0
chr1:171638669	3_ec	0	0.0014643598940080568	0.008946190337170742	0.0
chr1:171638669	2_ad	0	0.0009276014507082879	0.013788674692408482	0.0
chr1:171638669	1_h	0	0.0007122465111144199	0.012567247618173162	0.0
chr1:171638683	4_lc	0	0.0012738793148164198	0.007350851104753481	0.0
chr1:171638683	3_ec	0	0.0013783768921750107	0.006163441647443533	0.0
chr1:171638683	2_ad	0	0.0009597919826462889	0.013839867460225483	0.0
chr1:171638683	1_h	0	0.0005636574136322291	0.009291032190973108	0.0
chr1:171682104	4_lc	0	0.001467116833816166	0.013200769657792082	0.0
chr1:171682104	3_ec	0	0.0015497600937900496	0.011545508502935835	0.0
chr1:171682104	2_ad	0	0.001135876840136693	0.016519157838623965	0.0
chr1:171682104	1_h	0	0.0005707941346620116	0.010628626901819434	0.0
chr1:171695858	4_lc	0	0.0013355309702114673	0.009320042586887541	0.0
chr1:171695858	3_ec	0	0.001506417756505331	0.01167161108177608	0.0
chr1:171695858	2_ad	0	0.0008622350342881354	0.011483179363955464	0.0
chr1:171695858	1_h	0	0.0005343035246245905	0.008543024756430073	0.0
chr1:171851835	4_lc	0	0.0011878470812771524	0.002353376218792729	0.0
chr1:171851835	3_ec	0	0.001448940179198828	0.009746675184633227	0.0
chr1:171851835	2_ad	0	0.0007888921336348474	0.009456480867202239	0.0
chr1:171851835	1_h	0	0.0005773915099312492	0.009875664398428553	0.0
chr1:171885586	4_lc	0	0.0012190562164096762	0.0038829455716352956	0.0
chr1:171885586	3_ec	0	0.001554178386113552	0.011895369371742374	0.0
chr1:171885586	2_ad	0	0.0008479985578934664	0.01088571411410532	0.0
chr1:171885586	1_h	0	0.0005399386540220004	0.008262491703586018	0.0
chr1:172068242	4_lc	0	0.0012636542343335121	0.0061727534751179185	0.0
chr1:172068242	3_ec	0	0.0014826456895495313	0.009427913645556476	0.0
chr1:172068242	2_ad	0	0.0007427057688121855	0.008361102871405209	0.0
chr1:172068242	1_h	0	0.0006037717181121606	0.010813674337784154	0.0
chr1:172128723	4_lc	0	0.0011978689190977048	0.0029397526164059765	0.0
chr1:172128723	3_ec	0	0.0014394350588863316	0.008982621329370971	0.0
chr1:172128723	2_ad	0	0.0006930135720862792	0.006038220137968535	0.0
chr1:172128723	1_h	0	0.0006086099663756077	0.011661953916238617	0.0
chr1:172240058	4_lc	0	0.001317354067135228	0.010415004096445715	0.0
chr1:172240058	3_ec	0	0.001446153808549477	0.009735113095793058	0.0
chr1:172240058	2_ad	0	0.0007794958910582457	0.00898536804402702	0.0
chr1:172240058	1_h	0	0.0007710698886766248	0.014989832792634591	0.0
chr1:172244100	4_lc	0	0.0012411265710338313	0.006239837693507165	0.0
chr1:172244100	3_ec	0	0.0014871717506676453	0.01051455431858441	0.0
chr1:172244100	2_ad	0	0.0008044793205336051	0.010402239708579569	0.0
chr1:172244100	1_h	0	0.0005772739606778798	0.010815633035752956	0.0
chr1:172251297	4_lc	0	0.0012822456592431904	0.00668115530696581	0.0
chr1:172251297	3_ec	0	0.0014581169220145454	0.008767359754814385	0.0
chr1:172251297	2_ad	0	0.0007843594158235253	0.00931109985386292	0.0
chr1:172251297	1_h	0	0.0006230332720469414	0.011842301444385497	0.0
chr1:172255054	4_lc	0	0.0012451945073476257	0.005724941543117741	0.0
chr1:172255054	3_ec	0	0.001426686659432864	0.008160057877291666	0.0
chr1:172255054	2_ad	0	0.000768065904254973	0.010456706271449309	0.0
chr1:172255054	1_h	0	0.00046093812275705277	0.007418568224022517	0.0
chr1:172317580	4_lc	0	0.001278400282143853	0.009900893806815258	0.0
chr1:172317580	3_ec	0	0.0014567182916853019	0.01059267866047058	0.0
chr1:172317580	2_ad	0	0.0007693285120635023	0.010284606714703581	0.0
chr1:172317580	1_h	0	0.00043815932076539	0.005274634288845482	0.0
chr1:172318712	4_lc	0	0.0012883648268848592	0.007743691592640017	0.0
chr1:172318712	3_ec	0	0.0014663311756236133	0.011178764935782856	0.0
chr1:172318712	2_ad	0	0.0007662895800381816	0.010153951901340065	0.0
chr1:172318712	1_h	0	0.0005372105075641902	0.008801114119611332	0.0
chr1:172369705	4_lc	0	0.0011905952888192268	0.0023938420609570707	0.0
chr1:172369705	3_ec	0	0.001426825712152616	0.008149775907620362	0.0
chr1:172369705	2_ad	0	0.0007009033348544297	0.006574243909717574	0.0
chr1:172369705	1_h	0	0.000618437976881559	0.010733094374786496	0.0
chr1:172377316	4_lc	0	0.0013309953555420253	0.011182811327318666	0.0
chr1:172377316	3_ec	0	0.001441066095821823	0.009246963250704699	0.0
chr1:172377316	2_ad	0	0.0006435385430797294	0.0034494648321174793	0.0
chr1:172377316	1_h	0	0.0005969998355877117	0.012395031522233115	0.0
chr1:172476174	4_lc	0	0.0012587049205115572	0.005906043268272009	0.0
chr1:172476174	3_ec	0	0.0015478907613232658	0.012176122789307874	0.0
chr1:172476174	2_ad	0	0.0007361084082821256	0.007808675309261293	0.0
chr1:172476174	1_h	0	0.0005399836366212867	0.010617938083748947	0.0
chr1:172476310	4_lc	0	0.0012068947186870116	0.003302417236820271	0.0
chr1:172476310	3_ec	0	0.0014718311398876235	0.00944714382116613	0.0
chr1:172476310	2_ad	0	0.0006885041406588971	0.006224975261849457	0.0
chr1:172476310	1_h	0	0.0005440824794589994	0.00903070472471419	0.0
chr1:172477430	4_lc	0	0.0012226776835589893	0.004205163078474014	0.0
chr1:172477430	3_ec	0	0.0014252524218089319	0.0076467594123669595	0.0
chr1:172477430	2_ad	0	0.0007672041616470822	0.008501341785064127	0.0
chr1:172477430	1_h	0	0.0006700895185577064	0.011392093275983757	0.0
chr1:172478072	4_lc	0	0.0013634442098644467	0.011307267278088328	0.0
chr1:172478072	3_ec	0	0.001444064500325485	0.009389586785153182	0.0
chr1:172478072	2_ad	0	0.0007795961582852297	0.009323834968360735	0.0
chr1:172478072	1_h	0	0.0005512554826433201	0.009940929165638712	0.0
chr1:172484869	4_lc	0	0.0013110047301130357	0.009868941263759722	0.0
chr1:172484869	3_ec	0	0.001397077317288627	0.00732049878243563	0.0
chr1:172484869	2_ad	0	0.0008692425381378405	0.01267502551327146	0.0
chr1:172484869	1_h	0	0.0008022994548519109	0.016127342066000513	0.0
chr1:172493544	4_lc	0	0.001276419046269809	0.006760085521020684	0.0
chr1:172493544	3_ec	0	0.0014247385141522477	0.009596279787186218	0.0
chr1:172493544	2_ad	0	0.0008919794024272997	0.011826395118584288	0.0
chr1:172493544	1_h	0	0.0007053640220503475	0.012736027175624675	0.0
chr1:172493614	4_lc	0	0.001352957459806898	0.01035444559728186	0.0
chr1:172493614	3_ec	0	0.001449371237840805	0.009940624036940553	0.0
chr1:172493614	2_ad	0	0.0007124433817704054	0.008437768697170533	0.0
chr1:172493614	1_h	0	0.0007512637925147595	0.014253497664703059	0.0
chr1:172497127	4_lc	0	0.0012243667290742757	0.004977313253953553	0.0
chr1:172497127	3_ec	0	0.0014296521633013458	0.007883243683336693	0.0
chr1:172497127	2_ad	0	0.0008125981733913269	0.010182219662937855	0.0
chr1:172497127	1_h	0	0.0007110222312358206	0.012612572810910994	0.0
chr1:172498480	4_lc	0	0.0013221886320105977	0.01082239639597876	0.0
chr1:172498480	3_ec	0	0.0013970697610735739	0.006686774873964068	0.0
chr1:172498480	2_ad	0	0.0009043528404405841	0.012457176057350113	0.0
chr1:172498480	1_h	0	0.0005715108924658177	0.009293273312571787	0.0
chr1:172584483	4_lc	0	0.0012411865233650943	0.006932822627909482	0.0
chr1:172584483	3_ec	0	0.0013825321916775153	0.006190272238018667	0.0
chr1:172584483	2_ad	0	0.0007369033457616077	0.008011643183612175	0.0
chr1:172584483	1_h	0	0.0006187007601790847	0.012078966712633444	0.0
chr1:172587924	4_lc	0	0.0012966087900350108	0.008838479919349591	0.0
chr1:172587924	3_ec	0	0.001467788823553104	0.011293151151465218	0.0
chr1:172587924	2_ad	0	0.0007456040127781078	0.008386319835125982	0.0
chr1:172587924	1_h	0	0.0006997357238302246	0.013265454131557596	0.0
chr1:172587951	4_lc	0	0.0012886067107365097	0.007884439901508855	0.0
chr1:172587951	3_ec	0	0.0015509841121663418	0.012189435949145304	0.0
chr1:172587951	2_ad	0	0.000764969584466417	0.008456421868961126	0.0
chr1:172587951	1_h	0	0.0006793919381922	0.013080055413930832	0.0
chr1:172597669	4_lc	0	0.0011811473740513353	0.0021429200925048193	0.0
chr1:172597669	3_ec	0	0.001480576439538636	0.009890853979631641	0.0
chr1:172597669	2_ad	0	0.0006763633629283592	0.005255274662200456	0.0
chr1:172597669	1_h	0	0.0005191570372337952	0.00827399645535093	0.0
chr1:172597802	4_lc	0	0.0012922754650494868	0.00810698992333528	0.0
chr1:172597802	3_ec	0	0.0014685800056733625	0.00918816177947222	0.0
chr1:172597802	2_ad	0	0.0007009410517193625	0.007881715043939974	0.0
chr1:172597802	1_h	0	0.000709261126189859	0.01389995264028476	0.0
chr1:172598290	4_lc	0	0.0012967875855367775	0.007650635793577099	0.0
chr1:172598290	3_ec	0	0.0013822649483846935	0.006179290185683654	0.0
chr1:172598290	2_ad	0	0.0007762288400145502	0.01094795519435251	0.0
chr1:172598290	1_h	0	0.00047213117744635013	0.006652236210013074	0.0
chr1:172599200	4_lc	0	0.001202089081856863	0.002900647645291559	0.0
chr1:172599200	3_ec	0	0.0015043246185546919	0.010015677415223113	0.0
chr1:172599200	2_ad	0	0.000756605834124834	0.008450665375987824	0.0
chr1:172599200	1_h	0	0.0006116358668885786	0.010439819068680934	0.0
chr1:172698921	4_lc	0	0.0011961414856430338	0.0027382115014312055	0.0
chr1:172698921	3_ec	0	0.0015347229793801966	0.011183131939702303	0.0
chr1:172698921	2_ad	0	0.0008853611891775829	0.011923288532807887	0.0
chr1:172698921	1_h	0	0.0005686886014640883	0.011327494407389196	0.0
chr1:172894327	4_lc	0	0.0012110952833530953	0.0037583116528141394	0.0
chr1:172894327	3_ec	0	0.00142989024131386	0.008596108472160328	0.0
chr1:172894327	2_ad	0	0.0008641045893457081	0.011121880903172935	0.0
chr1:172894327	1_h	0	0.00044641162737112474	0.005804110700101094	0.0
chr1:173130315	4_lc	0	0.0012442414908237064	0.0070931662280849985	0.0
chr1:173130315	3_ec	0	0.0014904385748711313	0.010348041798802974	0.0
chr1:173130315	2_ad	0	0.0008097164947811173	0.010362939666980523	0.0
chr1:173130315	1_h	0	0.0005129441733155305	0.008072480738033084	0.0
chr1:173183633	4_lc	0	0.001316875688022548	0.008463246922362994	0.0
chr1:173183633	3_ec	0	0.0014571029789097825	0.010533480511542091	0.0
chr1:173183633	2_ad	0	0.0007733856614598313	0.008794380956923626	0.0
chr1:173183633	1_h	0	0.000572404918026768	0.010531548309046726	0.0
chr1:173184360	4_lc	0	0.0012903066331550305	0.007925077718207598	0.0
chr1:173184360	3_ec	0	0.001478488869900909	0.010004334922089228	0.0
chr1:173184360	2_ad	0	0.0006711423744387463	0.005015935864625263	0.0
chr1:173184360	1_h	0	0.0005110390114371949	0.007645332885847213	0.0
chr1:173203994	4_lc	0	0.001346040475156788	0.009313719557991628	0.0
chr1:173203994	3_ec	0	0.0013782284722958717	0.006119565071805423	0.0
chr1:173203994	2_ad	0	0.0007615705596199257	0.00971878553164566	0.0
chr1:173203994	1_h	0	0.0005839459714676802	0.011247335098166956	0.0
chr1:173222578	4_lc	0	0.0012575414319939183	0.007890209118862677	0.0
chr1:173222578	3_ec	0	0.0013741216585305225	0.006078686220344656	0.0
chr1:173222578	2_ad	0	0.0008275633546085938	0.01032882288626202	0.0
chr1:173222578	1_h	0	0.0005047815882941377	0.010527284784998509	0.0
chr1:173222761	4_lc	0	0.001321049242266679	0.009681264316724057	0.0
chr1:173222761	3_ec	0	0.0014090708092466553	0.00816685791162886	0.0
chr1:173222761	2_ad	0	0.0007386198853686713	0.007428194362732013	0.0
chr1:173222761	1_h	0	0.0005968533948095199	0.009795110476281609	0.0
chr1:173270447	4_lc	0	0.0014186568075193124	0.010983072630070421	0.0
chr1:173270447	3_ec	0	0.0014545090697555055	0.008731526252960479	0.0
chr1:173270447	2_ad	0	0.0007807801900900696	0.00918637481326739	0.0
chr1:173270447	1_h	0	0.0007200330759446793	0.01257566768949507	0.0
chr1:173271018	4_lc	0	0.0012987072480538995	0.007635912993158101	0.0
chr1:173271018	3_ec	0	0.0014108735621633634	0.007267282462364009	0.0
chr1:173271018	2_ad	0	0.0008917044261085213	0.013864890137950777	0.0
chr1:173271018	1_h	0	0.00046875883935899827	0.006457608258269138	0.0
chr1:173271097	4_lc	0	0.0011842067386940974	0.002165588949871786	0.0
chr1:173271097	3_ec	0	0.0014671293444112902	0.01132291970102803	0.0
chr1:173271097	2_ad	0	0.0007153974490988907	0.008785805377826429	0.0
chr1:173271097	1_h	0	0.000594823671325939	0.012148815924000108	0.0
chr1:173332148	4_lc	0	0.001224922300426774	0.0048415682922784	0.0
chr1:173332148	3_ec	0	0.0013714464508461346	0.005572818871599011	0.0
chr1:173332148	2_ad	0	0.0008849704629434596	0.012592619854382547	0.0
chr1:173332148	1_h	0	0.000698008948903169	0.012018590125170817	0.0
chr1:173332289	4_lc	0	0.0011975030654862212	0.002701325441371702	0.0
chr1:173332289	3_ec	0	0.0013636813120078209	0.005273770955066319	0.0
chr1:173332289	2_ad	0	0.00091108317569807	0.012449144661083768	0.0
chr1:173332289	1_h	0	0.0005407016563188256	0.010987595171860423	0.0
chr1:173332330	4_lc	0	0.001451471155721466	0.012163623024545578	0.0
chr1:173332330	3_ec	0	0.0013524752099280542	0.004951510426373342	0.0
chr1:173332330	2_ad	0	0.0011920996535063736	0.01779502286889539	0.0
chr1:173332330	1_h	0	0.0007273757374649071	0.014273739950484598	0.0
chr1:173332331	4_lc	0	0.0012326322509805608	0.005346734487470343	0.0
chr1:173332331	3_ec	0	0.0015274624968234045	0.010875027848919513	0.0
chr1:173332331	2_ad	0	0.0009639308861838853	0.013415949809324913	0.0
chr1:173332331	1_h	0	0.0008259586389296881	0.014059040559671148	0.0
chr1:173332388	4_lc	0	0.0013227583615027536	0.0087736965154457	0.0
chr1:173332388	3_ec	0	0.0015482645356353685	0.012115333716114288	0.0
chr1:173332388	2_ad	0	0.0013692200167246425	0.020096706810265166	0.0
chr1:173332388	1_h	0	0.000715979929917803	0.014161182458215849	0.0
chr1:173332418	4_lc	0	0.0011914058258102234	0.002352641249121506	0.0
chr1:173332418	3_ec	0	0.0014163425901812417	0.007651864587304195	0.0
chr1:173332418	2_ad	0	0.0009441423612977351	0.014588642585840044	0.0
chr1:173332418	1_h	0	0.0005379952658529845	0.008718490128819822	0.0
chr1:173332725	4_lc	0	0.0012782566197205893	0.007139806240952816	0.0
chr1:173332725	3_ec	0	0.0014738965643691514	0.009578342588429264	0.0
chr1:173332725	2_ad	0	0.0008023239088707264	0.010330862173209951	0.0
chr1:173332725	1_h	0	0.0006860663293148289	0.012151055088175463	0.0
chr1:173332784	4_lc	0	0.0012626475355618674	0.008494977644104451	0.0
chr1:173332784	3_ec	0	0.001386014617723763	0.006262768926560717	0.0
chr1:173332784	2_ad	0	0.0008185166062419284	0.011307349502113874	0.0
chr1:173332784	1_h	0	0.0005589864704886455	0.009335729178814702	0.0
chr1:173332922	4_lc	0	0.0013746467619572275	0.01199657861320172	0.0
chr1:173332922	3_ec	0	0.0013752181997160836	0.00613618627065486	0.0
chr1:173332922	2_ad	0	0.0007778276161780434	0.009208112332824763	0.0
chr1:173332922	1_h	0	0.0005761196833401384	0.011806741556853273	0.0
chr1:173459709	4_lc	0	0.0012329430088136894	0.005801374731044788	0.0
chr1:173459709	3_ec	0	0.0013967908367723606	0.007772309861165402	0.0
chr1:173459709	2_ad	0	0.0007426649948871403	0.008117415450083435	0.0
chr1:173459709	1_h	0	0.0006537135802222598	0.012259700932041064	0.0
chr1:173526483	4_lc	0	0.0013561247224505848	0.009648196724235985	0.0
chr1:173526483	3_ec	0	0.0015745378599277906	0.01210669601465858	0.0
chr1:173526483	2_ad	0	0.0007186645185321291	0.009810312736214464	0.0
chr1:173526483	1_h	0	0.0006972055580080781	0.013499819083203203	0.0
chr1:173526492	4_lc	0	0.0012817382016061805	0.007639882352826991	0.0
chr1:173526492	3_ec	0	0.0015149853108378832	0.009942274901319818	0.0
chr1:173526492	2_ad	0	0.0008202163433846557	0.010687461787600912	0.0
chr1:173526492	1_h	0	0.0006170277767178668	0.011820021328486257	0.0
chr1:173526548	4_lc	0	0.001277915132580686	0.007070248415367198	0.0
chr1:173526548	3_ec	0	0.001481957506127897	0.009505812296361386	0.0
chr1:173526548	2_ad	0	0.0006917869764125907	0.006492852505819994	0.0
chr1:173526548	1_h	0	0.000538622907611118	0.00881102508561247	0.0
chr1:173526646	4_lc	0	0.0012329871939827468	0.005425590219230299	0.0
chr1:173526646	3_ec	0	0.0014270006689611537	0.008206133753589575	0.0
chr1:173526646	2_ad	0	0.000759133246447537	0.008261606239700441	0.0
chr1:173526646	1_h	0	0.0006376490409410588	0.01153131180984916	0.0
chr1:173637426	4_lc	0	0.001259637099814793	0.007392975502169843	0.0
chr1:173637426	3_ec	0	0.0014575772870736962	0.009318048250580935	0.0
chr1:173637426	2_ad	0	0.0007387635430043223	0.007446565981090033	0.0
chr1:173637426	1_h	0	0.0005664213152633301	0.009728281250747792	0.0
chr1:173641048	4_lc	0	0.0012717041964555552	0.00643574053054168	0.0
chr1:173641048	3_ec	0	0.0014100727408140835	0.00831052434907854	0.0
chr1:173641048	2_ad	0	0.0008735331998553832	0.011898370968872906	0.0
chr1:173641048	1_h	0	0.0005979683252897961	0.011964707907519799	0.0
chr1:173642586	4_lc	0	0.0012485173933019795	0.005577622484115591	0.0
chr1:173642586	3_ec	0	0.0015221531020522905	0.01264744893425832	0.0
chr1:173642586	2_ad	0	0.0007532943443509228	0.008223105040067262	0.0
chr1:173642586	1_h	0	0.0005749372699156752	0.00969189482601561	0.0
chr1:173642595	4_lc	0	0.0013962225825026769	0.01104062010943621	0.0
chr1:173642595	3_ec	0	0.0014286583424486324	0.008343115366775582	0.0
chr1:173642595	2_ad	0	0.0010722214521918525	0.015560137885948101	0.0
chr1:173642595	1_h	0	0.0005858884913569858	0.009883850558498252	0.0
chr1:173642682	4_lc	0	0.0013104618928428738	0.009938809144417826	0.0
chr1:173642682	3_ec	0	0.0014698012478003275	0.011481434807057359	0.0
chr1:173642682	2_ad	0	0.0006927040451471274	0.0066076312635914465	0.0
chr1:173642682	1_h	0	0.0005841292668835687	0.012218557652100531	0.0
chr1:173642683	4_lc	0	0.0013744465776005927	0.01154414819979724	0.0
chr1:173642683	3_ec	0	0.0014608933858740619	0.01090173266182702	0.0
chr1:173642683	2_ad	0	0.0008298706632832488	0.01205072734565071	0.0
chr1:173642683	1_h	0	0.0006389712621157558	0.011283648226722238	0.0
chr1:173677847	4_lc	0	0.0015218439503586938	0.014463397701546211	0.0
chr1:173677847	3_ec	0	0.001513971545795483	0.011081400019231974	0.0
chr1:173677847	2_ad	0	0.0012486891675468432	0.01982231109813611	0.0
chr1:173677847	1_h	0	0.0008607574735896471	0.014498280523644828	0.0
chr1:173678946	4_lc	0	0.0014615964149700574	0.012873918795031221	0.0
chr1:173678946	3_ec	0	0.0013855155280039745	0.006300851699237431	0.0
chr1:173678946	2_ad	0	0.0008662454390828602	0.011592048187872057	0.0
chr1:173678946	1_h	0	0.0005009598124375261	0.008042061987559693	0.0
chr1:173683103	4_lc	0	0.0012403497995203251	0.0052452273382307835	0.0
chr1:173683103	3_ec	0	0.0013420846065455231	0.004867763771071678	0.0
chr1:173683103	2_ad	0	0.0012165858441276077	0.018412778442032093	0.0
chr1:173683103	1_h	0	0.0008199839751489958	0.0158430064158029	0.0
chr1:173695597	4_lc	0	0.0013592928446247625	0.009497787606402784	0.0
chr1:173695597	3_ec	0	0.0016545653740124787	0.014368028242669145	0.0
chr1:173695597	2_ad	0	0.0008110159315324784	0.010453313624077061	0.0
chr1:173695597	1_h	0	0.0009396816467828009	0.017188660309474003	0.0
chr1:173727761	4_lc	0	0.0014178779216649196	0.012203959998426685	0.0
chr1:173727761	3_ec	0	0.0015018480985162013	0.00989407361805123	0.0
chr1:173727761	2_ad	0	0.0006961863778134867	0.006881068384886758	0.0
chr1:173727761	1_h	0	0.0005375705208408281	0.008626953159875005	0.0
chr1:173732280	4_lc	0	0.001428240162061935	0.011501993774672887	0.0
chr1:173732280	3_ec	0	0.0014421659605654811	0.009338375946851687	0.0
chr1:173732280	2_ad	0	0.0007260437321980889	0.007388287666719091	0.0
chr1:173732280	1_h	0	0.0005789984208466193	0.009590196761998395	0.0
chr1:173732310	4_lc	0	0.0012481862896065506	0.005706106596834139	0.0
chr1:173732310	3_ec	0	0.0014129249315551942	0.007398899282609	0.0
chr1:173732310	2_ad	0	0.0006658777120470836	0.0046084265659391025	0.0
chr1:173732310	1_h	0	0.00042328260868146285	0.004609825865028283	0.0
chr1:173732408	4_lc	0	0.0012810174716427227	0.007398438641202982	0.0
chr1:173732408	3_ec	0	0.0014307312566146594	0.008591702010324288	0.0
chr1:173732408	2_ad	0	0.0007031318675563908	0.006318966718564866	0.0
chr1:173732408	1_h	0	0.0005628900618138879	0.010050049874983607	0.0
chr1:173751632	4_lc	0	0.0013619890197988733	0.011225104970256871	0.0
chr1:173751632	3_ec	0	0.0014186148757183521	0.007765996992985335	0.0
chr1:173751632	2_ad	0	0.0007014453046366513	0.006301183653669597	0.0
chr1:173751632	1_h	0	0.0006370527397466769	0.011124563538603135	0.0
chr1:173752015	4_lc	0	0.0013667684932423272	0.009926548465058794	0.0
chr1:173752015	3_ec	0	0.0014433109529122519	0.009296421954580412	0.0
chr1:173752015	2_ad	0	0.0007408456025849786	0.008205607526024419	0.0
chr1:173752015	1_h	0	0.0006335091603455665	0.01142284343710422	0.0
chr1:173752043	4_lc	0	0.0013321582567975647	0.008981046654081478	0.0
chr1:173752043	3_ec	0	0.0017421734635880198	0.01672788134349883	0.0
chr1:173752043	2_ad	0	0.0009494299837413839	0.014907047729616039	0.0
chr1:173752043	1_h	0	0.0007874861192009476	0.014016131188716504	0.0
chr1:173755645	4_lc	0	0.0012481599863749665	0.006929704403973871	0.0
chr1:173755645	3_ec	0	0.001528903178514355	0.010952237120810423	0.0
chr1:173755645	2_ad	0	0.0008004759134201818	0.010312415073117368	0.0
chr1:173755645	1_h	0	0.0006925299927114234	0.012499859751433251	0.0
chr1:173755683	4_lc	0	0.0013616514234381406	0.011452816223792784	0.0
chr1:173755683	3_ec	0	0.0015180483504379579	0.012188274450806898	0.0
chr1:173755683	2_ad	0	0.0008794640491406317	0.01308526623689239	0.0
chr1:173755683	1_h	0	0.0007014484617961997	0.011950184959642403	0.0
chr1:173755714	4_lc	0	0.001284136143719675	0.007296471006136863	0.0
chr1:173755714	3_ec	0	0.0014241193167477632	0.008000650188014252	0.0
chr1:173755714	2_ad	0	0.0008160568320192454	0.01011965924041489	0.0
chr1:173755714	1_h	0	0.0010151729174088205	0.017868836824431012	0.0
chr1:173759476	4_lc	0	0.0013375990662116409	0.00972999530856364	0.0
chr1:173759476	3_ec	0	0.001432607675354821	0.008545378586793013	0.0
chr1:173759476	2_ad	0	0.0009519924237470658	0.013482287604057414	0.0
chr1:173759476	1_h	0	0.0006165029736212749	0.012135375363805552	0.0
chr1:173759539	4_lc	0	0.001640331877065839	0.016735509039420133	0.0
chr1:173759539	3_ec	0	0.0015349388330503898	0.011314359763324395	0.0
chr1:173759539	2_ad	0	0.0014181199260471645	0.021515348230501427	0.0
chr1:173759539	1_h	0	0.0007595539662445355	0.013330827965795867	0.0
chr1:173924127	4_lc	0	0.0013167538969984904	0.010569145935300624	0.0
chr1:173924127	3_ec	0	0.001458675518354149	0.00884483323538442	0.0
chr1:173924127	2_ad	0	0.0010932986251377804	0.015956578023482507	0.0
chr1:173924127	1_h	0	0.0005509142279454291	0.009918153977869656	0.0
chr1:173926985	4_lc	0	0.0013415150569762659	0.008394728019417097	0.0
chr1:173926985	3_ec	0	0.001418199051642474	0.007776097844848999	0.0
chr1:173926985	2_ad	0	0.000762501992611584	0.00864956566155509	0.0
chr1:173926985	1_h	0	0.0005993074469488207	0.012020985347993963	0.0
chr1:173937851	4_lc	0	0.0012550358709890008	0.006018697015560358	0.0
chr1:173937851	3_ec	0	0.0013959315999564298	0.006605637622704162	0.0
chr1:173937851	2_ad	0	0.0007617875771077544	0.008811120699123966	0.0
chr1:173937851	1_h	0	0.0006226259703744484	0.011859819842711157	0.0
chr1:173938005	4_lc	0	0.0012896184996100898	0.008288858655962857	0.0
chr1:173938005	3_ec	0	0.001517628020595357	0.0112459032713783	0.0
chr1:173938005	2_ad	0	0.0010800215505380544	0.01559631200267596	0.0
chr1:173938005	1_h	0	0.0007318078353797597	0.012572637247235187	0.0
chr1:173963817	4_lc	0	0.0012711532724274113	0.0072532762905245535	0.0
chr1:173963817	3_ec	0	0.0015020378270190421	0.011276524246115461	0.0
chr1:173963817	2_ad	0	0.0009805868079913144	0.014565977298206242	0.0
chr1:173963817	1_h	0	0.000615835267918004	0.011980008947702552	0.0
chr1:173963976	4_lc	0	0.0012943925377821189	0.00829583298745719	0.0
chr1:173963976	3_ec	0	0.0014246970468849637	0.008062997256394934	0.0
chr1:173963976	2_ad	0	0.000790213450000448	0.009896266181091047	0.0
chr1:173963976	1_h	0	0.0005111507040805371	0.007833479148410719	0.0
chr1:173971432	4_lc	0	0.0013098438436898014	0.008330512447554348	0.0
chr1:173971432	3_ec	0	0.0014733760546487883	0.009385145284217413	0.0
chr1:173971432	2_ad	0	0.0008602969837547685	0.012084495470756665	0.0
chr1:173971432	1_h	0	0.0005257334372443722	0.010593835847582899	0.0
chr1:173972304	4_lc	0	0.001228967470322041	0.005513334503213194	0.0
chr1:173972304	3_ec	0	0.001491079413504047	0.00950241924449645	0.0
chr1:173972304	2_ad	0	0.0007383944255697885	0.008142796644551819	0.0
chr1:173972304	1_h	0	0.0005645307297867585	0.01051689682089771	0.0
chr1:173974843	4_lc	0	0.0013264789702355085	0.00861430584717236	0.0
chr1:173974843	3_ec	0	0.0014506079560659723	0.009968425942273056	0.0
chr1:173974843	2_ad	0	0.0008881697468081821	0.013705593560451404	0.0
chr1:173974843	1_h	0	0.0005803714647053289	0.00971359391507348	0.0
chr1:173974844	4_lc	0	0.0013062513835541607	0.009452260860854511	0.0
chr1:173974844	3_ec	0	0.0014047722194876172	0.007029192013352378	0.0
chr1:173974844	2_ad	0	0.000929590813713666	0.013742274409703095	0.0
chr1:173974844	1_h	0	0.00046747921508505304	0.007332797999670483	0.0
chr1:173977342	4_lc	0	0.001431150076742568	0.012947965340818868	0.0
chr1:173977342	3_ec	0	0.0014502120589047782	0.008843911810560929	0.0
chr1:173977342	2_ad	0	0.0007828505652048156	0.01058263898743082	0.0
chr1:173977342	1_h	0	0.0005155760675456399	0.009112279764175276	0.0
chr1:173977345	4_lc	0	0.0012527432842266897	0.007448629738593217	0.0
chr1:173977345	3_ec	0	0.0013917032695612759	0.006441366065368682	0.0
chr1:173977345	2_ad	0	0.0008451672332168009	0.011095336689884798	0.0
chr1:173977345	1_h	0	0.00048778178714906756	0.007173230550166262	0.0
chr1:173977346	4_lc	0	0.0012884979022261686	0.008175079845832642	0.0
chr1:173977346	3_ec	0	0.001501856636266317	0.011220197374441718	0.0
chr1:173977346	2_ad	0	0.0008678118161923873	0.011743026039364642	0.0
chr1:173977346	1_h	0	0.0006674073601941003	0.013308213564008374	0.0
chr1:174027285	4_lc	0	0.0012689405472671505	0.008317110707031262	0.0
chr1:174027285	3_ec	0	0.0013563221187578303	0.0050735070937379225	0.0
chr1:174027285	2_ad	0	0.0007576877035873871	0.008704093880351245	0.0
chr1:174027285	1_h	0	0.0006430007888591245	0.011237166757996254	0.0
chr1:174027320	4_lc	0	0.001236282459718222	0.005044977967618032	0.0
chr1:174027320	3_ec	0	0.0014384959471597444	0.009118780418891774	0.0
chr1:174027320	2_ad	0	0.0007877464765194452	0.011773127036826389	0.0
chr1:174027320	1_h	0	0.0005939238564612266	0.010314478080628934	0.0
chr1:174028272	4_lc	0	0.0012916762204816853	0.007744468399295802	0.0
chr1:174028272	3_ec	0	0.0014559464339485427	0.00864626797534898	0.0
chr1:174028272	2_ad	0	0.0007633231925351044	0.008603231966280373	0.0
chr1:174028272	1_h	0	0.0005293398111507494	0.010241293410331838	0.0
chr1:174042217	4_lc	0	0.0013189437605510097	0.010499384809594356	0.0
chr1:174042217	3_ec	0	0.0014187086865057694	0.0076220202369836195	0.0
chr1:174042217	2_ad	0	0.0008517083345008107	0.010857758183280594	0.0
chr1:174042217	1_h	0	0.0006399033968602345	0.011334200853677553	0.0
chr1:174042510	4_lc	0	0.0012446080840113518	0.006711011562449445	0.0
chr1:174042510	3_ec	0	0.001590343500780611	0.014290054755942989	0.0
chr1:174042510	2_ad	0	0.0007270743332998059	0.0076091364793222415	0.0
chr1:174042510	1_h	0	0.0005483830195303423	0.009367298363696274	0.0
chr1:174042763	4_lc	0	0.001368982046198939	0.009777926033599933	0.0
chr1:174042763	3_ec	0	0.0014514934105810053	0.008629417683453565	0.0
chr1:174042763	2_ad	0	0.0007635679321724816	0.00881484518381535	0.0
chr1:174042763	1_h	0	0.0006442524434333207	0.010716138575903738	0.0
chr1:174050519	4_lc	0	0.0012697192905663493	0.009668581708261995	0.0
chr1:174050519	3_ec	0	0.0014293482065782408	0.00830879200644014	0.0
chr1:174050519	2_ad	0	0.0007018828080658908	0.006333386403895961	0.0
chr1:174050519	1_h	0	0.0004619558200473641	0.007498505807744894	0.0
chr1:174051310	4_lc	0	0.0011859811586088038	0.0022780962933347743	0.0
chr1:174051310	3_ec	0	0.0013834608703954757	0.006233586284087926	0.0
chr1:174051310	2_ad	0	0.000989956839003698	0.013948761994775898	0.0
chr1:174051310	1_h	0	0.0005752459232925181	0.009804300594636887	0.0
chr1:174069533	4_lc	0	0.001235235866138969	0.005819778056009499	0.0
chr1:174069533	3_ec	0	0.0014479498928320765	0.009927959681792085	0.0
chr1:174069533	2_ad	0	0.0008480953154967195	0.013288485315426965	0.0
chr1:174069533	1_h	0	0.0005501900272289198	0.009362304257263601	0.0
chr1:174089147	4_lc	0	0.0013351043864142757	0.00876660716863454	0.0
chr1:174089147	3_ec	0	0.0014683189586839193	0.009167289534108492	0.0
chr1:174089147	2_ad	0	0.0007863879007342758	0.009081118894757727	0.0
chr1:174089147	1_h	0	0.0006802610494393885	0.013393892559409303	0.0
chr1:174099583	4_lc	0	0.001360637401802224	0.011087290523035104	0.0
chr1:174099583	3_ec	0	0.001521374841029208	0.01058849344988098	0.0
chr1:174099583	2_ad	0	0.0008198672739105589	0.009905904539251983	0.0
chr1:174099583	1_h	0	0.0010799210331780798	0.018109698924159374	0.0
chr1:174099589	4_lc	0	0.001242651927972211	0.007079620878528192	0.0
chr1:174099589	3_ec	0	0.0016541817747845176	0.01386654051242251	0.0
chr1:174099589	2_ad	0	0.0011419786973347645	0.016725166533704046	0.0
chr1:174099589	1_h	0	0.0006898260714780037	0.012121741062539817	0.0
chr1:174099602	4_lc	0	0.0012382146218601578	0.006358759735875112	0.0
chr1:174099602	3_ec	0	0.001469884994089901	0.008870523214369968	0.0
chr1:174099602	2_ad	0	0.0006746046487800386	0.005810240503674508	0.0
chr1:174099602	1_h	0	0.0006099522617480834	0.011399043981526389	0.0
chr1:174099842	4_lc	0	0.0013141140457445567	0.008460592214179895	0.0
chr1:174099842	3_ec	0	0.001413490451816028	0.008463946756135626	0.0
chr1:174099842	2_ad	0	0.0008598645037594634	0.013239258773833997	0.0
chr1:174099842	1_h	0	0.0008195702893287194	0.01431179224909977	0.0
chr1:174099904	4_lc	0	0.001252776933838968	0.00630793996376085	0.0
chr1:174099904	3_ec	0	0.0014753194095908839	0.008964903629989363	0.0
chr1:174099904	2_ad	0	0.000849738832141497	0.011786603898124554	0.0
chr1:174099904	1_h	0	0.0007392782608392027	0.012789333275698908	0.0
chr1:174100009	4_lc	0	0.0014111252844958531	0.011108753750432968	0.0
chr1:174100009	3_ec	0	0.0014996613695726464	0.011131948460404335	0.0
chr1:174100009	2_ad	0	0.000718588267959377	0.0070318156185565995	0.0
chr1:174100009	1_h	0	0.0005336691423889472	0.008507950610257716	0.0
chr1:174100057	4_lc	0	0.0012644485560301896	0.00843514670531958	0.0
chr1:174100057	3_ec	0	0.0013740832994586431	0.0060781191345773596	0.0
chr1:174100057	2_ad	0	0.000730759113731377	0.010064199450204848	0.0
chr1:174100057	1_h	0	0.0005760115756312495	0.011387203306023034	0.0
chr1:174100309	4_lc	0	0.0012554946993362148	0.0076779508776648716	0.0
chr1:174100309	3_ec	0	0.0014543779760279277	0.010421107277241758	0.0
chr1:174100309	2_ad	0	0.000809321898242381	0.010241613934663043	0.0
chr1:174100309	1_h	0	0.000514480012603004	0.008739839420922687	0.0
chr1:174117696	4_lc	0	0.0012737708629792226	0.009549328130922094	0.0
chr1:174117696	3_ec	0	0.001509454108162221	0.01189357877152508	0.0
chr1:174117696	2_ad	0	0.0008225237767965796	0.010368313824738368	0.0
chr1:174117696	1_h	0	0.0005039318561900996	0.01049948326562175	0.0
chr1:174136762	4_lc	0	0.0014927756048584368	0.01260560463622234	0.0
chr1:174136762	3_ec	0	0.0013842994828625614	0.007002857570802657	0.0
chr1:174136762	2_ad	0	0.0010498671383130302	0.016608570268147476	0.0
chr1:174136762	1_h	0	0.0008549399643806769	0.014864525877690094	0.0
chr1:174136992	4_lc	0	0.0012732967694878258	0.009354772220643041	0.0
chr1:174136992	3_ec	0	0.001519698517191978	0.01254090604293322	0.0
chr1:174136992	2_ad	0	0.0008292869817018938	0.012356854634900457	0.0
chr1:174136992	1_h	0	0.0005702868652057824	0.009542911520056324	0.0
chr1:174137174	4_lc	0	0.0012808639145121409	0.006915900431776974	0.0
chr1:174137174	3_ec	0	0.0014026608764966715	0.006915351061962481	0.0
chr1:174137174	2_ad	0	0.0008045539265958521	0.010532237727955945	0.0
chr1:174137174	1_h	0	0.0004637005396623362	0.005987746148381005	0.0
chr1:174159625	4_lc	0	0.0012779742742680528	0.0071178452802091825	0.0
chr1:174159625	3_ec	0	0.0014558535497387081	0.008695008737049412	0.0
chr1:174159625	2_ad	0	0.0008142037258886882	0.0111978523632789	0.0
chr1:174159625	1_h	0	0.0006483566743795555	0.013527057870102003	0.0
chr1:174198368	4_lc	0	0.0014410809814608735	0.011995763048749688	0.0
chr1:174198368	3_ec	0	0.0014776844103380582	0.009631289107780211	0.0
chr1:174198368	2_ad	0	0.0009900674162680182	0.014958197352154232	0.0
chr1:174198368	1_h	0	0.0006942827701424563	0.012316891745147244	0.0
chr1:174207137	4_lc	0	0.00136923096592244	0.01116786498514639	0.0
chr1:174207137	3_ec	0	0.0015667849844278935	0.011760127171535139	0.0
chr1:174207137	2_ad	0	0.0009869549064060908	0.014616460987025112	0.0
chr1:174207137	1_h	0	0.0005797393696825219	0.01008278725286011	0.0
chr1:174214134	4_lc	0	0.001287662261575108	0.010150547221782248	0.0
chr1:174214134	3_ec	0	0.0014046162139539316	0.007883666198870518	0.0
chr1:174214134	2_ad	0	0.0007611936054284869	0.008961680334576335	0.0
chr1:174214134	1_h	0	0.0006111218701195864	0.012794526635481125	0.0
chr1:174240192	4_lc	0	0.0012437486816163073	0.005784119136503233	0.0
chr1:174240192	3_ec	0	0.0013942859061078193	0.006568218471784233	0.0
chr1:174240192	2_ad	0	0.0007718866903843079	0.008836222900277727	0.0
chr1:174240192	1_h	0	0.0004243367445925574	0.004652248525022353	0.0
chr1:174249989	4_lc	0	0.0012285028095041551	0.005677757033221731	0.0
chr1:174249989	3_ec	0	0.0013866493133500891	0.006279637345385565	0.0
chr1:174249989	2_ad	0	0.0007331044338382058	0.007969630739274137	0.0
chr1:174249989	1_h	0	0.000545503504327663	0.0094459484107868	0.0
chr1:174250364	4_lc	0	0.001224162271141273	0.004609696183330527	0.0
chr1:174250364	3_ec	0	0.0015028121656803493	0.011163793752087007	0.0
chr1:174250364	2_ad	0	0.0007136773634169349	0.00850812851324555	0.0
chr1:174250364	1_h	0	0.0005184113433324946	0.008081883728552553	0.0
chr1:174330630	4_lc	0	0.001195080871232412	0.002841021002839317	0.0
chr1:174330630	3_ec	0	0.001403949351418705	0.006865694438972373	0.0
chr1:174330630	2_ad	0	0.000869680516823823	0.011603311840399904	0.0
chr1:174330630	1_h	0	0.0005663290842539296	0.009435268155234681	0.0
chr1:174332767	4_lc	0	0.0013009815369314226	0.009380976377228739	0.0
chr1:174332767	3_ec	0	0.0014135084030022509	0.007268501365002528	0.0
chr1:174332767	2_ad	0	0.0007565746691422239	0.008504183330592328	0.0
chr1:174332767	1_h	0	0.0006513565342712539	0.011192290900554456	0.0
chr1:174369670	4_lc	0	0.001345582504666556	0.00957292583550748	0.0
chr1:174369670	3_ec	0	0.0014367393719221784	0.007876004947295182	0.0
chr1:174369670	2_ad	0	0.0008089521173758209	0.00987040098254951	0.0
chr1:174369670	1_h	0	0.0004561632609978373	0.0064628389139382274	0.0
chr1:174391176	4_lc	0	0.0013835716250793799	0.010103448930087707	0.0
chr1:174391176	3_ec	0	0.0013611455213024027	0.005218141112110063	0.0
chr1:174391176	2_ad	0	0.0007734685586179556	0.008596730763349386	0.0
chr1:174391176	1_h	0	0.0006385270086932611	0.012935030394470914	0.0
chr1:174391779	4_lc	0	0.001300201626224062	0.008927177004799922	0.0
chr1:174391779	3_ec	0	0.00146026340227073	0.010851135823631645	0.0
chr1:174391779	2_ad	0	0.0007493623125847428	0.0077017007544000135	0.0
chr1:174391779	1_h	0	0.0006399901125524862	0.010746853059795043	0.0
chr1:174391896	4_lc	0	0.0012746766490564086	0.007019738580411761	0.0
chr1:174391896	3_ec	0	0.0014203993696395828	0.007913787416026871	0.0
chr1:174391896	2_ad	0	0.0008642896603961385	0.012088296556548625	0.0
chr1:174391896	1_h	0	0.0004885779981036388	0.007454911875343404	0.0
chr1:174391965	4_lc	0	0.0012210185697933708	0.004353004169102526	0.0
chr1:174391965	3_ec	0	0.001413000937196745	0.009666407308615343	0.0
chr1:174391965	2_ad	0	0.0008241050527865435	0.011969264759115158	0.0
chr1:174391965	1_h	0	0.0008190879783245358	0.014639950042482135	0.0
chr1:174431342	4_lc	0	0.0012644753714713762	0.006374382562938035	0.0
chr1:174431342	3_ec	0	0.0013888518655839697	0.006353444282778307	0.0
chr1:174431342	2_ad	0	0.0008883107186973097	0.013537643766358236	0.0
chr1:174431342	1_h	0	0.0007663800562137691	0.013374282843440818	0.0
chr1:174502143	4_lc	0	0.001377476564522433	0.010052417699878876	0.0
chr1:174502143	3_ec	0	0.0014321196533082494	0.007715614057582207	0.0
chr1:174502143	2_ad	0	0.0007268902540112358	0.00737359512751958	0.0
chr1:174502143	1_h	0	0.0006028384331822729	0.010653820625674722	0.0
chr1:174503087	4_lc	0	0.001322646819013893	0.010763608541959973	0.0
chr1:174503087	3_ec	0	0.0014575856209055437	0.008681476352587569	0.0
chr1:174503087	2_ad	0	0.0008341219158107426	0.012577577947556979	0.0
chr1:174503087	1_h	0	0.0004489128981678607	0.005568982895038854	0.0
chr1:174503160	4_lc	0	0.0013701622705534827	0.012028154807769921	0.0
chr1:174503160	3_ec	0	0.0015244848382869026	0.010778848504632527	0.0
chr1:174503160	2_ad	0	0.0007317838486071362	0.007986655962788023	0.0
chr1:174503160	1_h	0	0.000490339835774342	0.007750382802988206	0.0
chr1:174503334	4_lc	0	0.0012512732941547787	0.00781134644535267	0.0
chr1:174503334	3_ec	0	0.0013922974722734218	0.006414668944069529	0.0
chr1:174503334	2_ad	0	0.0006524884348442304	0.003820612824093538	0.0
chr1:174503334	1_h	0	0.000447447529166803	0.006341880784604238	0.0
chr1:174503339	4_lc	0	0.0012544564265089292	0.008212786880792236	0.0
chr1:174503339	3_ec	0	0.0013959115145353417	0.0065447504232595665	0.0
chr1:174503339	2_ad	0	0.0008317022260117405	0.012658189883875749	0.0
chr1:174503339	1_h	0	0.0005183638061010504	0.009509423671179955	0.0
chr1:174608698	4_lc	0	0.0012646186038954386	0.008585756171291774	0.0
chr1:174608698	3_ec	0	0.0014364163997674193	0.008112059211980624	0.0
chr1:174608698	2_ad	0	0.0006614888892743645	0.00429262635464842	0.0
chr1:174608698	1_h	0	0.0006338364195512599	0.011090885966303834	0.0
chr1:174609889	4_lc	0	0.0013238617689106404	0.010721152874793789	0.0
chr1:174609889	3_ec	0	0.001460468271077532	0.010831372478505664	0.0
chr1:174609889	2_ad	0	0.0007771093613282728	0.010902922648195288	0.0
chr1:174609889	1_h	0	0.0005661276542790437	0.010211669987410958	0.0
chr1:175609646	4_lc	0	0.0012401897167961897	0.005423852262698328	0.0
chr1:175609646	3_ec	0	0.00149185827221479	0.01067613529101539	0.0
chr1:175609646	2_ad	0	0.0009139990468063659	0.013177532494399347	0.0
chr1:175609646	1_h	0	0.0004559156852125058	0.005968012227822352	0.0
chr1:176782254	4_lc	4	0.002134337691708768	0.006879395482564585	0.0
chr1:176782254	3_ec	4	0.002371980059490005	0.007625742907371605	0.0
chr1:176782254	2_ad	4	0.0020915569722134795	0.009215074284537099	0.0
chr1:176782254	1_h	4	0.4577027827093972	0.06503825518873906	0.3511450381679389
chr1:176826202	4_lc	4	0.0021065226656481343	0.0032845010860343485	0.0
chr1:176826202	3_ec	4	0.0023834248027799943	0.0076329941515475164	0.0
chr1:176826202	2_ad	4	0.0020430314417323437	0.004013895188224508	0.0
chr1:176826202	1_h	4	0.4583256432832158	0.06288532324934588	0.3560606060606061
chr1:176840343	4_lc	4	0.0021585357287689576	0.008472739745384773	0.0
chr1:176840343	3_ec	4	0.002334336439849408	0.004093583536197667	0.0
chr1:176840343	2_ad	4	0.00202856719485463	0.0027537160160599765	0.0
chr1:176840343	1_h	4	0.4611753243921462	0.05181433729246372	0.4631578947368421
chr1:179043861	4_lc	4	0.002068455247388732	0.002346137334472441	0.0
chr1:179043861	3_ec	4	0.002328140337336152	0.005266375079362368	0.0
chr1:179043861	2_ad	4	0.002016930358768637	0.0042127780166881365	0.0
chr1:179043861	1_h	4	0.4503346336581165	0.0860866168384433	0.2796610169491525
chr1:179609803	4_lc	4	0.0019997883968081603	0.00929693600409834	0.0
chr1:179609803	3_ec	4	0.002181441104511399	0.006143630327742258	0.0
chr1:179609803	2_ad	4	0.0017910234927021342	0.00448503834881175	0.0
chr1:179609803	1_h	4	0.3697822879022102	0.18775356762276105	0.11952191235059761
chr1:179748643	4_lc	4	0.002145810416045904	0.007474460637522268	0.0
chr1:179748643	3_ec	4	0.0023847164627701	0.008597296320967132	0.0
chr1:179748643	2_ad	4	0.002026816537341702	0.0030677672884162604	0.0
chr1:179748643	1_h	4	0.4599312580957424	0.056952898422504915	0.39429928741092635
chr1:179752948	4_lc	4	0.0021777963074090076	0.009992379622536546	0.0
chr1:179752948	3_ec	4	0.002376114704042567	0.007867002268881573	0.0
chr1:179752948	2_ad	4	0.002034064934037392	0.0028699795116233977	0.0
chr1:179752948	1_h	4	0.461028282740463	0.05192051831522933	0.4562899786780384
chr1:179753766	4_lc	4	0.0021423659760249954	0.006667981517031914	0.0
chr1:179753766	3_ec	4	0.0023168130639522355	0.003266908899182241	0.0
chr1:179753766	2_ad	4	0.0021198715517658255	0.010259630023273049	0.0
chr1:179753766	1_h	4	0.46151913566408687	0.04994540928366759	0.44924406047516197
chr1:179762572	4_lc	4	0.0021345208265556677	0.007095093979967108	0.0
chr1:179762572	3_ec	4	0.0023905668881974633	0.007963489104992408	0.0
chr1:179762572	2_ad	4	0.002035365402797654	0.005343989658042822	0.0
chr1:179762572	1_h	4	0.4522153357488477	0.08173257217288503	0.3
chr1:179763595	4_lc	4	0.002083795234977044	0.0021865284839010296	0.0
chr1:179763595	3_ec	4	0.002345332308287489	0.005415936180362069	0.0
chr1:179763595	2_ad	4	0.0021542332490888942	0.011221244232192515	0.0
chr1:179763595	1_h	4	0.4591552764548416	0.05963786031492085	0.375
chr1:180084420	4_lc	4	0.002001889885919858	0.007594504843292662	0.0
chr1:180084420	3_ec	4	0.0021649456016372493	0.0049001902226948	0.0
chr1:180084420	2_ad	4	0.001936672892998562	0.01106518187996897	0.0
chr1:180084420	1_h	4	0.37136888492038334	0.18648470579167664	0.12
chr1:180333341	4_lc	4	0.0022147011301251224	0.010351442193252241	0.0
chr1:180333341	3_ec	4	0.002309109385405593	0.003017505798590743	0.0
chr1:180333341	2_ad	4	0.0021303146244452042	0.009306390349694322	0.0
chr1:180333341	1_h	4	0.4607145094415084	0.053362695089241616	0.4420131291028446
chr1:180333680	4_lc	4	0.002173030642092861	0.007244346552713729	0.0
chr1:180333680	3_ec	4	0.0023200075586568463	0.0034550410087254312	0.0
chr1:180333680	2_ad	4	0.0020555387938508266	0.006046804144224941	0.0
chr1:180333680	1_h	4	0.4597663035725188	0.057387530592337865	0.39858490566037735
chr1:181055314	4_lc	4	0.002080324530137379	0.0022380679603626564	0.0
chr1:181055314	3_ec	4	0.0024319697824491124	0.010427157300863063	0.0
chr1:181055314	2_ad	4	0.0020683146977850835	0.00562036412815282	0.0
chr1:181055314	1_h	4	0.4589807361355897	0.0606637723882354	0.4028103044496487
chr1:181117471	4_lc	4	0.002148891359107134	0.0072661703054451585	0.0
chr1:181117471	3_ec	4	0.002380456015708488	0.00589812257844144	0.0
chr1:181117471	2_ad	4	0.0020278711853085733	0.0026434219617504505	0.0
chr1:181117471	1_h	4	0.46246097227311594	0.04659839813955199	0.5
chr1:181409714	4_lc	4	0.0021171994120817127	0.004276106920806804	0.0
chr1:181409714	3_ec	4	0.0023304466811203137	0.0038193908998511725	0.0
chr1:181409714	2_ad	4	0.002059774492598969	0.00505163071465584	0.0
chr1:181409714	1_h	4	0.46153118723572434	0.050433492001853715	0.4698544698544699
chr1:181831695	4_lc	4	0.0021220016703701753	0.008915477912550736	0.0
chr1:181831695	3_ec	4	0.0023532348898454725	0.009562859942933048	0.0
chr1:181831695	2_ad	4	0.0020261586169613437	0.008339958308559423	0.0
chr1:181831695	1_h	4	0.44308031992182695	0.10263158488166811	0.23423423423423423
chr1:184801966	4_lc	4	0.002122536460875039	0.00532876414484481	0.0
chr1:184801966	3_ec	4	0.0023152471755607897	0.0031265074720078405	0.0
chr1:184801966	2_ad	4	0.002060445945168158	0.005131320702798362	0.0
chr1:184801966	1_h	4	0.46031976915041634	0.05538954624531044	0.39858490566037735
chr1:184804018	4_lc	4	0.002169738716275166	0.009429021249488648	0.0
chr1:184804018	3_ec	4	0.002346939385096293	0.005202142501442082	0.0
chr1:184804018	2_ad	4	0.002085065379309248	0.007345599576395441	0.0
chr1:184804018	1_h	4	0.46187727276183904	0.0486444005858947	0.48897795591182364
chr1:184841383	4_lc	4	0.0021560219470287186	0.008644235721567285	0.0
chr1:184841383	3_ec	4	0.0023906745323183207	0.009040772277595768	0.0
chr1:184841383	2_ad	4	0.002102987375614783	0.010035882585077151	0.0
chr1:184841383	1_h	4	0.459410698270783	0.058802533399959646	0.3765281173594132
chr1:185259500	4_lc	4	0.002100679584210793	0.003123249998051493	0.0
chr1:185259500	3_ec	4	0.0024033263639162885	0.010137727834599958	0.0
chr1:185259500	2_ad	4	0.0020190174112808632	0.0025771942704101284	0.0
chr1:185259500	1_h	4	0.4619444307909246	0.04817687460225023	0.4698544698544699
chr1:185260433	4_lc	4	0.0021191900435350852	0.004295754698436395	0.0
chr1:185260433	3_ec	4	0.0023659842034808565	0.006336201905243101	0.0
chr1:185260433	2_ad	4	0.0020814750480373867	0.0063894621084255605	0.0
chr1:185260433	1_h	4	0.46186518886591066	0.04887192185968527	0.5
chr1:185263644	4_lc	4	0.0021286811422598154	0.006056440694926986	0.0
chr1:185263644	3_ec	4	0.002390797464445523	0.009097712541022894	0.0
chr1:185263644	2_ad	4	0.002079675509396212	0.007448362186489952	0.0
chr1:185263644	1_h	4	0.45993226151854244	0.056853915190762654	0.39429928741092635
chr1:185352198	4_lc	4	0.0020920727896218162	0.0025217539710118164	0.0
chr1:185352198	3_ec	4	0.002351774483568134	0.00544152263480754	0.0
chr1:185352198	2_ad	4	0.002031179141789028	0.0029575115352464087	0.0
chr1:185352198	1_h	4	0.4613335249264008	0.051463319282620795	0.44924406047516197
chr1:185352276	4_lc	4	0.0021367300132806096	0.0064285082024789775	0.0
chr1:185352276	3_ec	4	0.002352093389743845	0.005279929832521721	0.0
chr1:185352276	2_ad	4	0.0020826650296248013	0.0066629755333355535	0.0
chr1:185352276	1_h	4	0.4607290109572089	0.053578340736951426	0.42953020134228187
chr1:185370937	4_lc	4	0.0021138581425506927	0.0038874308371940405	0.0
chr1:185370937	3_ec	4	0.0023514522925264956	0.0055142545878380305	0.0
chr1:185370937	2_ad	4	0.002091285972125857	0.007015695026259574	0.0
chr1:185370937	1_h	4	0.45943042984421056	0.05873852172746883	0.39429928741092635
chr1:185373044	4_lc	4	0.0021894953895279434	0.01093431430562296	0.0
chr1:185373044	3_ec	4	0.0023123865012687843	0.005032458663236233	0.0
chr1:185373044	2_ad	4	0.001972388558031917	0.0030923312103639453	0.0
chr1:185373044	1_h	4	0.4448416718159731	0.0987861470063653	0.24107142857142858
chr1:185397169	4_lc	4	0.0020647924466318623	0.004713340602173569	0.0
chr1:185397169	3_ec	4	0.0022727345019667006	0.0036276428587432366	0.0
chr1:185397169	2_ad	4	0.0019887210666974394	0.005779291425101247	0.0
chr1:185397169	1_h	4	0.43396056449802245	0.11934032862976748	0.205607476635514
chr1:186100241	4_lc	4	0.002150332864811769	0.008102663004450887	0.0
chr1:186100241	3_ec	4	0.0023898212974326144	0.008341164625055667	0.0
chr1:186100241	2_ad	4	0.002034713676987419	0.003371247662078581	0.0
chr1:186100241	1_h	4	0.45818170954325677	0.06323650197176872	0.3511450381679389
chr1:186114285	4_lc	4	0.002166488309834469	0.008773143415623685	0.0
chr1:186114285	3_ec	4	0.0023615727052392413	0.00630507267152738	0.0
chr1:186114285	2_ad	4	0.0020891604056404826	0.0074538554227061545	0.0
chr1:186114285	1_h	4	0.4615577375043569	0.0496390223535354	0.4720496894409938
chr1:186739660	4_lc	4	0.002062809537665195	0.008916087534802088	0.0
chr1:186739660	3_ec	4	0.002293240400715763	0.009092286247570922	0.0
chr1:186739660	2_ad	4	0.0020030042926768403	0.009208549853241293	0.0
chr1:186739660	1_h	4	0.3955103477997605	0.16652412929229424	0.14181818181818182
chr1:186739764	4_lc	4	0.0021603844468886524	0.008484035240484855	0.0
chr1:186739764	3_ec	4	0.002356245899277424	0.00617236940918452	0.0
chr1:186739764	2_ad	4	0.0020277071701393055	0.002881268201497371	0.0
chr1:186739764	1_h	4	0.46066743646881797	0.05397523478468765	0.4151376146788991
chr1:188576187	4_lc	4	0.002148650334846867	0.00767006601019075	0.0
chr1:188576187	3_ec	4	0.0023556765651303636	0.005630314310908762	0.0
chr1:188576187	2_ad	4	0.0020885912710739063	0.007278403139572415	0.0
chr1:188576187	1_h	4	0.46206730589219913	0.04782537105529787	0.4827586206896552
chr1:188626705	4_lc	4	0.002128456848928935	0.005487025204746487	0.0
chr1:188626705	3_ec	4	0.002396871084645553	0.009147603515064131	0.0
chr1:188626705	2_ad	4	0.0020578724039465343	0.004153096145029936	0.0
chr1:188626705	1_h	4	0.46219207322088834	0.04771346379347085	0.4827586206896552
chr1:188628608	4_lc	4	0.002120028283360294	0.005126197955138712	0.0
chr1:188628608	3_ec	4	0.0023719428868014918	0.007580446126918402	0.0
chr1:188628608	2_ad	4	0.0020201437721455765	0.002693472782466872	0.0
chr1:188628608	1_h	4	0.45878062793170465	0.06096084860189985	0.3765281173594132
chr1:188628654	4_lc	4	0.002154842151431436	0.009269141675793239	0.0
chr1:188628654	3_ec	4	0.0023886198574675685	0.01004451947873937	0.0
chr1:188628654	2_ad	4	0.002090457595764274	0.009193711478972837	0.0
chr1:188628654	1_h	4	0.456447206375152	0.06938798764584919	0.33070866141732286
chr1:188633717	4_lc	4	0.002137450108526317	0.007432350048499153	0.0
chr1:188633717	3_ec	4	0.002278892644906061	0.004026608830344524	0.0
chr1:188633717	2_ad	4	0.0019939307760480935	0.00491841165930332	0.0
chr1:188633717	1_h	4	0.43626287084990006	0.11486564012378421	0.21296296296296297
chr1:188864735	4_lc	4	0.0021294553834538916	0.00570689443351393	0.0
chr1:188864735	3_ec	4	0.0023086808808647184	0.0029435542816482444	0.0
chr1:188864735	2_ad	4	0.0020862875974867637	0.007157710185187014	0.0
chr1:188864735	1_h	4	0.461476077932472	0.05026591583634378	0.4631578947368421
chr1:26687400	4_lc	0	0.0013755798516823423	0.011900712347971059	0.0
chr1:26687400	3_ec	0	0.0014158672858981757	0.00761527909235045	0.0
chr1:26687400	2_ad	0	0.0009168759663607942	0.013165699921336085	0.0
chr1:26687400	1_h	0	0.0006266238670766341	0.012110157436993405	0.0
chr1:85099620	4_lc	0	0.001349487189528917	0.009486128978982643	0.0
chr1:85099620	3_ec	0	0.0014384185032342773	0.00921903259492563	0.0
chr1:85099620	2_ad	0	0.0007129341325447269	0.006627421475940898	0.0
chr1:85099620	1_h	0	0.000468238724662169	0.006414263437203279	0.0
chr1:85247131	4_lc	0	0.0013569201133450874	0.009265691685403869	0.0
chr1:85247131	3_ec	0	0.0014044143380893576	0.007012266985893697	0.0
chr1:85247131	2_ad	0	0.0008692250599276965	0.011552519713447524	0.0
chr1:85247131	1_h	0	0.0005435394046506323	0.008940594611738205	0.0
chr1:85270052	4_lc	0	0.001218543802747752	0.004289281373553633	0.0
chr1:85270052	3_ec	0	0.0013890972152157267	0.006385554866039129	0.0
chr1:85270052	2_ad	0	0.0009291186982910012	0.01305523423294469	0.0
chr1:85270052	1_h	0	0.0006214024579994842	0.010641849005002247	0.0
chr1:85584926	4_lc	0	0.0016946663913660373	0.016599921194767987	0.0
chr1:85584926	3_ec	0	0.001483271487440588	0.010156957856745443	0.0
chr1:85584926	2_ad	0	0.0010752461366490128	0.01592771475109378	0.0
chr1:85584926	1_h	0	0.0006546083161139853	0.013605658229739252	0.0
chr1:85584939	4_lc	1	0.556439905516277	0.0679244553830418	0.34782608695652173
chr1:85584939	3_ec	1	0.5454342809845079	0.07549919246915894	0.18900343642611683
chr1:85584939	2_ad	1	0.5531580337326831	0.07066656531238508	0.3342036553524804
chr1:85584939	1_h	1	0.5455025578168107	0.07029450141782694	0.3795620437956204
chr1:85586250	4_lc	0	0.0012659390912565791	0.006281325518658378	0.0
chr1:85586250	3_ec	0	0.0015167891712041547	0.012519988163437036	0.0
chr1:85586250	2_ad	0	0.0009597718687761678	0.013354713444057371	0.0
chr1:85586250	1_h	0	0.0009966255604134697	0.016703421642387924	0.0
chr1:85586254	4_lc	0	0.0013178401611067259	0.009580298996716039	0.0
chr1:85586254	3_ec	0	0.0013929928336726724	0.007007574872786231	0.0
chr1:85586254	2_ad	0	0.0008381855641529443	0.011847274238521128	0.0
chr1:85586254	1_h	0	0.0005287317233664654	0.0094236558617826	0.0
chr1:85586281	4_lc	0	0.001394151813463889	0.010850618565371959	0.0
chr1:85586281	3_ec	0	0.0014382988145019298	0.010362122457424352	0.0
chr1:85586281	2_ad	0	0.0008720532870162226	0.011977534929042986	0.0
chr1:85586281	1_h	0	0.0007332304231585231	0.013425047764829957	0.0
chr1:85587494	4_lc	0	0.0012522579240719929	0.005413463622680927	0.0
chr1:85587494	3_ec	0	0.0015213969157510457	0.010338304463717316	0.0
chr1:85587494	2_ad	0	0.0008802478795740587	0.013246667086406908	0.0
chr1:85587494	1_h	0	0.0005005943182347021	0.007759532797088858	0.0
chr1:85591555	4_lc	1	0.5614869613625132	0.07614331872028018	0.5
chr1:85591555	3_ec	1	0.5628008109912405	0.08474563233903766	0.5
chr1:85591555	2_ad	1	0.5522692620815913	0.06371549178260037	0.5
chr1:85591555	1_h	1	0.5426162868868807	0.06083370109355061	0.5
chr1:85591619	4_lc	0	0.001255153988471318	0.007638007215284278	0.0
chr1:85591619	3_ec	0	0.0014530266227708475	0.01023995739521111	0.0
chr1:85591619	2_ad	0	0.000702931555690833	0.007671029233650931	0.0
chr1:85591619	1_h	0	0.0005815517273812501	0.011616724426810424	0.0
chr1:85595989	4_lc	0	0.0018907583822323723	0.020119629221180237	0.0
chr1:85595989	3_ec	0	0.001661235399682515	0.015191070630271359	0.0
chr1:85595989	2_ad	0	0.0010021540519920195	0.013957987702012323	0.0
chr1:85595989	1_h	0	0.000602304780936461	0.010163440240195323	0.0
chr1:85601172	4_lc	0	0.0013422103483606137	0.009505129638922536	0.0
chr1:85601172	3_ec	0	0.0014290178540238895	0.00825210754092952	0.0
chr1:85601172	2_ad	0	0.0007144106033971394	0.00669773865518033	0.0
chr1:85601172	1_h	0	0.0004933496997989424	0.00740946558863702	0.0
chr1:85615212	4_lc	0	0.001400532649753508	0.0113623272076021	0.0
chr1:85615212	3_ec	0	0.001551840341063285	0.012314516453568397	0.0
chr1:85615212	2_ad	0	0.0008473795058631332	0.011171180610175234	0.0
chr1:85615212	1_h	0	0.0006728627018745173	0.011600521413398495	0.0
chr1:85621656	4_lc	0	0.001291058379111338	0.007391650641498039	0.0
chr1:85621656	3_ec	0	0.001437793190306625	0.008445558579460022	0.0
chr1:85621656	2_ad	0	0.000832183233177685	0.010107033224155971	0.0
chr1:85621656	1_h	0	0.0006032445032649126	0.01054163789725556	0.0
chr1:85643221	4_lc	0	0.001303252235698248	0.007702584095694722	0.0
chr1:85643221	3_ec	0	0.0014431532651760382	0.008490150322671934	0.0
chr1:85643221	2_ad	0	0.0010068685775135343	0.015428849767487082	0.0
chr1:85643221	1_h	0	0.0006781395473620516	0.013038637590270638	0.0
chr1:88212093	4_lc	0	0.00118787081874033	0.0023215048462738187	0.0
chr1:88212093	3_ec	0	0.0013864222766566015	0.006286507853598291	0.0
chr1:88212093	2_ad	0	0.0008921030356063329	0.013849005781534812	0.0
chr1:88212093	1_h	0	0.0005417491490337028	0.009278300227169876	0.0
chr1:88212141	4_lc	0	0.0012324174901760206	0.005487504108638075	0.0
chr1:88212141	3_ec	0	0.0015130506434126237	0.012047345682736979	0.0
chr1:88212141	2_ad	0	0.0008451370856501636	0.011128396739858926	0.0
chr1:88212141	1_h	0	0.0006654200249897211	0.011545500657406104	0.0
chr1:88212317	4_lc	0	0.0012634304236406662	0.008550239405976148	0.0
chr1:88212317	3_ec	0	0.0014197319799033382	0.00762819641492418	0.0
chr1:88212317	2_ad	0	0.0009336800108113512	0.013869209470543804	0.0
chr1:88212317	1_h	0	0.0005408714015923933	0.008770505798723578	0.0
chr1:88212696	4_lc	0	0.001380107452650966	0.012105711787475775	0.0
chr1:88212696	3_ec	0	0.0015030821287646593	0.009719978199217456	0.0
chr1:88212696	2_ad	0	0.0009253984370326376	0.013694600955568612	0.0
chr1:88212696	1_h	0	0.0005704734818484357	0.010004413685389941	0.0
chr1:88212740	4_lc	0	0.0012785033097561977	0.0073480471043710655	0.0
chr1:88212740	3_ec	0	0.0014706260583390216	0.009448696746465054	0.0
chr1:88212740	2_ad	0	0.0009097466955412175	0.012914228504576117	0.0
chr1:88212740	1_h	0	0.0005460241327320816	0.009075644048784939	0.0
chr1:88215174	4_lc	0	0.0015866341893646277	0.01640617436809027	0.0
chr1:88215174	3_ec	0	0.0017261259924539491	0.016717075823440102	0.0
chr1:88215174	2_ad	0	0.0010401815823933601	0.015067501819881793	0.0
chr1:88215174	1_h	0	0.0011172098583689222	0.01943734541480719	0.0
chr1:88216213	4_lc	0	0.0012595083285763435	0.006132637437519885	0.0
chr1:88216213	3_ec	0	0.0014788141402377714	0.009823984761107801	0.0
chr1:88216213	2_ad	0	0.0006985989019593217	0.006526217143097006	0.0
chr1:88216213	1_h	0	0.000559243983009314	0.009333341015666892	0.0
chr1:88218146	4_lc	3	0.002674129843716533	0.007488711656513747	0.0
chr1:88218146	3_ec	3	0.27179506446482515	0.26701036625801794	0.10204081632653061
chr1:88218146	2_ad	3	0.0015579279909736555	0.012088541319881211	0.0
chr1:88218146	1_h	3	0.001893376434544597	0.009044641330498388	0.0
chr1:88218240	4_lc	0	0.001305160091328349	0.007996736308854693	0.0
chr1:88218240	3_ec	0	0.0014547743804024875	0.010130826725649852	0.0
chr1:88218240	2_ad	0	0.0008047441221051331	0.009853806239727366	0.0
chr1:88218240	1_h	0	0.00049481772775546	0.00748670499496225	0.0
chr1:88218245	4_lc	0	0.0013209418230191818	0.010832272282035706	0.0
chr1:88218245	3_ec	0	0.001440961897675417	0.007868028151505429	0.0
chr1:88218245	2_ad	0	0.0007369751291305951	0.008064179337015491	0.0
chr1:88218245	1_h	0	0.0007793178857037482	0.015630171499023408	0.0
chr1:88218279	4_lc	0	0.0014692513374993863	0.013849244045355754	0.0
chr1:88218279	3_ec	0	0.0016205418062652868	0.014403425745124526	0.0
chr1:88218279	2_ad	0	0.0007865583892352968	0.011660472400034658	0.0
chr1:88218279	1_h	0	0.0005810933676608244	0.009936520848380507	0.0
chr1:88218283	4_lc	0	0.0012601203727121049	0.006579621372156341	0.0
chr1:88218283	3_ec	0	0.0015855424217662273	0.012187517828375509	0.0
chr1:88218283	2_ad	0	0.0006844499209244104	0.006205234250984284	0.0
chr1:88218283	1_h	0	0.0005821326530178747	0.00939793892155054	0.0
chr1:88218360	4_lc	0	0.0015294055816151926	0.013496011831286058	0.0
chr1:88218360	3_ec	0	0.0015269404050490519	0.010825097800594157	0.0
chr1:88218360	2_ad	0	0.0007648858536120186	0.009857294316014897	0.0
chr1:88218360	1_h	0	0.0006683343601401975	0.011526483530395032	0.0
chr1:88230746	4_lc	0	0.0012533588404556619	0.005604070015144095	0.0
chr1:88230746	3_ec	0	0.0014296974525691353	0.0077735748255733945	0.0
chr1:88230746	2_ad	0	0.0007650879287506938	0.010247643546025746	0.0
chr1:88230746	1_h	0	0.0005469509613127061	0.008469575192384626	0.0
chr1:88232324	4_lc	0	0.0017287696050282478	0.008159200138801814	0.0
chr1:88232324	3_ec	0	0.0019828915240984522	0.01169553404419082	0.0
chr1:88232324	2_ad	0	0.001500899839212921	0.011543739111025913	0.0
chr1:88232324	1_h	0	0.21267979613569205	0.23058329171152575	0.05904059040590406
chr1:88233442	4_lc	0	0.0011755898022509294	0.0018871890184678905	0.0
chr1:88233442	3_ec	0	0.0014403659704845411	0.009075704608624812	0.0
chr1:88233442	2_ad	0	0.0007380377290180109	0.008092143191160016	0.0
chr1:88233442	1_h	0	0.0006672333469273604	0.013024299900141405	0.0
chr1:88234120	4_lc	0	0.0011900946381682709	0.002333478092666697	0.0
chr1:88234120	3_ec	0	0.001456656474078578	0.008633256445866348	0.0
chr1:88234120	2_ad	0	0.0007751120890563944	0.008906599868706719	0.0
chr1:88234120	1_h	0	0.0005818600004275531	0.00977460898006775	0.0
chr1:88234137	4_lc	0	0.0012896290988724582	0.007409955386098962	0.0
chr1:88234137	3_ec	0	0.0014428095184172553	0.009247643028783465	0.0
chr1:88234137	2_ad	0	0.0006617471040718801	0.0043516266164732404	0.0
chr1:88234137	1_h	0	0.0005371807081271074	0.008568890490896689	0.0
chr1:88235254	4_lc	0	0.0012676233614835233	0.009465153570696395	0.0
chr1:88235254	3_ec	0	0.001633313496266478	0.01406859452441472	0.0
chr1:88235254	2_ad	0	0.0007485276673873416	0.008486695278942418	0.0
chr1:88235254	1_h	0	0.0006755514071301998	0.013538840986991135	0.0
chr1:88235442	4_lc	0	0.0012566609412261731	0.0065296428809031954	0.0
chr1:88235442	3_ec	0	0.0014637771732729985	0.01090200758213696	0.0
chr1:88235442	2_ad	0	0.0007983315359546317	0.0103193435380403	0.0
chr1:88235442	1_h	0	0.0005389414990822863	0.008557796778517757	0.0
chr1:88236665	4_lc	0	0.0011895186880081727	0.002283461362329569	0.0
chr1:88236665	3_ec	0	0.0014079184318916893	0.0071081924485857295	0.0
chr1:88236665	2_ad	0	0.0007169830152207535	0.007105358409035497	0.0
chr1:88236665	1_h	0	0.0004636054276229955	0.006336102279829361	0.0
chr1:88239006	4_lc	0	0.0012226361042954944	0.004971099404498432	0.0
chr1:88239006	3_ec	0	0.0015482969867816872	0.012106862109470795	0.0
chr1:88239006	2_ad	0	0.0007698122261570824	0.010326669690181686	0.0
chr1:88239006	1_h	0	0.0005309270231186303	0.010355394220956472	0.0
chr1:88240149	4_lc	0	0.0012041791756001825	0.003345345623346725	0.0
chr1:88240149	3_ec	0	0.0014884888671324909	0.010223268681835844	0.0
chr1:88240149	2_ad	0	0.0007277539500604576	0.007628892530073196	0.0
chr1:88240149	1_h	0	0.000575932815534983	0.009729620400991216	0.0
chr1:88240703	4_lc	0	0.0013421884739656168	0.010058177921492975	0.0
chr1:88240703	3_ec	0	0.0014884060131127776	0.011614690939526287	0.0
chr1:88240703	2_ad	0	0.000781760044352646	0.009777248791214914	0.0
chr1:88240703	1_h	0	0.0006645784767792054	0.011398928341311187	0.0
chr1:88242417	4_lc	0	0.0012817055359925697	0.00777772538306719	0.0
chr1:88242417	3_ec	0	0.001413211749658827	0.009248551275798165	0.0
chr1:88242417	2_ad	0	0.0010536250101971024	0.015312950984407317	0.0
chr1:88242417	1_h	0	0.0005017513520949917	0.007658101017528954	0.0
chr1:88242418	4_lc	0	0.0013706611623473081	0.010269188574432766	0.0
chr1:88242418	3_ec	0	0.0014467252835354293	0.008387565551984394	0.0
chr1:88242418	2_ad	0	0.0008792505356486084	0.013055691879639019	0.0
chr1:88242418	1_h	0	0.0006654675187646984	0.012936030651631588	0.0
chr1:88242760	4_lc	0	0.0012489874613867307	0.007052207504010437	0.0
chr1:88242760	3_ec	0	0.001550738272609289	0.01142826190871058	0.0
chr1:88242760	2_ad	0	0.0008048269204438013	0.009910179247371156	0.0
chr1:88242760	1_h	0	0.0006200372504812896	0.011589450589654013	0.0
chr1:88244970	4_lc	0	0.001313615475232498	0.009932167537587041	0.0
chr1:88244970	3_ec	0	0.0013794785010518558	0.0061549769018329325	0.0
chr1:88244970	2_ad	0	0.0007958152519669964	0.009918904922313477	0.0
chr1:88244970	1_h	0	0.00048760095905166364	0.007148395831649165	0.0
chr1:88245989	4_lc	0	0.0012678266633230765	0.006563744276028468	0.0
chr1:88245989	3_ec	0	0.0014628596164881313	0.009362757707690985	0.0
chr1:88245989	2_ad	0	0.0009713864073757504	0.014279084918181938	0.0
chr1:88245989	1_h	0	0.0005813587780129609	0.009741691674214376	0.0
chr1:88247140	4_lc	0	0.001258019179861046	0.00647720221410184	0.0
chr1:88247140	3_ec	0	0.0013752844443736143	0.006091854260301441	0.0
chr1:88247140	2_ad	0	0.0008078947815851756	0.010840358191017323	0.0
chr1:88247140	1_h	0	0.0005151629572499614	0.008719467962919676	0.0
chr1:88247237	4_lc	0	0.0013054430108775028	0.008501661018325795	0.0
chr1:88247237	3_ec	0	0.001659036984299663	0.013747582576309834	0.0
chr1:88247237	2_ad	0	0.0008759905803863218	0.011763233364784817	0.0
chr1:88247237	1_h	0	0.0005424664885349832	0.009030159434493592	0.0
chr1:88247763	4_lc	0	0.0011940012995604492	0.002492559024973968	0.0
chr1:88247763	3_ec	0	0.0015203275715881175	0.010614215114062533	0.0
chr1:88247763	2_ad	0	0.0008205215850476107	0.010396457618274338	0.0
chr1:88247763	1_h	0	0.0005743536832235707	0.009795060731220443	0.0
chr1:88248621	4_lc	0	0.001425243943369545	0.013295093982461833	0.0
chr1:88248621	3_ec	0	0.00142709795256589	0.008149341384083969	0.0
chr1:88248621	2_ad	0	0.0008809273942170375	0.013423102658865973	0.0
chr1:88248621	1_h	0	0.0005692879631736776	0.009843123982642669	0.0
chr1:88251267	4_lc	0	0.0011805367580406316	0.001994481252356794	0.0
chr1:88251267	3_ec	0	0.0014358116233459991	0.008690957123832811	0.0
chr1:88251267	2_ad	0	0.0007532142578911062	0.0079748553125575	0.0
chr1:88251267	1_h	0	0.0006080781087365765	0.010412143836669146	0.0
chr1:88251385	4_lc	0	0.001248867176274841	0.007141217806456371	0.0
chr1:88251385	3_ec	0	0.0014050489031746849	0.0069740437679438405	0.0
chr1:88251385	2_ad	0	0.0007283157825224792	0.007621023565904449	0.0
chr1:88251385	1_h	0	0.0005635367885000204	0.00996777196142939	0.0
chr1:88256127	4_lc	0	0.001217457252851498	0.003741294528357135	0.0
chr1:88256127	3_ec	0	0.0013564190613306363	0.005070339225956275	0.0
chr1:88256127	2_ad	0	0.0009097130951321103	0.014070833645678774	0.0
chr1:88256127	1_h	0	0.0006784071002040589	0.012959806723418482	0.0
chr1:88256705	4_lc	0	0.0011859824933588324	0.002210494624339233	0.0
chr1:88256705	3_ec	0	0.0014303015970715093	0.008228477772501266	0.0
chr1:88256705	2_ad	0	0.0008117047767479359	0.010801040228747942	0.0
chr1:88256705	1_h	0	0.0005591421399541159	0.008908939831195457	0.0
chr1:88256727	4_lc	0	0.0012572750959495356	0.006373581283315849	0.0
chr1:88256727	3_ec	0	0.001524112978457178	0.012430856608365706	0.0
chr1:88256727	2_ad	0	0.0008211731521320097	0.011863656485371096	0.0
chr1:88256727	1_h	0	0.0007454536419156398	0.01317750191823578	0.0
chr1:88256798	4_lc	0	0.0012024481798093632	0.0031447760665373036	0.0
chr1:88256798	3_ec	0	0.0013962992477669048	0.006575583254784061	0.0
chr1:88256798	2_ad	0	0.0008532805950337806	0.011601166937286177	0.0
chr1:88256798	1_h	0	0.0005779480496287371	0.01150194530884088	0.0
chr1:88260004	4_lc	0	0.0012500775113793803	0.007259259739551894	0.0
chr1:88260004	3_ec	0	0.0014703834667277337	0.009248423391182281	0.0
chr1:88260004	2_ad	0	0.0007335467812667511	0.008032862862257161	0.0
chr1:88260004	1_h	0	0.0004633824726730415	0.006372607000317223	0.0
chr1:88265258	4_lc	0	0.0013093360440643762	0.009503666961143456	0.0
chr1:88265258	3_ec	0	0.0015026924473213851	0.011312644712628606	0.0
chr1:88265258	2_ad	0	0.0007908456786471676	0.009633706670411957	0.0
chr1:88265258	1_h	0	0.0005521912320468549	0.00904221484203572	0.0
chr1:88265309	4_lc	0	0.001196270916749498	0.002985373869489847	0.0
chr1:88265309	3_ec	0	0.001619317351772882	0.013969086962798416	0.0
chr1:88265309	2_ad	0	0.0007505635748353977	0.008911789564553069	0.0
chr1:88265309	1_h	0	0.0005820084519717082	0.009943751414372556	0.0
chr1:88265570	4_lc	0	0.0013185882905552618	0.01096888250025697	0.0
chr1:88265570	3_ec	0	0.0014243013475244398	0.00803403297756191	0.0
chr1:88265570	2_ad	0	0.0008518638305060525	0.011044505253543077	0.0
chr1:88265570	1_h	0	0.000541647744772381	0.011427741151445327	0.0
chr1:88265846	4_lc	0	0.0012439639386209282	0.00700891213221604	0.0
chr1:88265846	3_ec	0	0.0015041978160053899	0.011075723738493741	0.0
chr1:88265846	2_ad	0	0.0007231918961335516	0.009526028973714787	0.0
chr1:88265846	1_h	0	0.0006257546709333236	0.010957494368857753	0.0
chr1:88265980	4_lc	0	0.0012678408733999775	0.006625958825173558	0.0
chr1:88265980	3_ec	0	0.0014197342751702828	0.007937821814338658	0.0
chr1:88265980	2_ad	0	0.0009410248108772697	0.013137191481656403	0.0
chr1:88265980	1_h	0	0.0005520902242794578	0.011675568002844566	0.0
chr1:88269331	4_lc	0	0.0012680286489977423	0.006634972175472746	0.0
chr1:88269331	3_ec	0	0.0013735357175237734	0.006081840803092647	0.0
chr1:88269331	2_ad	0	0.0009899290850819262	0.014076020059984167	0.0
chr1:88269331	1_h	0	0.0005850774477986829	0.01147854594190717	0.0
chr1:88270269	4_lc	0	0.001343690870459451	0.009652562968515297	0.0
chr1:88270269	3_ec	0	0.0014505975516164308	0.008540922060706595	0.0
chr1:88270269	2_ad	0	0.0007700476049853962	0.008622826061907594	0.0
chr1:88270269	1_h	0	0.0004755889034703637	0.007966071112254962	0.0
chr1:88277413	4_lc	0	0.0013582441376262858	0.00944287878642698	0.0
chr1:88277413	3_ec	0	0.0014002375186520203	0.0067950175278568775	0.0
chr1:88277413	2_ad	0	0.0007735881141710116	0.01074733375730384	0.0
chr1:88277413	1_h	0	0.0005509296944116272	0.009399576372273165	0.0
chr1:88277422	4_lc	0	0.0013207687712474027	0.008752003752020076	0.0
chr1:88277422	3_ec	0	0.0013784242593878626	0.006147045099571295	0.0
chr1:88277422	2_ad	0	0.0008009220601408167	0.01024998614868951	0.0
chr1:88277422	1_h	0	0.0005474534271745354	0.008995126691967222	0.0
chr3:15411410	4_lc	0	0.0015682348861146276	0.015869417365434842	0.0
chr3:15411410	3_ec	0	0.0014729692159067237	0.01168364186550877	0.0
chr3:15411410	2_ad	0	0.0007253661028341613	0.007917208847887503	0.0
chr3:15411410	1_h	0	0.0005356053768608686	0.008530480454626729	0.0
chr4:125071333	4_lc	0	0.0013167806988931892	0.009785850197234188	0.0
chr4:125071333	3_ec	0	0.001466671265940822	0.009147707399318224	0.0
chr4:125071333	2_ad	0	0.0007606423543508781	0.009616976218594836	0.0
chr4:125071333	1_h	0	0.000536630468402772	0.00853558043539965	0.0
chr4:125072825	4_lc	0	0.0012908489173875924	0.008320540206045562	0.0
chr4:125072825	3_ec	0	0.0014380640685560735	0.00833576574482967	0.0
chr4:125072825	2_ad	0	0.0010679676428942738	0.01598726470687299	0.0
chr4:125072825	1_h	0	0.0005526292551315774	0.011836664136169834	0.0
chr4:145622166	4_lc	0	0.0014717121904172367	0.012756371457832885	0.0
chr4:145622166	3_ec	0	0.0015173282088059225	0.011455502895585093	0.0
chr4:145622166	2_ad	0	0.0010559370105478754	0.015209005948318186	0.0
chr4:145622166	1_h	0	0.0006381727214401667	0.011163703943674068	0.0
chr4:145622476	4_lc	0	0.001311372719581908	0.009743020251363546	0.0
chr4:145622476	3_ec	0	0.001556936244471607	0.01298126341911791	0.0
chr4:145622476	2_ad	0	0.001063551873485503	0.015227495364757175	0.0
chr4:145622476	1_h	0	0.0007519352659192866	0.014371250595733234	0.0
chr4:147581328	4_lc	0	0.001376003132014567	0.010074998288430238	0.0
chr4:147581328	3_ec	0	0.001427074557920902	0.009668607960782661	0.0
chr4:147581328	2_ad	0	0.0008151008607201289	0.010464973599082552	0.0
chr4:147581328	1_h	0	0.0007432340820244381	0.014908754180176752	0.0
chr4:147583197	4_lc	0	0.001282187677631069	0.007524106869170992	0.0
chr4:147583197	3_ec	0	0.001395309805482077	0.006936171694141093	0.0
chr4:147583197	2_ad	0	0.0008336119005048452	0.011597939271255004	0.0
chr4:147583197	1_h	0	0.0008322856458222869	0.015317302330280568	0.0
chr4:152377125	4_lc	3	0.004132823998850538	0.005021257727791684	0.0
chr4:152377125	3_ec	3	0.5305813611872587	0.07546664778789666	0.5
chr4:152377125	2_ad	3	0.0023589838677375388	0.010295588132953814	0.0
chr4:152377125	1_h	3	0.0031407671540156484	0.005244750687894881	0.0
chr4:21873684	4_lc	4	0.0021254717671150103	0.009963196906569225	0.0
chr4:21873684	3_ec	4	0.002362468092315075	0.011338553272256177	0.0
chr4:21873684	2_ad	4	0.00193984008555849	0.008680552951385461	0.0
chr4:21873684	1_h	4	0.38716108120524234	0.17417210504631747	0.1326530612244898
chr4:3184971	4_lc	0	0.001460036917711446	0.01322711768663419	0.0
chr4:3184971	3_ec	0	0.001423742678851236	0.007566736467232458	0.0
chr4:3184971	2_ad	0	0.0009627658114733281	0.013488686635415567	0.0
chr4:3184971	1_h	0	0.0010450943689631212	0.017460464496253967	0.0
chr5:13570208	4_lc	1	0.561407685642289	0.07664239440522565	0.5
chr5:13570208	3_ec	1	0.5633974837376524	0.08547964074928181	0.5
chr5:13570208	2_ad	1	0.5503091540520699	0.06456039320401133	0.2608695652173913
chr5:13570208	1_h	1	0.5423567202409544	0.06166669207858147	0.5
chr5:14914768	4_lc	2	0.0008827569862043042	0.006993577137287399	0.0
chr5:14914768	3_ec	2	0.0019370856987886115	0.008223556366141962	0.0
chr5:14914768	2_ad	2	0.5148075335054333	0.10712861397447025	0.22878228782287824
chr5:14914768	1_h	2	0.007161952942347212	0.05106778896026904	0.021645021645021644
chr5:14914799	4_lc	0	0.0013641207043960575	0.011605933105665704	0.0
chr5:14914799	3_ec	0	0.0015248133528932455	0.010797775812583246	0.0
chr5:14914799	2_ad	0	0.0008671920580709779	0.01173459239244456	0.0
chr5:14914799	1_h	0	0.0005337009153258177	0.00878659494103381	0.0
chr5:25950723	4_lc	0	0.0015429003599248215	0.015582197305696042	0.0
chr5:25950723	3_ec	0	0.0015400183396418856	0.011387932412203039	0.0
chr5:25950723	2_ad	0	0.0011232747215213649	0.01647733589572578	0.0
chr5:25950723	1_h	0	0.0005909315049840483	0.010276327179985348	0.0
chr5:26000324	4_lc	0	0.0012343879572941049	0.005531612950007256	0.0
chr5:26000324	3_ec	0	0.0014237978980936184	0.007957173920237658	0.0
chr5:26000324	2_ad	0	0.0007403045491056104	0.008148618112648501	0.0
chr5:26000324	1_h	0	0.000614550271052108	0.011301110061658917	0.0
chr5:26035024	4_lc	0	0.0012442817572840285	0.00718221051354749	0.0
chr5:26035024	3_ec	0	0.0013759684669489337	0.006143078072683955	0.0
chr5:26035024	2_ad	0	0.0008235739159999102	0.010241373189462563	0.0
chr5:26035024	1_h	0	0.0006078982062911634	0.011459540943588717	0.0
chr5:26035916	4_lc	0	0.0013515731205009922	0.010615729172275257	0.0
chr5:26035916	3_ec	0	0.0014820605265577786	0.010046299735763745	0.0
chr5:26035916	2_ad	0	0.0007509020413355906	0.008899759369404727	0.0
chr5:26035916	1_h	0	0.0005355156576762705	0.008545009433472176	0.0
chr5:26035943	4_lc	0	0.0013093079732726714	0.009952917800691574	0.0
chr5:26035943	3_ec	0	0.001506799162018069	0.011632261068206728	0.0
chr5:26035943	2_ad	0	0.0007768738785756848	0.010948643730213372	0.0
chr5:26035943	1_h	0	0.0005484907000223585	0.009577059261790921	0.0
chr5:26089095	4_lc	0	0.0015100758472580433	0.013414513153660896	0.0
chr5:26089095	3_ec	0	0.001544936729393002	0.011237965445355784	0.0
chr5:26089095	2_ad	0	0.0007083259023091039	0.006796431695401886	0.0
chr5:26089095	1_h	0	0.0008023378996497818	0.015348190189726758	0.0
chr5:26089122	4_lc	0	0.001312746536297162	0.010784484678445611	0.0
chr5:26089122	3_ec	0	0.001452449612935185	0.0089654720878621	0.0
chr5:26089122	2_ad	0	0.0009059839465529593	0.013176641230741016	0.0
chr5:26089122	1_h	0	0.0005896821229000298	0.01040953359810984	0.0
chr5:26089127	4_lc	0	0.0013402869642990378	0.009785385643958587	0.0
chr5:26089127	3_ec	0	0.0014087986993252693	0.0071456696645577095	0.0
chr5:26089127	2_ad	0	0.0007323175710608166	0.008475443630829353	0.0
chr5:26089127	1_h	0	0.0006293634786570085	0.011005555662902325	0.0
chr5:27501274	4_lc	0	0.0012798864746121604	0.007698506196019293	0.0
chr5:27501274	3_ec	0	0.0014136231242712555	0.007349118777843784	0.0
chr5:27501274	2_ad	0	0.0008115488965598262	0.011120855977892663	0.0
chr5:27501274	1_h	0	0.0006521168280346221	0.012122901026267022	0.0
chr5:38300085	4_lc	1	0.5613138114688578	0.0758048563077087	0.5
chr5:38300085	3_ec	1	0.563463057012872	0.08556170414580151	0.5
chr5:38300085	2_ad	1	0.5521819933040586	0.06501861065012324	0.5
chr5:38300085	1_h	1	0.5424769229954232	0.061447861671815096	0.3765281173594132
chr5:93636401	4_lc	0	0.0012690201047498633	0.009574676512903751	0.0
chr5:93636401	3_ec	0	0.0015281744538557034	0.01276089665471534	0.0
chr5:93636401	2_ad	0	0.0007953842024611123	0.009941662837057623	0.0
chr5:93636401	1_h	0	0.0005540978743278441	0.009843948315867112	0.0
chr5:93636477	4_lc	0	0.0012587312587210163	0.006054641083098715	0.0
chr5:93636477	3_ec	0	0.001421311064222279	0.007941565973805232	0.0
chr5:93636477	2_ad	0	0.0007966635392628278	0.009966190468191024	0.0
chr5:93636477	1_h	0	0.0005738594363148587	0.009472101895177562	0.0
chr5:93637618	4_lc	0	0.0014331483239223937	0.011858988115683313	0.0
chr5:93637618	3_ec	0	0.0014919803034554693	0.00983294220642617	0.0
chr5:93637618	2_ad	0	0.0008513298349008922	0.0118376388991715	0.0
chr5:93637618	1_h	0	0.000656196725181722	0.011424215694774526	0.0
chr5:93637765	4_lc	0	0.0014437496269664573	0.012267434662553938	0.0
chr5:93637765	3_ec	0	0.00144164826556866	0.009279235952952384	0.0
chr5:93637765	2_ad	0	0.0007833358438015777	0.011386062754853633	0.0
chr5:93637765	1_h	0	0.000539039833971418	0.01123716656277729	0.0
chr5:93638901	4_lc	0	0.0012390395269532392	0.006709237512022985	0.0
chr5:93638901	3_ec	0	0.0014474779006481918	0.008360191984209366	0.0
chr5:93638901	2_ad	0	0.0007788087067923362	0.011321571254270515	0.0
chr5:93638901	1_h	0	0.0005387111439002537	0.009050198159346459	0.0
chr5:93638902	4_lc	0	0.001359372591568392	0.009601146340822242	0.0
chr5:93638902	3_ec	0	0.00146581333096039	0.011181459336091519	0.0
chr5:93638902	2_ad	0	0.0009097724157954536	0.012742868901191159	0.0
chr5:93638902	1_h	0	0.0008810067819697968	0.01584820514137187	0.0
chr7:126864803	4_lc	0	0.001536187044691651	0.015384437453789604	0.0
chr7:126864803	3_ec	0	0.0014902625833947887	0.00972433217248158	0.0
chr7:126864803	2_ad	0	0.0007524490934279231	0.008583663935495218	0.0
chr7:126864803	1_h	0	0.0007795998099801352	0.014293971612276395	0.0
chr7:131065072	4_lc	1	0.5611739914744521	0.07526323850152862	0.5
chr7:131065072	3_ec	1	0.5629830204296219	0.08413795740261822	0.5
chr7:131065072	2_ad	1	0.5522198627976379	0.06282669733561397	0.5
chr7:131065072	1_h	1	0.5422005232457536	0.05973840241256988	0.5
chr7:141858623	4_lc	0	0.0012099332573001496	0.0034361897936992	0.0
chr7:141858623	3_ec	0	0.0014476700035094157	0.008546791350277435	0.0
chr7:141858623	2_ad	0	0.0007738175380686016	0.010582961699917627	0.0
chr7:141858623	1_h	0	0.0004823264849975461	0.006845216424208699	0.0
chr7:141858900	4_lc	0	0.0012010465284088845	0.002976436475986619	0.0
chr7:141858900	3_ec	0	0.0014080389447014986	0.007047603344026112	0.0
chr7:141858900	2_ad	0	0.0007496056806803279	0.00920110763849916	0.0
chr7:141858900	1_h	0	0.0005707232904336076	0.009447238866631324	0.0
chr7:24104830	4_lc	0	0.00130809589213318	0.008246583017188662	0.0
chr7:24104830	3_ec	0	0.0014606626642388826	0.008844246414739921	0.0
chr7:24104830	2_ad	0	0.0008788270431549178	0.013009707027724419	0.0
chr7:24104830	1_h	0	0.0007193802698325471	0.012613477020093319	0.0
chr7:24104972	4_lc	0	0.0012775164775103824	0.009757994038168292	0.0
chr7:24104972	3_ec	0	0.0013882764382467253	0.0063329821439021125	0.0
chr7:24104972	2_ad	0	0.0006834016753670191	0.00595111154622292	0.0
chr7:24104972	1_h	0	0.0004323889466149209	0.004969662892642464	0.0
chr7:24104995	4_lc	0	0.0014002561758017984	0.011500264035543783	0.0
chr7:24104995	3_ec	0	0.0014150481093411884	0.0074488674458235375	0.0
chr7:24104995	2_ad	0	0.000721185712910645	0.009339649412526657	0.0
chr7:24104995	1_h	0	0.0005719095612403175	0.00966152565256456	0.0
chr7:38519610	4_lc	0	0.0012319638604171817	0.005441835093014336	0.0
chr7:38519610	3_ec	0	0.0014677585538511995	0.009225463071797623	0.0
chr7:38519610	2_ad	0	0.0009097638971462796	0.01276133697222707	0.0
chr7:38519610	1_h	0	0.0005525037975545239	0.011662781808190413	0.0
chr7:38519625	4_lc	0	0.0013643300783183654	0.010324922992004697	0.0
chr7:38519625	3_ec	0	0.0014531510674146914	0.00866549345379886	0.0
chr7:38519625	2_ad	0	0.0007420459155766031	0.008412708811011044	0.0
chr7:38519625	1_h	0	0.0005056361467861764	0.008646558336596612	0.0
chr7:38520007	4_lc	0	0.0013926650006336552	0.012749188212085902	0.0
chr7:38520007	3_ec	0	0.0014278376910711	0.008288244633186009	0.0
chr7:38520007	2_ad	0	0.0007146072742097859	0.008747807599952005	0.0
chr7:38520007	1_h	0	0.0005760946094433402	0.01079910869652042	0.0
chr7:38520414	4_lc	0	0.0012115812492708784	0.003684191777062731	0.0
chr7:38520414	3_ec	0	0.001452567123152064	0.010216361323766382	0.0
chr7:38520414	2_ad	0	0.0007232943378927465	0.009503494165947493	0.0
chr7:38520414	1_h	0	0.000564126592782877	0.009290779180881302	0.0
chr7:38520435	4_lc	0	0.0013396737811534514	0.00925621238993409	0.0
chr7:38520435	3_ec	0	0.0014150575321065831	0.00871579531669166	0.0
chr7:38520435	2_ad	0	0.0007285642189990938	0.0072131761075610295	0.0
chr7:38520435	1_h	0	0.0004942649879432687	0.009170870149398465	0.0
chr7:38520490	4_lc	0	0.0013794305192677582	0.009771648181092092	0.0
chr7:38520490	3_ec	0	0.0016465045837897535	0.013589950140140488	0.0
chr7:38520490	2_ad	0	0.0007673888197426025	0.010624588676768387	0.0
chr7:38520490	1_h	0	0.0006118090666875205	0.010405969731139416	0.0
chr7:79694304	4_lc	0	0.0011980371790704608	0.003046044245009804	0.0
chr7:79694304	3_ec	0	0.001419362805175873	0.007678853530576763	0.0
chr7:79694304	2_ad	0	0.0008852576149571497	0.011898742206876447	0.0
chr7:79694304	1_h	0	0.0008125486163443897	0.015752684241814578	0.0
chr7:79694560	4_lc	0	0.0013468601062823632	0.009373142398367776	0.0
chr7:79694560	3_ec	0	0.0014682753633858442	0.00932444050530791	0.0
chr7:79694560	2_ad	0	0.0008422178806334447	0.01112341044365526	0.0
chr7:79694560	1_h	0	0.0004885786408073549	0.007180881179888536	0.0
chr7:79694655	4_lc	0	0.001319642346548159	0.01002645716650479	0.0
chr7:79694655	3_ec	0	0.0014666577907927586	0.009146601989267145	0.0
chr7:79694655	2_ad	0	0.0007676551767615026	0.008708221583887517	0.0
chr7:79694655	1_h	0	0.0006039249149970819	0.01086938508821887	0.0
chr7:79694677	4_lc	0	0.0013925346055332546	0.010848002049767753	0.0
chr7:79694677	3_ec	0	0.00149948062621395	0.010905771153094454	0.0
chr7:79694677	2_ad	0	0.0007463313126921677	0.008689757123498653	0.0
chr7:79694677	1_h	0	0.0004399411917881258	0.005794862170972245	0.0
chr7:79695003	4_lc	0	0.001424466849469435	0.013191903762378974	0.0
chr7:79695003	3_ec	0	0.0014815508284939413	0.009926677534289254	0.0
chr7:79695003	2_ad	0	0.0008974788725061504	0.012248386835347997	0.0
chr7:79695003	1_h	0	0.000540966977313828	0.009179894387083972	0.0
chr7:79695130	4_lc	0	0.001220712269817251	0.004982638251950843	0.0
chr7:79695130	3_ec	0	0.0015075376206941473	0.01132047818071824	0.0
chr7:79695130	2_ad	0	0.0007674379104246092	0.010344866049725487	0.0
chr7:79695130	1_h	0	0.000468028594842398	0.006640712381456574	0.0
chr8:102674037	4_lc	0	0.0013050718798429224	0.007992179920414882	0.0
chr8:102674037	3_ec	0	0.001383056685046357	0.006201409665887047	0.0
chr8:102674037	2_ad	0	0.0010220585007222247	0.015421206257133826	0.0
chr8:102674037	1_h	0	0.0005358620904127759	0.008318342782892478	0.0
chr8:26160882	4_lc	0	0.0013167062498409547	0.010885838823502258	0.0
chr8:26160882	3_ec	0	0.0013898290666001375	0.006346737787892767	0.0
chr8:26160882	2_ad	0	0.0009094085776904141	0.012848566717788307	0.0
chr8:26160882	1_h	0	0.000628314996906773	0.013101919996964468	0.0
chrX:124128539	4_lc	0	0.0012719897271973538	0.0073216002346500695	0.0
chrX:124128539	3_ec	0	0.0014563299246263973	0.008690943799973413	0.0
chrX:124128539	2_ad	0	0.0007167850447784588	0.007026623014277162	0.0
chrX:124128539	1_h	0	0.0005803631790079255	0.009328488045159027	0.0
