mutation_id	sample_id	cluster_id	cellular_prevalence	cellular_prevalence_std	variant_allele_frequency
chr10:100087361	4_lc	0	0.000954768710854883	0.008638237788702891	0.0
chr10:100087361	3_ec	0	0.0005084174515668236	0.00977700947923391	0.0
chr10:100087361	2_ad	0	0.0006700623938799978	0.009980978081795551	0.0
chr10:100087361	1_h	0	0.0009213706940147732	0.009323226862721244	0.0
chr10:100341470	4_lc	0	0.0009015853736173305	0.006605999343002473	0.0
chr10:100341470	3_ec	0	0.0005246470581102207	0.01087444252575404	0.0
chr10:100341470	2_ad	0	0.0006179017373885167	0.004666555091532749	0.0
chr10:100341470	1_h	0	0.0011307197930074263	0.014409970582973478	0.0
chr10:100447185	4_lc	0	0.0009526912207288845	0.010191734417645558	0.0
chr10:100447185	3_ec	0	0.0005723658924592949	0.011931436716146639	0.0
chr10:100447185	2_ad	0	0.0010647730406060038	0.01658855846824833	0.0
chr10:100447185	1_h	0	0.0008074639368071068	0.004762594586135484	0.0
chr10:100451428	4_lc	0	0.0010549778638751994	0.011967927864103972	0.0
chr10:100451428	3_ec	0	0.0004939035447216215	0.008629832931562161	0.0
chr10:100451428	2_ad	0	0.0006316505178081018	0.0061196081895763385	0.0
chr10:100451428	1_h	0	0.000818306477534784	0.005256052013168677	0.0
chr10:100488594	4_lc	0	0.0008931146787532074	0.0064938592620501214	0.0
chr10:100488594	3_ec	0	0.00042090483735810695	0.004557268977335306	0.0
chr10:100488594	2_ad	0	0.0006995435670026731	0.007820965385846068	0.0
chr10:100488594	1_h	0	0.0009752737703829094	0.010856101639390615	0.0
chr10:100513965	4_lc	0	0.0010783180548445143	0.012003547519309047	0.0
chr10:100513965	3_ec	0	0.0006224166701998103	0.012962952478677932	0.0
chr10:100513965	2_ad	0	0.0005906665186345307	0.0023752986365196053	0.0
chr10:100513965	1_h	0	0.00104950624439275	0.01125652749092575	0.0
chr10:100523240	4_lc	0	0.0009290582515413599	0.007939984082075016	0.0
chr10:100523240	3_ec	0	0.0005618100954278554	0.0110773283976691	0.0
chr10:100523240	2_ad	0	0.0008275236235632191	0.01154143453371726	0.0
chr10:100523240	1_h	0	0.00104963087721468	0.011782362273799935	0.0
chr10:100523321	4_lc	0	0.0009519487974605324	0.008477962543198101	0.0
chr10:100523321	3_ec	0	0.00038727252484934793	0.0016799716381215896	0.0
chr10:100523321	2_ad	0	0.0007585167087537114	0.009720925158084376	0.0
chr10:100523321	1_h	0	0.0008778370741583355	0.008270020630624127	0.0
chr10:100540459	4_lc	0	0.000977022476137062	0.009173070085878376	0.0
chr10:100540459	3_ec	0	0.0004568053885062688	0.008232666432484294	0.0
chr10:100540459	2_ad	0	0.0009091737144315618	0.0139453004264185	0.0
chr10:100540459	1_h	0	0.0008259815386025512	0.0058764216120527095	0.0
chr10:100541729	4_lc	0	0.0009713849846777697	0.011626060626237755	0.0
chr10:100541729	3_ec	0	0.0003774063960655018	0.000890958131830297	0.0
chr10:100541729	2_ad	0	0.0006612361929035792	0.00909947716553984	0.0
chr10:100541729	1_h	0	0.001044849598450257	0.011166500821467567	0.0
chr10:100541761	4_lc	0	0.0009447329991949808	0.008243779461068048	0.0
chr10:100541761	3_ec	0	0.00041693184149597365	0.0042071228121981176	0.0
chr10:100541761	2_ad	0	0.000653888347129526	0.006341020115678201	0.0
chr10:100541761	1_h	0	0.0010198458638163272	0.010748433584487274	0.0
chr10:100541806	4_lc	0	0.0008718950285519337	0.006135221501003983	0.0
chr10:100541806	3_ec	0	0.00043866950301956403	0.005363695018855584	0.0
chr10:100541806	2_ad	0	0.0006644516817998673	0.006789815030801205	0.0
chr10:100541806	1_h	0	0.0008342004577754665	0.0058343446046041254	0.0
chr10:100544978	4_lc	0	0.0009089592591594798	0.0071851497271113	0.0
chr10:100544978	3_ec	0	0.0005162735036091391	0.010477041568472213	0.0
chr10:100544978	2_ad	0	0.0005975592748003692	0.002980254643240694	0.0
chr10:100544978	1_h	0	0.0009232362089001281	0.00831983247413007	0.0
chr10:100554526	4_lc	0	0.000973625601032791	0.009502730018782017	0.0
chr10:100554526	3_ec	0	0.00043452834072563737	0.006257262361544005	0.0
chr10:100554526	2_ad	0	0.0007757002357223368	0.012394178533104355	0.0
chr10:100554526	1_h	0	0.0009395631292929146	0.010668415641580638	0.0
chr10:100568831	4_lc	0	0.0009671604750648239	0.009178764976497732	0.0
chr10:100568831	3_ec	0	0.00042446875142773194	0.005292413297697603	0.0
chr10:100568831	2_ad	0	0.0007709476202038063	0.012150798562977827	0.0
chr10:100568831	1_h	0	0.0008156703820513856	0.00499481776338431	0.0
chr10:100572117	4_lc	0	0.0009474582291739557	0.00842165322528357	0.0
chr10:100572117	3_ec	0	0.0004902457808612213	0.008340217320012767	0.0
chr10:100572117	2_ad	0	0.0006479035222172152	0.007767408678382587	0.0
chr10:100572117	1_h	0	0.0008745932606811685	0.0073503268291388495	0.0
chr10:100575803	4_lc	0	0.0009226765348714413	0.007980091884053138	0.0
chr10:100575803	3_ec	0	0.00046360845190122354	0.009188121404791883	0.0
chr10:100575803	2_ad	0	0.0006313295865859467	0.006183090797912837	0.0
chr10:100575803	1_h	0	0.0008942782890080927	0.009609236685691462	0.0
chr10:100603521	4_lc	0	0.0008907795531857032	0.0064260868922696385	0.0
chr10:100603521	3_ec	0	0.000381841551803126	0.0011915235857734275	0.0
chr10:100603521	2_ad	0	0.0008067885021498727	0.011237787559050647	0.0
chr10:100603521	1_h	0	0.0008835317863724495	0.008875715179977518	0.0
chr10:100610640	4_lc	0	0.0010708897418687242	0.013281561132728395	0.0
chr10:100610640	3_ec	0	0.00045824740256084507	0.006219095276711601	0.0
chr10:100610640	2_ad	0	0.0006466166287921419	0.007595052851086421	0.0
chr10:100610640	1_h	0	0.000809618136223972	0.00501111227610523	0.0
chr10:105842702	4_lc	0	0.0009525664281842225	0.008419052947584734	0.0
chr10:105842702	3_ec	0	0.00045371647748149526	0.00641947983506161	0.0
chr10:105842702	2_ad	0	0.0006306326911428099	0.005979636028672169	0.0
chr10:105842702	1_h	0	0.0008573755526708787	0.009365447364328506	0.0
chr10:119985534	4_lc	3	0.0025652121177179572	0.008203448670821433	0.0
chr10:119985534	3_ec	3	0.5371330443987643	0.055437149519659855	0.5
chr10:119985534	2_ad	3	0.003832830376881379	0.007050089949028296	0.0
chr10:119985534	1_h	3	0.002984366477937801	0.006109060376387599	0.0
chr10:121266896	4_lc	3	0.0025090272889825497	0.003381842458100801	0.0
chr10:121266896	3_ec	3	0.5373298550563828	0.05399627641168984	0.5
chr10:121266896	2_ad	3	0.003837411581050933	0.007429335018297105	0.0
chr10:121266896	1_h	3	0.003020275708433066	0.008694277270547989	0.0
chr10:121601341	4_lc	3	0.0025101235210701228	0.004400874192103036	0.0
chr10:121601341	3_ec	3	0.5346626376355216	0.06545009353000103	0.42696629213483145
chr10:121601341	2_ad	3	0.0037578358809668084	0.0043396695741490495	0.0
chr10:121601341	1_h	3	0.0029841342282399866	0.006697240938638499	0.0
chr10:121667584	4_lc	3	0.0025759713197464327	0.00934859367000857	0.0
chr10:121667584	3_ec	3	0.5370219051665559	0.05520759633422721	0.5
chr10:121667584	2_ad	3	0.003786101651418906	0.004474273915901319	0.0
chr10:121667584	1_h	3	0.0029802848382966883	0.0058273869610914785	0.0
chr10:121667639	4_lc	3	0.0025089698313449154	0.0036676747999652747	0.0
chr10:121667639	3_ec	3	0.5366624374472478	0.05715739439159697	0.5
chr10:121667639	2_ad	3	0.003804092207094922	0.005926447033920254	0.0
chr10:121667639	1_h	3	0.0029505435881965717	0.0038547744076212025	0.0
chr10:121677356	4_lc	3	0.0025788423661139556	0.009678741097631156	0.0
chr10:121677356	3_ec	3	0.5367419036270077	0.056626749448892635	0.5
chr10:121677356	2_ad	3	0.0038241634901394314	0.006925287884613532	0.0
chr10:121677356	1_h	3	0.0029969593106507213	0.007209532160393716	0.0
chr10:127003427	4_lc	3	0.002580001747876259	0.009466527719454939	0.0
chr10:127003427	3_ec	3	0.5373075567133017	0.05382414111744673	0.5
chr10:127003427	2_ad	3	0.0037897871061996647	0.004516467379255396	0.0
chr10:127003427	1_h	3	0.002982561676474664	0.0058124014981412635	0.0
chr10:127033026	4_lc	3	0.0025742508283273205	0.009136296350698282	0.0
chr10:127033026	3_ec	3	0.5366747400134102	0.057076599226364925	0.5
chr10:127033026	2_ad	3	0.00378810606627299	0.004672125846023531	0.0
chr10:127033026	1_h	3	0.0029720583245380497	0.004993433616200506	0.0
chr10:127080762	4_lc	3	0.002498848468001651	0.008226713574918559	0.0
chr10:127080762	3_ec	3	0.5199048634825193	0.10818024435652515	0.30327868852459017
chr10:127080762	2_ad	3	0.0036810783830472887	0.00441892258739063	0.0
chr10:127080762	1_h	3	0.0029395312586972954	0.008869527645591515	0.0
chr10:127174816	4_lc	3	0.0025602431879095605	0.007651765076845075	0.0
chr10:127174816	3_ec	3	0.5369255373236987	0.055789432431707864	0.5
chr10:127174816	2_ad	3	0.003802753128526909	0.005084037654641755	0.0
chr10:127174816	1_h	3	0.00301928203609037	0.009148364841512645	0.0
chr10:127175011	4_lc	3	0.002590262367106889	0.00969068459489523	0.0
chr10:127175011	3_ec	3	0.5371292393844556	0.054748443787851056	0.5
chr10:127175011	2_ad	3	0.0037885540619221397	0.0044581151983606945	0.0
chr10:127175011	1_h	3	0.0030131753158372265	0.008639182294967712	0.0
chr10:127242712	4_lc	3	0.002512691680068452	0.003467118281938777	0.0
chr10:127242712	3_ec	3	0.5369892617253147	0.055407979955169516	0.5
chr10:127242712	2_ad	3	0.0038629311090696192	0.008537341357160158	0.0
chr10:127242712	1_h	3	0.003022113255289665	0.009005074260623419	0.0
chr10:127310081	4_lc	3	0.0025165654589314624	0.0036444440479761575	0.0
chr10:127310081	3_ec	3	0.5367216849953921	0.05666631171879493	0.5
chr10:127310081	2_ad	3	0.003835812365996432	0.0075377256706624885	0.0
chr10:127310081	1_h	3	0.003031557356147964	0.010350344975635657	0.0
chr10:127337039	4_lc	3	0.0025191154312554746	0.003986895695798052	0.0
chr10:127337039	3_ec	3	0.5368280020805621	0.0568009606930538	0.5
chr10:127337039	2_ad	3	0.0038655411529824137	0.010293699604000003	0.0
chr10:127337039	1_h	3	0.0029432167966069803	0.0036858628542712733	0.0
chr10:127338481	4_lc	3	0.002556179924187117	0.0074152465498775405	0.0
chr10:127338481	3_ec	3	0.5371721098519258	0.05449970351905907	0.5
chr10:127338481	2_ad	3	0.0037789496790088927	0.004393347900217464	0.0
chr10:127338481	1_h	3	0.002979614541234363	0.005757400774874823	0.0
chr10:127519393	4_lc	3	0.0025498200480488526	0.007506312289913322	0.0
chr10:127519393	3_ec	3	0.5350515940108299	0.06363547980914235	0.43832599118942733
chr10:127519393	2_ad	3	0.0038474741110037904	0.009950905240242997	0.0
chr10:127519393	1_h	3	0.002990889174660375	0.0066100446507309585	0.0
chr10:127521031	4_lc	3	0.002509201631799233	0.0037972106192592676	0.0
chr10:127521031	3_ec	3	0.5357764522761247	0.06093290648583664	0.44924406047516197
chr10:127521031	2_ad	3	0.0037770338290866535	0.00443468467199377	0.0
chr10:127521031	1_h	3	0.0029800711367795173	0.005919812204998756	0.0
chr10:127742253	4_lc	3	0.0025337649932763166	0.005539527534835368	0.0
chr10:127742253	3_ec	3	0.5371175838877957	0.055439267367421635	0.5
chr10:127742253	2_ad	3	0.0038322033146110956	0.007320485268503153	0.0
chr10:127742253	1_h	3	0.0029787034983442774	0.005897074358315619	0.0
chr10:127742453	4_lc	3	0.0025753643802389763	0.009151484588788934	0.0
chr10:127742453	3_ec	3	0.5368008979454714	0.05613247217433269	0.5
chr10:127742453	2_ad	3	0.003795549446553419	0.004778987636178254	0.0
chr10:127742453	1_h	3	0.002987765997127947	0.0064725206977189805	0.0
chr10:127813546	4_lc	3	0.0025438129745636536	0.00589275400868069	0.0
chr10:127813546	3_ec	3	0.5365278102657774	0.05756707943702928	0.5
chr10:127813546	2_ad	3	0.003786717050984879	0.004565709305374975	0.0
chr10:127813546	1_h	3	0.0029512127164053655	0.003950988068984046	0.0
chr10:127866821	4_lc	3	0.002582130317136908	0.01010181901987619	0.0
chr10:127866821	3_ec	3	0.5371297519527024	0.05453248109660092	0.5
chr10:127866821	2_ad	3	0.0037888745244140246	0.004624991168278174	0.0
chr10:127866821	1_h	3	0.003015206933195378	0.008528986141385166	0.0
chr10:128209385	4_lc	3	0.0025124669562087616	0.0036725603251174708	0.0
chr10:128209385	3_ec	3	0.5372245063917997	0.054354902401042876	0.5
chr10:128209385	2_ad	3	0.0038565060416095166	0.00911136345815322	0.0
chr10:128209385	1_h	3	0.003039000968751152	0.010439613242310153	0.0
chr10:58231225	4_lc	0	0.0009113626627413558	0.007297029905896698	0.0
chr10:58231225	3_ec	0	0.0004769027942007621	0.007368391880700749	0.0
chr10:58231225	2_ad	0	0.0007368777060108353	0.009426991116062579	0.0
chr10:58231225	1_h	0	0.0010350056477160723	0.011217124870677418	0.0
chr10:58231226	4_lc	0	0.0009546731905277435	0.008583022844737399	0.0
chr10:58231226	3_ec	0	0.0006160965138075871	0.01219319865477714	0.0
chr10:58231226	2_ad	0	0.0006441274120297359	0.005813416858159983	0.0
chr10:58231226	1_h	0	0.001067911843571989	0.011687100401177614	0.0
chr10:58231344	4_lc	1	0.5630774620487613	0.08095356200748421	0.5
chr10:58231344	3_ec	1	0.5584835042104984	0.08340591682772236	0.5
chr10:58231344	2_ad	1	0.5479641634133602	0.058162956916524886	0.5
chr10:58231344	1_h	1	0.5461941494740306	0.06230274722838201	0.5
chr10:58231793	4_lc	5	0.4744258171923105	0.17908460366650553	0.175
chr10:58231793	3_ec	5	0.0022402127888915	0.008646482281251124	0.0
chr10:58231793	2_ad	5	0.0019571370553371496	0.005966335812128793	0.0
chr10:58231793	1_h	5	0.0017472916063472428	0.006383701446424087	0.0
chr10:58231924	4_lc	0	0.0008842957975090764	0.0062656309089201044	0.0
chr10:58231924	3_ec	0	0.0003868006419479561	0.0016807682237479213	0.0
chr10:58231924	2_ad	0	0.0006740859735378299	0.007440963657518525	0.0
chr10:58231924	1_h	0	0.000836065916423242	0.00734002547229039	0.0
chr10:58231988	4_lc	0	0.0012425942259770904	0.0073899408212188	0.0
chr10:58231988	3_ec	0	0.10608606835195035	0.2127896051293189	0.05172413793103448
chr10:58231988	2_ad	0	0.0014784074483786011	0.012738558554651606	0.0
chr10:58231988	1_h	0	0.0013949540848973545	0.011086344218123692	0.0
chr10:82492194	4_lc	0	0.001004473349810467	0.01031190484333885	0.0
chr10:82492194	3_ec	0	0.0004621716930125103	0.00896508895403635	0.0
chr10:82492194	2_ad	0	0.0008294268979102778	0.013565813359716747	0.0
chr10:82492194	1_h	0	0.0008493986364590648	0.006548344187424015	0.0
chr10:82638847	4_lc	0	0.0009829500002274947	0.010020439203676328	0.0
chr10:82638847	3_ec	0	0.0004458803651949295	0.007414498581144206	0.0
chr10:82638847	2_ad	0	0.000712724629742561	0.00845083728700009	0.0
chr10:82638847	1_h	0	0.0007739595641131887	0.002867155994536182	0.0
chr10:82647345	4_lc	0	0.0008946271745445443	0.006546288390345053	0.0
chr10:82647345	3_ec	0	0.000379724766385426	0.001084073756197677	0.0
chr10:82647345	2_ad	0	0.0007402506736456138	0.00996748532706845	0.0
chr10:82647345	1_h	0	0.00084694735664877	0.0064509406447706644	0.0
chr10:82670307	4_lc	0	0.0009434070423036981	0.009387521613303555	0.0
chr10:82670307	3_ec	0	0.00045097394358646257	0.007858062320976484	0.0
chr10:82670307	2_ad	0	0.0007080918540916085	0.009973560053584875	0.0
chr10:82670307	1_h	0	0.000957494488447839	0.009932939565614921	0.0
chr10:83508124	4_lc	0	0.0008861387013377349	0.006306694630688505	0.0
chr10:83508124	3_ec	0	0.0004959323662500006	0.008980392171476564	0.0
chr10:83508124	2_ad	0	0.0006773074629612948	0.007650909973648784	0.0
chr10:83508124	1_h	0	0.0008259414395732646	0.0063931624595098754	0.0
chr10:86467097	4_lc	0	0.0009594657005636685	0.008915480705565556	0.0
chr10:86467097	3_ec	0	0.00046553709179866874	0.009305935223492292	0.0
chr10:86467097	2_ad	0	0.0006512662574403034	0.006153103990143775	0.0
chr10:86467097	1_h	0	0.0009133929967365982	0.008958579405044596	0.0
chr10:86691704	4_lc	0	0.0009177442787351548	0.007677903608143528	0.0
chr10:86691704	3_ec	0	0.0004282837556135943	0.0056978628908390125	0.0
chr10:86691704	2_ad	0	0.0006841282721194795	0.008169868151650427	0.0
chr10:86691704	1_h	0	0.0008444062570757072	0.008107535690008718	0.0
chr10:86731086	4_lc	0	0.0009464672605938747	0.008210865917552433	0.0
chr10:86731086	3_ec	0	0.0004273761053865066	0.005277742878641145	0.0
chr10:86731086	2_ad	0	0.0006624314628317341	0.006759840532549119	0.0
chr10:86731086	1_h	0	0.0009132143289734936	0.011030500126021227	0.0
chr10:86776504	4_lc	0	0.0009788931186691862	0.00973548316753888	0.0
chr10:86776504	3_ec	0	0.0003754071572459914	0.0008108423140460237	0.0
chr10:86776504	2_ad	0	0.0007697255892112605	0.010111162783930342	0.0
chr10:86776504	1_h	0	0.0008687425114726502	0.007835153659451406	0.0
chr10:86776652	4_lc	0	0.0009363512554725882	0.008932119016348055	0.0
chr10:86776652	3_ec	0	0.0004060571020965371	0.0035063767278747295	0.0
chr10:86776652	2_ad	0	0.000649191278156567	0.006054528684074823	0.0
chr10:86776652	1_h	0	0.0008036383912423373	0.004482172461404241	0.0
chr10:86776664	4_lc	0	0.0009184184123632067	0.007709187819897122	0.0
chr10:86776664	3_ec	0	0.0004364576018933416	0.0064608937768221445	0.0
chr10:86776664	2_ad	0	0.0008451143103500124	0.011998468405633355	0.0
chr10:86776664	1_h	0	0.0008618640671646215	0.006913351650816738	0.0
chr10:86779267	4_lc	0	0.0009719809010118575	0.009404673639804774	0.0
chr10:86779267	3_ec	0	0.0004435127381181027	0.007176588162529544	0.0
chr10:86779267	2_ad	0	0.0006815978449779536	0.007962014392909235	0.0
chr10:86779267	1_h	0	0.0008893114246396367	0.007742566891535589	0.0
chr10:86848120	4_lc	0	0.0010064177486462447	0.010854450891267024	0.0
chr10:86848120	3_ec	0	0.00046303450206917765	0.00890096248292273	0.0
chr10:86848120	2_ad	0	0.0006324604342154231	0.005783911482961671	0.0
chr10:86848120	1_h	0	0.0008246966576397984	0.005445941042051502	0.0
chr10:86850628	4_lc	0	0.0008791781350633842	0.006183552503909758	0.0
chr10:86850628	3_ec	0	0.0003876046502574462	0.0017452986251227686	0.0
chr10:86850628	2_ad	0	0.0006456277730280993	0.0076357830478004105	0.0
chr10:86850628	1_h	0	0.0008697662916180468	0.007801665345757602	0.0
chr10:86850851	4_lc	0	0.0009492303660530778	0.009879589432502847	0.0
chr10:86850851	3_ec	0	0.0003990937271054268	0.002701991332097904	0.0
chr10:86850851	2_ad	0	0.0007732727850831488	0.012371240162767316	0.0
chr10:86850851	1_h	0	0.0010174899130236314	0.011688304385598258	0.0
chr10:86858183	4_lc	0	0.0009604609503487593	0.010773084623937982	0.0
chr10:86858183	3_ec	0	0.0004339467431850657	0.004888519314379571	0.0
chr10:86858183	2_ad	0	0.0006256775885310536	0.005680479211005183	0.0
chr10:86858183	1_h	0	0.0008586395656025073	0.00705916242407981	0.0
chr10:86865017	4_lc	0	0.0009816534072204072	0.011758852100360595	0.0
chr10:86865017	3_ec	0	0.0005153402660916464	0.01049848553583215	0.0
chr10:86865017	2_ad	0	0.0005877895617766581	0.0021756245999123252	0.0
chr10:86865017	1_h	0	0.0009002858709519924	0.009692971023957662	0.0
chr10:86872653	4_lc	0	0.0009211790055354633	0.007892109557661975	0.0
chr10:86872653	3_ec	0	0.0004466201752125329	0.007522873100466785	0.0
chr10:86872653	2_ad	0	0.0007161663354167012	0.008555859124063314	0.0
chr10:86872653	1_h	0	0.0007945647775539033	0.003849568058873502	0.0
chr10:86872728	4_lc	0	0.0009758172972718797	0.009584230843458963	0.0
chr10:86872728	3_ec	0	0.0004420112425956726	0.006996798567822441	0.0
chr10:86872728	2_ad	0	0.0006251524662428012	0.005588716804750673	0.0
chr10:86872728	1_h	0	0.0009097523460112484	0.008647687748048166	0.0
chr10:86873894	4_lc	0	0.0009440516412467549	0.00881074916885537	0.0
chr10:86873894	3_ec	0	0.0004495016581551155	0.007546951255656161	0.0
chr10:86873894	2_ad	0	0.0006580790765030882	0.008690979417408446	0.0
chr10:86873894	1_h	0	0.001008593278439889	0.010951845632850718	0.0
chr10:86897981	4_lc	0	0.00093279987489142	0.008623922923719746	0.0
chr10:86897981	3_ec	0	0.0004439181470208359	0.005600574255732544	0.0
chr10:86897981	2_ad	0	0.0007161029008340546	0.008623539039027506	0.0
chr10:86897981	1_h	0	0.0008792123480724328	0.008441504778486531	0.0
chr10:86905631	4_lc	0	0.000990099111523615	0.009780296339859098	0.0
chr10:86905631	3_ec	0	0.00044542045396482333	0.007346064439660406	0.0
chr10:86905631	2_ad	0	0.000580246393776278	0.0017520250519847895	0.0
chr10:86905631	1_h	0	0.0008669945340075687	0.00754295952189084	0.0
chr10:86933327	4_lc	0	0.0008789924841109306	0.0061779895521886135	0.0
chr10:86933327	3_ec	0	0.0004564980410107139	0.00846120191042481	0.0
chr10:86933327	2_ad	0	0.0005940693257267147	0.002652898379901269	0.0
chr10:86933327	1_h	0	0.0008605142151156455	0.006893712713705688	0.0
chr10:86938052	4_lc	0	0.0009473353079298425	0.009750534141242584	0.0
chr10:86938052	3_ec	0	0.00045809010667562154	0.008631557883081006	0.0
chr10:86938052	2_ad	0	0.0007086899702008382	0.008318844685532753	0.0
chr10:86938052	1_h	0	0.0008950386040563286	0.009642508783904583	0.0
chr10:86969772	4_lc	0	0.0008861857739444355	0.0063041288432216045	0.0
chr10:86969772	3_ec	0	0.00044899574423242096	0.0055201827764231335	0.0
chr10:86969772	2_ad	0	0.000628744629088387	0.005817342364442488	0.0
chr10:86969772	1_h	0	0.0008157892015294407	0.005402084613211657	0.0
chr10:86979990	4_lc	0	0.0010017867126580762	0.010542300967800955	0.0
chr10:86979990	3_ec	0	0.0003918735033168487	0.001953628767457685	0.0
chr10:86979990	2_ad	0	0.0006600853472308519	0.008944989523471437	0.0
chr10:86979990	1_h	0	0.0008324214556198786	0.00656212269209856	0.0
chr10:87165105	4_lc	0	0.0009640062163944137	0.011061681570394413	0.0
chr10:87165105	3_ec	0	0.00047138793882084775	0.007126148064634147	0.0
chr10:87165105	2_ad	0	0.0006998519400251018	0.00930428696401876	0.0
chr10:87165105	1_h	0	0.0009040982520087142	0.010464151988642936	0.0
chr10:87225901	4_lc	0	0.0010049349129295452	0.011402946305451033	0.0
chr10:87225901	3_ec	0	0.0004676659145591433	0.00951918240097011	0.0
chr10:87225901	2_ad	0	0.0007147630618807038	0.008495804773876499	0.0
chr10:87225901	1_h	0	0.0008887241010012792	0.007511557282438198	0.0
chr10:87226012	4_lc	0	0.0010005473650858332	0.011113835978693698	0.0
chr10:87226012	3_ec	0	0.0004572738586874105	0.008576804829436456	0.0
chr10:87226012	2_ad	0	0.0007044220147790831	0.009696202147164516	0.0
chr10:87226012	1_h	0	0.0008373361308791143	0.007447893351948653	0.0
chr10:88091308	4_lc	0	0.0010141413250117038	0.010359590374458522	0.0
chr10:88091308	3_ec	0	0.00040899816433210575	0.003742508139399588	0.0
chr10:88091308	2_ad	0	0.0006157936947751684	0.00468232633275516	0.0
chr10:88091308	1_h	0	0.0007720624715658795	0.0028517911195434856	0.0
chr10:88093169	4_lc	0	0.0008963162281768187	0.006617352803674149	0.0
chr10:88093169	3_ec	0	0.00041417565308870543	0.00428268104483436	0.0
chr10:88093169	2_ad	0	0.0006556896604579375	0.006419002509540746	0.0
chr10:88093169	1_h	0	0.0008477113527140279	0.008422865860699178	0.0
chr10:88133128	4_lc	0	0.0010126723871771539	0.012009128356723893	0.0
chr10:88133128	3_ec	0	0.00046641957331170625	0.009426757910492228	0.0
chr10:88133128	2_ad	0	0.0005910856943973938	0.002443424924691812	0.0
chr10:88133128	1_h	0	0.0009383270912406221	0.010399217929349912	0.0
chr10:88245799	4_lc	0	0.001014250214387343	0.012057993835889964	0.0
chr10:88245799	3_ec	0	0.0003830701726865251	0.0013024111902910705	0.0
chr10:88245799	2_ad	0	0.0006303018073154284	0.005520760397653474	0.0
chr10:88245799	1_h	0	0.0008808079560592273	0.007321998240507028	0.0
chr10:88778418	4_lc	0	0.0009766609372298305	0.00926070232437612	0.0
chr10:88778418	3_ec	0	0.0004564539092016588	0.00604253054711884	0.0
chr10:88778418	2_ad	0	0.0006868824473019006	0.007438854295070566	0.0
chr10:88778418	1_h	0	0.0008737736207189946	0.010391955769748233	0.0
chr10:88926259	4_lc	0	0.0008865022627784305	0.006320765621355001	0.0
chr10:88926259	3_ec	0	0.00044169406470017904	0.005786759247038932	0.0
chr10:88926259	2_ad	0	0.0008242713734741468	0.011549980482016586	0.0
chr10:88926259	1_h	0	0.000861790393742471	0.007080706008530187	0.0
chr10:89480555	4_lc	0	0.0010247427333615682	0.010819617843076666	0.0
chr10:89480555	3_ec	0	0.0004496444902939034	0.0075106197405455	0.0
chr10:89480555	2_ad	0	0.0008925234933493439	0.013057351670687934	0.0
chr10:89480555	1_h	0	0.0013350918597809908	0.016758677109179082	0.0
chr10:89483407	4_lc	0	0.0009637000543223072	0.011095024635143499	0.0
chr10:89483407	3_ec	0	0.00044070191038919767	0.006874133927397621	0.0
chr10:89483407	2_ad	0	0.0007754450185085429	0.010417666389664886	0.0
chr10:89483407	1_h	0	0.0008743886148504067	0.007484918838311397	0.0
chr10:89506533	4_lc	0	0.0009119102165546629	0.007339702450388405	0.0
chr10:89506533	3_ec	0	0.0004675256697986015	0.006818558957081402	0.0
chr10:89506533	2_ad	0	0.0006844776487073983	0.008173164775049922	0.0
chr10:89506533	1_h	0	0.0008144144778921268	0.004759587406106615	0.0
chr10:89717207	4_lc	0	0.0009143587516427018	0.007068878174964607	0.0
chr10:89717207	3_ec	0	0.00044583549998368683	0.007196710157896079	0.0
chr10:89717207	2_ad	0	0.0006599270816721592	0.006637215698926725	0.0
chr10:89717207	1_h	0	0.0008799097640848121	0.007462107578339608	0.0
chr10:89805511	4_lc	0	0.0009374905755780467	0.007952817786701982	0.0
chr10:89805511	3_ec	0	0.00041225144218383207	0.004040048914806142	0.0
chr10:89805511	2_ad	0	0.0006458911368454882	0.005700893462180757	0.0
chr10:89805511	1_h	0	0.0009078870669555025	0.008573352242376283	0.0
chr10:89805549	4_lc	0	0.0009261827759978848	0.00768798516501234	0.0
chr10:89805549	3_ec	0	0.00040829912081767324	0.0035193099358362245	0.0
chr10:89805549	2_ad	0	0.0006603863055757646	0.008986986546910117	0.0
chr10:89805549	1_h	0	0.0008300635167724735	0.005383619323327265	0.0
chr10:89808612	4_lc	0	0.0009357606058810193	0.008889284277243859	0.0
chr10:89808612	3_ec	0	0.0003780603489621881	0.0009776586176630897	0.0
chr10:89808612	2_ad	0	0.0006883917798955486	0.00852157365517338	0.0
chr10:89808612	1_h	0	0.0007934105442617329	0.003782250264555677	0.0
chr10:91083278	4_lc	0	0.0008972204168819858	0.006484187935078172	0.0
chr10:91083278	3_ec	0	0.00043355140053848504	0.005977474899032619	0.0
chr10:91083278	2_ad	0	0.000632572902153838	0.005217352641090082	0.0
chr10:91083278	1_h	0	0.0008606957640566984	0.006877886214440858	0.0
chr10:91095828	4_lc	0	0.0009206244764217061	0.007877671858139522	0.0
chr10:91095828	3_ec	0	0.0004306072668773754	0.005911359577441884	0.0
chr10:91095828	2_ad	0	0.0007189294817192948	0.01115653474136106	0.0
chr10:91095828	1_h	0	0.0008999395256856765	0.009955413688437177	0.0
chr10:91095986	4_lc	0	0.0008834900495148345	0.006220637984273008	0.0
chr10:91095986	3_ec	0	0.0004425292617003491	0.005114797635916196	0.0
chr10:91095986	2_ad	0	0.000629790408090535	0.004426559852988219	0.0
chr10:91095986	1_h	0	0.0008310827629140272	0.005666080442268436	0.0
chr10:91096507	4_lc	0	0.0009196313622144699	0.007800638546306021	0.0
chr10:91096507	3_ec	0	0.00040514154410360394	0.0033643165656671746	0.0
chr10:91096507	2_ad	0	0.000589163177965295	0.002321383787636743	0.0
chr10:91096507	1_h	0	0.0008796146306328418	0.007204274548172239	0.0
chr10:91102056	4_lc	0	0.0009723373199568892	0.011698436083908019	0.0
chr10:91102056	3_ec	0	0.0005021868575612743	0.008250641196690644	0.0
chr10:91102056	2_ad	0	0.0007000561029839703	0.007681195524889734	0.0
chr10:91102056	1_h	0	0.0009872739740431993	0.010097077541682336	0.0
chr10:92691895	4_lc	0	0.0009006949310414928	0.006757427184751896	0.0
chr10:92691895	3_ec	0	0.0005007834515854291	0.009284895493962182	0.0
chr10:92691895	2_ad	0	0.0007286078977288622	0.00918966055002848	0.0
chr10:92691895	1_h	0	0.0009585539290883023	0.009966976247226214	0.0
chr10:93265081	4_lc	0	0.0010488549385417579	0.010972552171658604	0.0
chr10:93265081	3_ec	0	0.00044019833549618844	0.005063062762568922	0.0
chr10:93265081	2_ad	0	0.0006761287587187491	0.00763290068307673	0.0
chr10:93265081	1_h	0	0.0008196762842130238	0.005098679349813719	0.0
chr10:93265185	4_lc	0	0.0009927459634851044	0.01058927179782843	0.0
chr10:93265185	3_ec	0	0.0003910188314586848	0.0020644693226646096	0.0
chr10:93265185	2_ad	0	0.0007002754803183106	0.009423618620194533	0.0
chr10:93265185	1_h	0	0.0008437319875534092	0.008010528691398571	0.0
chr10:93265293	4_lc	0	0.0010263068937531763	0.011019200871107125	0.0
chr10:93265293	3_ec	0	0.0003816228380298478	0.0011492722976148115	0.0
chr10:93265293	2_ad	0	0.0006992192634089136	0.0092436655960441	0.0
chr10:93265293	1_h	0	0.0008609169532793168	0.00701733375279627	0.0
chr10:93474948	4_lc	0	0.0009631463893014617	0.00897350708354693	0.0
chr10:93474948	3_ec	0	0.0004612813300498415	0.006491445944702469	0.0
chr10:93474948	2_ad	0	0.0006254013485054705	0.005363551473844369	0.0
chr10:93474948	1_h	0	0.0008477782452946062	0.006281939212691426	0.0
chr10:93484722	4_lc	0	0.0008908577193480971	0.006406205667182636	0.0
chr10:93484722	3_ec	0	0.000423827956279102	0.0051449515770505124	0.0
chr10:93484722	2_ad	0	0.0007647560624522636	0.011634062718320015	0.0
chr10:93484722	1_h	0	0.0009585753542652475	0.009938424310105469	0.0
chr10:93567732	4_lc	0	0.0009420353224055678	0.009342233999411432	0.0
chr10:93567732	3_ec	0	0.0004319001310121948	0.006057559411061731	0.0
chr10:93567732	2_ad	0	0.0007103897956393687	0.010245175800899613	0.0
chr10:93567732	1_h	0	0.0008332789274277568	0.007072152765851498	0.0
chr10:93734207	4_lc	0	0.0009213472303947903	0.007916154776199837	0.0
chr10:93734207	3_ec	0	0.00041807360799210087	0.0046695260385191464	0.0
chr10:93734207	2_ad	0	0.0007173710413322659	0.010700784537116308	0.0
chr10:93734207	1_h	0	0.000876794247447652	0.008150676652921926	0.0
chr10:93846041	4_lc	0	0.0009282795958241119	0.008355647626578833	0.0
chr10:93846041	3_ec	0	0.00040881580948597904	0.003779852942974057	0.0
chr10:93846041	2_ad	0	0.0006151724449549111	0.004662132137099976	0.0
chr10:93846041	1_h	0	0.0007990778634807719	0.004178110527922699	0.0
chr10:93846147	4_lc	0	0.0008950679387140292	0.006573168048861349	0.0
chr10:93846147	3_ec	0	0.00043662020809329924	0.0065023839220942296	0.0
chr10:93846147	2_ad	0	0.000573259689226138	0.0014466620484288456	0.0
chr10:93846147	1_h	0	0.0009365102885343512	0.010566634903260297	0.0
chr10:93846485	4_lc	0	0.0008894527815853011	0.006383326933433266	0.0
chr10:93846485	3_ec	0	0.0004824455325646245	0.007869186602182441	0.0
chr10:93846485	2_ad	0	0.0006865598753251272	0.007317804444920657	0.0
chr10:93846485	1_h	0	0.0008513120129965328	0.008747920828997764	0.0
chr10:93846678	4_lc	0	0.0009439423912623477	0.00949620168322098	0.0
chr10:93846678	3_ec	0	0.00040530649964932135	0.0034287253599404174	0.0
chr10:93846678	2_ad	0	0.0006430927033416761	0.007386869724222354	0.0
chr10:93846678	1_h	0	0.0008837736896034523	0.008814192157947645	0.0
chr10:93846720	4_lc	0	0.0009199207086728338	0.007820485600080827	0.0
chr10:93846720	3_ec	0	0.00040294650598801933	0.003183883637619669	0.0
chr10:93846720	2_ad	0	0.0008168725575611978	0.012623798938288485	0.0
chr10:93846720	1_h	0	0.0008673230680222918	0.007411183982363887	0.0
chr10:93847307	4_lc	0	0.0009489791154175555	0.009881669357169765	0.0
chr10:93847307	3_ec	0	0.00045746195820469955	0.00853946983370204	0.0
chr10:93847307	2_ad	0	0.0005920650357755496	0.00252840715524837	0.0
chr10:93847307	1_h	0	0.0008282811909227874	0.00576655618068122	0.0
chr10:93984320	4_lc	0	0.0009213564459161877	0.007351751889098505	0.0
chr10:93984320	3_ec	0	0.0005527674403239198	0.010576547970620418	0.0
chr10:93984320	2_ad	0	0.001176950238137864	0.018301278630664514	0.0
chr10:93984320	1_h	0	0.001515856327754593	0.018919097450562968	0.0
chr10:93984418	4_lc	0	0.0009152603672228651	0.0075327146476333665	0.0
chr10:93984418	3_ec	0	0.00038058032991588995	0.0011579115797610423	0.0
chr10:93984418	2_ad	0	0.0006008906986962568	0.0033308236315924104	0.0
chr10:93984418	1_h	0	0.0007895065976076843	0.0035331399356677545	0.0
chr10:93997017	4_lc	0	0.000931390812949574	0.008028273713193078	0.0
chr10:93997017	3_ec	0	0.00048090985918273967	0.00795837870238265	0.0
chr10:93997017	2_ad	0	0.0007719413853543795	0.012242177302265329	0.0
chr10:93997017	1_h	0	0.0009638016604944198	0.010321364472791588	0.0
chr10:94004034	4_lc	0	0.0009783046604545	0.009762158533714165	0.0
chr10:94004034	3_ec	0	0.0004623903727050818	0.008951493025100475	0.0
chr10:94004034	2_ad	0	0.0009831423662836627	0.015928271983455974	0.0
chr10:94004034	1_h	0	0.0010327529794923308	0.012346375765857598	0.0
chr10:94006961	4_lc	0	0.000998842120817594	0.0111002807467201	0.0
chr10:94006961	3_ec	0	0.0003966157052842223	0.0025545711623047086	0.0
chr10:94006961	2_ad	0	0.0008662857762586413	0.013473069495418015	0.0
chr10:94006961	1_h	0	0.0009377612063377309	0.008961119482277792	0.0
chr10:94043662	4_lc	0	0.0008985092848699359	0.006703375408350981	0.0
chr10:94043662	3_ec	0	0.0004020870753958283	0.003123367755119255	0.0
chr10:94043662	2_ad	0	0.0006901721547720108	0.008647161035914024	0.0
chr10:94043662	1_h	0	0.0008169814174332354	0.005619771985255769	0.0
chr10:94044070	4_lc	0	0.0009697552434612266	0.011579704953301476	0.0
chr10:94044070	3_ec	0	0.0004597675983524896	0.006332565170235829	0.0
chr10:94044070	2_ad	0	0.0007152325526614897	0.00861554511190027	0.0
chr10:94044070	1_h	0	0.0008221633585320637	0.0052244290381271785	0.0
chr10:94044142	4_lc	0	0.0009681735704018374	0.01143668933105521	0.0
chr10:94044142	3_ec	0	0.000464409538911688	0.009267876213066796	0.0
chr10:94044142	2_ad	0	0.0007163046522832928	0.010704966070249749	0.0
chr10:94044142	1_h	0	0.0008438380388912733	0.00608182153529525	0.0
chr10:94044388	4_lc	0	0.0009269520794728666	0.008267123450240053	0.0
chr10:94044388	3_ec	0	0.0004234369819614031	0.005187223165320813	0.0
chr10:94044388	2_ad	0	0.0006549785822561518	0.006471305963108139	0.0
chr10:94044388	1_h	0	0.0008606918762732499	0.006951395643828687	0.0
chr10:94044834	4_lc	0	0.0008828464818219997	0.0062408359518917505	0.0
chr10:94044834	3_ec	0	0.0004152920697951367	0.004403211953288715	0.0
chr10:94044834	2_ad	0	0.0006336375166848601	0.0058088712297445725	0.0
chr10:94044834	1_h	0	0.0009020361542665377	0.008259407329864443	0.0
chr10:94045194	4_lc	0	0.0009358535484829442	0.008073593721449729	0.0
chr10:94045194	3_ec	0	0.00040560960884863365	0.0033808433470180737	0.0
chr10:94045194	2_ad	0	0.0006632362253687166	0.006802708740175301	0.0
chr10:94045194	1_h	0	0.0008359384747406674	0.007281705754249394	0.0
chr10:94074205	4_lc	0	0.0011586544572975222	0.014393786199457312	0.0
chr10:94074205	3_ec	0	0.00043648644635091644	0.006331274579890201	0.0
chr10:94074205	2_ad	0	0.0006169208111200847	0.004755072888804974	0.0
chr10:94074205	1_h	0	0.0009368047793545831	0.010708001816481025	0.0
chr10:94163743	4_lc	0	0.0009276780020765189	0.008313428686357652	0.0
chr10:94163743	3_ec	0	0.0004440767850596251	0.007243454836203116	0.0
chr10:94163743	2_ad	0	0.0006583809734266643	0.008825141203609096	0.0
chr10:94163743	1_h	0	0.0009093520746941481	0.008626340441019379	0.0
chr10:94172021	4_lc	0	0.0009483094125740109	0.009837845105366042	0.0
chr10:94172021	3_ec	0	0.0004284286855973324	0.005709843602799756	0.0
chr10:94172021	2_ad	0	0.000721261675259199	0.011284091822233623	0.0
chr10:94172021	1_h	0	0.000882866818369901	0.00894900645292608	0.0
chr10:94172024	4_lc	0	0.0009634409594413398	0.008944347430090205	0.0
chr10:94172024	3_ec	0	0.0003810949753778727	0.0011598669300888435	0.0
chr10:94172024	2_ad	0	0.0005945901502328832	0.0027435355339940734	0.0
chr10:94172024	1_h	0	0.0008197801841009699	0.004922038063857028	0.0
chr11:12253960	4_lc	5	0.5395025141650697	0.04333770303353004	0.5
chr11:12253960	3_ec	5	0.0024545144439240257	0.006437117980477827	0.0
chr11:12253960	2_ad	5	0.0021550925218276518	0.008817546655438494	0.0
chr11:12253960	1_h	5	0.0018902676293905372	0.009292438030878144	0.0
chr11:14599447	4_lc	5	0.5386144634667368	0.04836929763925724	0.5
chr11:14599447	3_ec	5	0.00248689506163692	0.010027433448417339	0.0
chr11:14599447	2_ad	5	0.0021652435168993075	0.009908020031064725	0.0
chr11:14599447	1_h	5	0.0018210469469076606	0.003163318230310057	0.0
chr11:14600005	4_lc	5	0.5381797214285033	0.05066813442805923	0.47530864197530864
chr11:14600005	3_ec	5	0.002452809505816849	0.007190310295633808	0.0
chr11:14600005	2_ad	5	0.002078760723536138	0.002683490276732741	0.0
chr11:14600005	1_h	5	0.0018671325896758894	0.007684204997050428	0.0
chr11:17945963	4_lc	5	0.5392594478241421	0.04501575992015966	0.5
chr11:17945963	3_ec	5	0.00240764636295587	0.002480385394474336	0.0
chr11:17945963	2_ad	5	0.0020747782440595146	0.002380994800694939	0.0
chr11:17945963	1_h	5	0.001850832608522775	0.005841289373490463	0.0
chr11:17946041	4_lc	5	0.5391264943459543	0.04599652152711361	0.5
chr11:17946041	3_ec	5	0.002478550237249349	0.009075511564822393	0.0
chr11:17946041	2_ad	5	0.00212711978874793	0.0062550011287588305	0.0
chr11:17946041	1_h	5	0.0018945276115876566	0.009873892097726248	0.0
chr11:3133098	4_lc	1	0.5628518313539175	0.08022807507817048	0.5
chr11:3133098	3_ec	1	0.5592869984168034	0.08375616661873449	0.5
chr11:3133098	2_ad	1	0.5483846583405801	0.059457846305980715	0.5
chr11:3133098	1_h	1	0.5464494128407726	0.0629005332624514	0.5
chr11:3133133	4_lc	1	0.5629738770036671	0.08001477756094667	0.5
chr11:3133133	3_ec	1	0.5591398773283588	0.08390546613050213	0.5
chr11:3133133	2_ad	1	0.5484588016844335	0.05971910117588621	0.5
chr11:3133133	1_h	1	0.5467909145424951	0.06338183097632213	0.5
chr11:3134472	4_lc	1	0.5631862200305016	0.08028048581416729	0.5
chr11:3134472	3_ec	1	0.5585277886308475	0.08328577166625549	0.5
chr11:3134472	2_ad	1	0.5482750182703292	0.05840224238588563	0.5
chr11:3134472	1_h	1	0.5466661217048755	0.06293376318183147	0.5
chr11:3135671	4_lc	0	0.0009628965239425294	0.00888950034147562	0.0
chr11:3135671	3_ec	0	0.0004598388385744951	0.008775288448019634	0.0
chr11:3135671	2_ad	0	0.0007320822330714343	0.009452085318713136	0.0
chr11:3135671	1_h	0	0.0009139808579030511	0.00831164027159974	0.0
chr11:3136635	4_lc	1	0.56314836885103	0.08023919824365365	0.5
chr11:3136635	3_ec	1	0.5589325456344141	0.08343328634875809	0.49803149606299213
chr11:3136635	2_ad	1	0.5479686263893938	0.05876656537588813	0.5
chr11:3136635	1_h	1	0.5468884366426607	0.06289335510781834	0.5
chr11:3136657	4_lc	1	0.5629164938538237	0.0797154998672198	0.5
chr11:3136657	3_ec	1	0.5586628461226563	0.08348344314461476	0.5
chr11:3136657	2_ad	1	0.548090640545362	0.059531550043882504	0.5
chr11:3136657	1_h	1	0.5463096310595177	0.06267584140026845	0.5
chr11:3137013	4_lc	1	0.5628325885640522	0.07951411782825106	0.5
chr11:3137013	3_ec	1	0.5588236946938239	0.08351457638431316	0.5
chr11:3137013	2_ad	1	0.5482475433203047	0.058781256128047035	0.5
chr11:3137013	1_h	1	0.5465965245241244	0.062457023819551385	0.5
chr11:3137040	4_lc	1	0.5635494907024525	0.08127470258202886	0.5
chr11:3137040	3_ec	1	0.5589079809451222	0.08295488078191385	0.5
chr11:3137040	2_ad	1	0.5478575605081343	0.058330491312782645	0.5
chr11:3137040	1_h	1	0.5464496145864813	0.06203882240348426	0.5
chr11:3143747	4_lc	1	0.5627204118886001	0.07951067848347836	0.5
chr11:3143747	3_ec	1	0.5591325354415496	0.08385112485180557	0.5
chr11:3143747	2_ad	1	0.5478705522021102	0.05790067933089144	0.5
chr11:3143747	1_h	1	0.5463524193749525	0.06270024412434588	0.5
chr11:3156809	4_lc	1	0.5633953339669613	0.08044400498291376	0.5
chr11:3156809	3_ec	1	0.5590014796722705	0.08375435143498118	0.5
chr11:3156809	2_ad	1	0.548582127350729	0.058056050649971117	0.5
chr11:3156809	1_h	1	0.5466717686112087	0.06385269140926829	0.5
chr11:3157903	4_lc	1	0.5632619862266153	0.08016882611725562	0.5
chr11:3157903	3_ec	1	0.558724621112755	0.08373767999640913	0.5
chr11:3157903	2_ad	1	0.5480703509082189	0.05900134292422399	0.5
chr11:3157903	1_h	1	0.5462679392102183	0.06193654984024846	0.43458980044345896
chr11:3160122	4_lc	1	0.5630026431024224	0.08042217191896396	0.5
chr11:3160122	3_ec	1	0.5587650858032097	0.08329481283642055	0.5
chr11:3160122	2_ad	1	0.5480155220863133	0.05842553461286732	0.5
chr11:3160122	1_h	1	0.5463096766359641	0.06269218867417914	0.5
chr11:3160125	4_lc	1	0.5635404292308249	0.0805404649517186	0.5
chr11:3160125	3_ec	1	0.5591940659892738	0.08419443532623476	0.5
chr11:3160125	2_ad	1	0.5480152221380667	0.05867977560187706	0.5
chr11:3160125	1_h	1	0.5463053554755809	0.06242483038128915	0.5
chr11:3170601	4_lc	1	0.5631975286861868	0.08030556444831953	0.5
chr11:3170601	3_ec	1	0.5594744265723379	0.08433501082471613	0.5
chr11:3170601	2_ad	1	0.5477995157340521	0.05769596139883991	0.5
chr11:3170601	1_h	1	0.5465871094195173	0.06173669821960745	0.48588709677419356
chr11:3179430	4_lc	1	0.5630271813319763	0.08039384096653791	0.5
chr11:3179430	3_ec	1	0.5590180922004649	0.08357806293607259	0.5
chr11:3179430	2_ad	1	0.5479522773040378	0.058471148862688706	0.5
chr11:3179430	1_h	1	0.5465262632601773	0.06214741124356192	0.5
chr11:3187367	4_lc	1	0.5633017881957277	0.08090175554191938	0.5
chr11:3187367	3_ec	1	0.5589288601494179	0.08345581242660713	0.5
chr11:3187367	2_ad	1	0.5482866146028139	0.059155337523666036	0.5
chr11:3187367	1_h	1	0.5465128996777153	0.06258300992797605	0.5
chr11:3254620	4_lc	5	0.5385563242295183	0.04891165839233123	0.5
chr11:3254620	3_ec	5	0.002465535638705866	0.007897160727977017	0.0
chr11:3254620	2_ad	5	0.0021511890108825244	0.008659046371499156	0.0
chr11:3254620	1_h	5	0.0018634170075382556	0.005178063608019886	0.0
chr11:4435031	4_lc	5	0.5390287877193944	0.04666377653358566	0.5
chr11:4435031	3_ec	5	0.0024655308239260403	0.0078134045971135	0.0
chr11:4435031	2_ad	5	0.0020835241189491372	0.0027447203844946483	0.0
chr11:4435031	1_h	5	0.0018513249920070161	0.005680456814438268	0.0
chr11:4488107	4_lc	5	0.5390977490857818	0.045933713629208145	0.5
chr11:4488107	3_ec	5	0.0024089261065101423	0.002675916355302	0.0
chr11:4488107	2_ad	5	0.00209092410070881	0.0032092725099249976	0.0
chr11:4488107	1_h	5	0.0018948165689689578	0.010010083567070588	0.0
chr11:5281282	4_lc	5	0.5331778828635648	0.07209940484641066	0.35279187817258884
chr11:5281282	3_ec	5	0.0023822103941724	0.0024144684196220766	0.0
chr11:5281282	2_ad	5	0.002058692629952856	0.0023234228803547066	0.0
chr11:5281282	1_h	5	0.0017932265185133514	0.002257868119132236	0.0
chr11:5281389	4_lc	5	0.5367230333505598	0.05801130215329427	0.4230769230769231
chr11:5281389	3_ec	5	0.0023917362019584805	0.0020816840035332356	0.0
chr11:5281389	2_ad	5	0.0021070139550332153	0.004461248691148147	0.0
chr11:5281389	1_h	5	0.0018523515358488225	0.005770419972644241	0.0
chr11:5596752	4_lc	5	0.5388186432560993	0.047161115413326994	0.5
chr11:5596752	3_ec	5	0.0024051713114446273	0.0026445324978313428	0.0
chr11:5596752	2_ad	5	0.002101303295535848	0.004447011391270117	0.0
chr11:5596752	1_h	5	0.001857398251222563	0.006331166172337673	0.0
chr11:5607418	4_lc	5	0.5393053962558394	0.045240659491270326	0.5
chr11:5607418	3_ec	5	0.0024566198283901114	0.006417992962649978	0.0
chr11:5607418	2_ad	5	0.002171745105123494	0.009175895541099589	0.0
chr11:5607418	1_h	5	0.0018279109006194	0.0029448181193824853	0.0
chr11:5615561	4_lc	5	0.5334050799024742	0.07164605044872578	0.3560606060606061
chr11:5615561	3_ec	5	0.002447597097928153	0.008439081603045708	0.0
chr11:5615561	2_ad	5	0.0020725462291164153	0.002815005971427182	0.0
chr11:5615561	1_h	5	0.0018351164619311471	0.005407956214054092	0.0
chr11:5635233	4_lc	5	0.5388864829996908	0.047326430980430344	0.5
chr11:5635233	3_ec	5	0.002392836423829526	0.0018812436552051064	0.0
chr11:5635233	2_ad	5	0.0021049832881624214	0.0040690809408351234	0.0
chr11:5635233	1_h	5	0.0018830715483116119	0.008499391063737772	0.0
chr11:5635263	4_lc	5	0.5393116439009664	0.04470607425248893	0.5
chr11:5635263	3_ec	5	0.0024520387964424802	0.006490523359002791	0.0
chr11:5635263	2_ad	5	0.002086229044667174	0.002949217661721798	0.0
chr11:5635263	1_h	5	0.0018504021434985816	0.0055933865917952375	0.0
chr11:5862203	4_lc	5	0.5387649557791478	0.04781870040127338	0.5
chr11:5862203	3_ec	5	0.002413108393970506	0.0031817658158965175	0.0
chr11:5862203	2_ad	5	0.002167148936106149	0.01022855707047112	0.0
chr11:5862203	1_h	5	0.0018639685144974099	0.007083215775915983	0.0
chr11:5862393	4_lc	5	0.5389631998223878	0.046426562959930924	0.5
chr11:5862393	3_ec	5	0.002443552231164493	0.005971367002293639	0.0
chr11:5862393	2_ad	5	0.002124994485754427	0.005958159113512181	0.0
chr11:5862393	1_h	5	0.0018682074717106718	0.0074618159123365	0.0
chr11:6514873	4_lc	5	0.5388815572042709	0.04765094574776311	0.5
chr11:6514873	3_ec	5	0.0024457184555482197	0.0060618265918473534	0.0
chr11:6514873	2_ad	5	0.0021213789581736578	0.00578976244587321	0.0
chr11:6514873	1_h	5	0.0018223820929040683	0.003235388396663654	0.0
chr11:6600038	4_lc	5	0.5386773038250123	0.04843769378061849	0.5
chr11:6600038	3_ec	5	0.002406781634896467	0.002819196992759889	0.0
chr11:6600038	2_ad	5	0.0021600829955292344	0.00946224542079222	0.0
chr11:6600038	1_h	5	0.0018678572619895651	0.007361287945160421	0.0
chr11:6600161	4_lc	5	0.5392718189274798	0.045115877518525305	0.5
chr11:6600161	3_ec	5	0.0024749722689082375	0.008655032691750162	0.0
chr11:6600161	2_ad	5	0.0020894791319898335	0.0031273484529665547	0.0
chr11:6600161	1_h	5	0.0018727424922861217	0.007795877371315193	0.0
chr11:6600357	4_lc	5	0.5388662491674991	0.04753365025461294	0.5
chr11:6600357	3_ec	5	0.002441505171595725	0.005582472248206523	0.0
chr11:6600357	2_ad	5	0.0020992052134624723	0.0037706725915203076	0.0
chr11:6600357	1_h	5	0.00183574549917811	0.004378461138509154	0.0
chr11:6600714	4_lc	5	0.5390054192981042	0.04644929033026898	0.5
chr11:6600714	3_ec	5	0.002485825278839361	0.008671427229338622	0.0
chr11:6600714	2_ad	5	0.0021262808224334633	0.005933583860474105	0.0
chr11:6600714	1_h	5	0.0018408317371964853	0.003828252555356107	0.0
chr11:7198314	4_lc	5	0.5388369983866209	0.04720026604086587	0.5
chr11:7198314	3_ec	5	0.0024394757288955537	0.005292276095323433	0.0
chr11:7198314	2_ad	5	0.0021362179867824033	0.00722801350663261	0.0
chr11:7198314	1_h	5	0.001804666665408494	0.0022141553649501736	0.0
chr11:9269151	4_lc	5	0.5386176294346094	0.048340131599130226	0.5
chr11:9269151	3_ec	5	0.0024761021781158988	0.008831611440669304	0.0
chr11:9269151	2_ad	5	0.002096182336011322	0.004148214436173254	0.0
chr11:9269151	1_h	5	0.001867813284073004	0.00595584648567513	0.0
chr11:9277013	4_lc	5	0.5387989040257224	0.04788440305159365	0.5
chr11:9277013	3_ec	5	0.0024135815062551343	0.0029194088555357734	0.0
chr11:9277013	2_ad	5	0.0021255986276159985	0.0061301826291562155	0.0
chr11:9277013	1_h	5	0.0018514082769017616	0.005758832983319586	0.0
chr11:9293499	4_lc	5	0.5392630176460288	0.044634385142610644	0.5
chr11:9293499	3_ec	5	0.0024735596476868162	0.007837851474360872	0.0
chr11:9293499	2_ad	5	0.002142923128020424	0.006956216882744022	0.0
chr11:9293499	1_h	5	0.0018036896188842666	0.002137118283625445	0.0
chr11:9293617	4_lc	5	0.5389158152164837	0.0467751242519841	0.5
chr11:9293617	3_ec	5	0.002399718124876984	0.0020963056789351456	0.0
chr11:9293617	2_ad	5	0.002094355914991193	0.0033541820386523476	0.0
chr11:9293617	1_h	5	0.0018506457992140475	0.005826973985172579	0.0
chr11:9294545	4_lc	5	0.538653012390752	0.04836787623223172	0.5
chr11:9294545	3_ec	5	0.002472194041305357	0.008465068425212309	0.0
chr11:9294545	2_ad	5	0.002138825279417004	0.007430907789181116	0.0
chr11:9294545	1_h	5	0.0018757079120630754	0.008498753686121045	0.0
chr11:9294559	4_lc	5	0.5390975983681356	0.04590699973670497	0.5
chr11:9294559	3_ec	5	0.0024425216042423745	0.00548306515389282	0.0
chr11:9294559	2_ad	5	0.0020863331441514205	0.0030332537754652195	0.0
chr11:9294559	1_h	5	0.0018810847076809792	0.008687899263448704	0.0
chr11:9294781	4_lc	5	0.5395665373980282	0.04300175581003077	0.5
chr11:9294781	3_ec	5	0.002402120594309406	0.002094152715987858	0.0
chr11:9294781	2_ad	5	0.002086765870651055	0.0028590537983463706	0.0
chr11:9294781	1_h	5	0.0018742286129652015	0.007783914845975495	0.0
chr11:9297261	4_lc	5	0.5394628053398091	0.043659775234551966	0.5
chr11:9297261	3_ec	5	0.002427014612030911	0.003959409452558451	0.0
chr11:9297261	2_ad	5	0.002104198650294262	0.004100262896228014	0.0
chr11:9297261	1_h	5	0.0018330446451131084	0.004085138587275411	0.0
chr11:9298539	4_lc	5	0.5392634450225177	0.0449746810714816	0.5
chr11:9298539	3_ec	5	0.0024100721342970814	0.0027557974145215147	0.0
chr11:9298539	2_ad	5	0.002105539848110988	0.004311155977215185	0.0
chr11:9298539	1_h	5	0.0018825634109104908	0.008697633703746717	0.0
chr11:9316166	4_lc	5	0.5347144101811757	0.06631964525270051	0.37192118226600984
chr11:9316166	3_ec	5	0.0024292359281507265	0.0061090475717138935	0.0
chr11:9316166	2_ad	5	0.002097085155861859	0.004283744771950192	0.0
chr11:9316166	1_h	5	0.0018071190835601367	0.0027169332072374203	0.0
chr11:9328117	4_lc	5	0.5391295034557815	0.0461107590865228	0.5
chr11:9328117	3_ec	5	0.0024822099387622476	0.00955674771614669	0.0
chr11:9328117	2_ad	5	0.002130895445937209	0.006823470065091336	0.0
chr11:9328117	1_h	5	0.0018471480428856283	0.0053851049651509105	0.0
chr11:9331615	4_lc	5	0.5387866556602299	0.04739001601476779	0.5
chr11:9331615	3_ec	5	0.002423171914499793	0.003797007761747551	0.0
chr11:9331615	2_ad	5	0.00209804374263753	0.0037785337411622485	0.0
chr11:9331615	1_h	5	0.0018911001270073822	0.009751515616715006	0.0
chr11:9333176	4_lc	5	0.5142449655032483	0.12087911750260975	0.2537764350453172
chr11:9333176	3_ec	5	0.002373151642850369	0.0066280358192073036	0.0
chr11:9333176	2_ad	5	0.002111132686190773	0.007403287863850291	0.0
chr11:9333176	1_h	5	0.0018250005656234984	0.005820585663481725	0.0
chr11:9333292	4_lc	5	0.5391302223623394	0.045623680976260475	0.5
chr11:9333292	3_ec	5	0.0024483763601841216	0.006152894621566203	0.0
chr11:9333292	2_ad	5	0.0021120554154965793	0.005012118628712792	0.0
chr11:9333292	1_h	5	0.0018959200750590262	0.010085341361258	0.0
chr11:9354911	4_lc	5	0.5388645896228601	0.04702456283770452	0.5
chr11:9354911	3_ec	5	0.002407158297856257	0.0025799479797866906	0.0
chr11:9354911	2_ad	5	0.002155503413767117	0.008988082973753102	0.0
chr11:9354911	1_h	5	0.0018000279253762247	0.0020778914663846944	0.0
chr11:9434299	4_lc	5	0.5386551713878689	0.048510765400567535	0.5
chr11:9434299	3_ec	5	0.002426058206983014	0.004350474104891401	0.0
chr11:9434299	2_ad	5	0.002069804513271335	0.0023165749875878445	0.0
chr11:9434299	1_h	5	0.001824992976425534	0.0033986906446848877	0.0
chr11:9465004	4_lc	5	0.5386519552962603	0.04825170283233942	0.5
chr11:9465004	3_ec	5	0.0024447991463200586	0.004394982650149976	0.0
chr11:9465004	2_ad	5	0.0021176852971668343	0.005540537960799122	0.0
chr11:9465004	1_h	5	0.0018497784281601365	0.004854330754710349	0.0
chr11:9466465	4_lc	5	0.5391874059728755	0.0453454723205386	0.5
chr11:9466465	3_ec	5	0.0024660577430757526	0.0076668104664549715	0.0
chr11:9466465	2_ad	5	0.0020938717278061914	0.0034119067819547173	0.0
chr11:9466465	1_h	5	0.0018930104191202098	0.009717175523638705	0.0
chr13:49661807	4_lc	3	0.002506807122035068	0.0032474024465197378	0.0
chr13:49661807	3_ec	3	0.5371780402749597	0.05454888475975556	0.5
chr13:49661807	2_ad	3	0.0038575977463288502	0.008847471298837561	0.0
chr13:49661807	1_h	3	0.00303266463415522	0.009992903052334023	0.0
chr13:53117204	4_lc	1	0.5630604634935096	0.08091432104282409	0.5
chr13:53117204	3_ec	1	0.5592978130463373	0.08387645492913298	0.5
chr13:53117204	2_ad	1	0.5479514137658703	0.05876415403738411	0.5
chr13:53117204	1_h	1	0.5451797060165291	0.06099822838419142	0.3089430894308943
chr13:64921972	4_lc	3	0.002527053778146684	0.004578541558949946	0.0
chr13:64921972	3_ec	3	0.5367925535443544	0.05695792339675855	0.5
chr13:64921972	2_ad	3	0.003795696974316903	0.004574113108893411	0.0
chr13:64921972	1_h	3	0.0029747877749616456	0.004609620512802892	0.0
chr14:19789772	4_lc	2	0.001201561949428347	0.005649858142438564	0.0
chr14:19789772	3_ec	2	0.0010341090191203419	0.00122189464711352	0.0
chr14:19789772	2_ad	2	0.534537769632877	0.03704937864827685	0.5
chr14:19789772	1_h	2	0.0020947951447359992	0.0070675614536283	0.0
chr14:20448589	4_lc	2	0.001183159185380162	0.007033023999456948	0.0
chr14:20448589	3_ec	2	0.0011595147766111417	0.009538378787463109	0.0
chr14:20448589	2_ad	2	0.5316322304599629	0.05121192373641683	0.3855421686746988
chr14:20448589	1_h	2	0.0020753370821984907	0.007913264859995715	0.0
chr14:20464940	4_lc	2	0.0012162002054045377	0.006879002613080247	0.0
chr14:20464940	3_ec	2	0.0011040866148081697	0.00741884418199878	0.0
chr14:20464940	2_ad	2	0.5345125499741609	0.03660207591787798	0.5
chr14:20464940	1_h	2	0.0020848860665110183	0.006482913564874014	0.0
chr14:20686566	4_lc	2	0.0011679895127594674	0.0035583669522097653	0.0
chr14:20686566	3_ec	2	0.0011211981132816149	0.009082808639560118	0.0
chr14:20686566	2_ad	2	0.5345471947923593	0.03693973135889564	0.5
chr14:20686566	1_h	2	0.002136643776685904	0.010280926846926643	0.0
chr14:20730049	4_lc	2	0.001244985665483324	0.009399209612794493	0.0
chr14:20730049	3_ec	2	0.0010969727271593374	0.006697204021177231	0.0
chr14:20730049	2_ad	2	0.534501358945726	0.037400651486122656	0.5
chr14:20730049	1_h	2	0.0021358756183662603	0.01014767085612214	0.0
chr14:21668351	4_lc	2	0.0011875733087665795	0.004563821257888814	0.0
chr14:21668351	3_ec	2	0.00110127127187257	0.007175785176107319	0.0
chr14:21668351	2_ad	2	0.5343989383722484	0.037438158929916115	0.5
chr14:21668351	1_h	2	0.002114249994390319	0.008606033086255368	0.0
chr14:21669506	4_lc	2	0.00125439445847597	0.010424166134064381	0.0
chr14:21669506	3_ec	2	0.0010516410963907349	0.0024132428833988306	0.0
chr14:21669506	2_ad	2	0.5340980800133137	0.039511145085264314	0.5
chr14:21669506	1_h	2	0.0020608358007001126	0.005612871554248251	0.0
chr14:21780153	4_lc	2	0.001183554370076852	0.004328488377554616	0.0
chr14:21780153	3_ec	2	0.0010809910103500736	0.00514014626674179	0.0
chr14:21780153	2_ad	2	0.5343863151301015	0.03753272769888887	0.5
chr14:21780153	1_h	2	0.0020569591593549985	0.005524501424367766	0.0
chr14:26665940	4_lc	2	0.001150990768755313	0.0066727229292041215	0.0
chr14:26665940	3_ec	2	0.0010986422537790149	0.0035990650576636293	0.0
chr14:26665940	2_ad	2	0.5200274903177217	0.0906544171750083	0.24324324324324326
chr14:26665940	1_h	2	0.0020675037738363523	0.010077002053318294	0.0
chr14:26669243	4_lc	2	0.0011870605341195147	0.004571317805546006	0.0
chr14:26669243	3_ec	2	0.001078776070957622	0.004961486693474376	0.0
chr14:26669243	2_ad	2	0.5340195028850637	0.04058042051306778	0.4420131291028446
chr14:26669243	1_h	2	0.002143509159997966	0.010856824545498594	0.0
chr14:26911851	4_lc	2	0.0012321651844676464	0.008338842437999731	0.0
chr14:26911851	3_ec	2	0.0010808808830068363	0.005115515026054378	0.0
chr14:26911851	2_ad	2	0.5348856568756455	0.03399016240501145	0.5
chr14:26911851	1_h	2	0.0020645910220700265	0.005656865432983939	0.0
chr14:27000870	4_lc	2	0.0012253049027369164	0.0077726928649080665	0.0
chr14:27000870	3_ec	2	0.0011129120988696358	0.008357542942428197	0.0
chr14:27000870	2_ad	2	0.5342239763525868	0.039164209808770875	0.5
chr14:27000870	1_h	2	0.002111922214607483	0.008301877982075523	0.0
chr14:27001378	4_lc	2	0.0011557905996550835	0.003349570973618028	0.0
chr14:27001378	3_ec	2	0.001067411091356374	0.0038900120922226826	0.0
chr14:27001378	2_ad	2	0.5342420675252728	0.038690842730700274	0.5
chr14:27001378	1_h	2	0.0021184716008705202	0.00866688888461844	0.0
chr14:27002073	4_lc	2	0.001226722888323327	0.007784703611171594	0.0
chr14:27002073	3_ec	2	0.0011199786262060477	0.009051067830993392	0.0
chr14:27002073	2_ad	2	0.5338442619849547	0.04112565510687612	0.44924406047516197
chr14:27002073	1_h	2	0.002097812522815657	0.007475667377923469	0.0
chr14:27101312	4_lc	2	0.0012375621171426137	0.008826866854778912	0.0
chr14:27101312	3_ec	2	0.0011227776272831238	0.009297540734285287	0.0
chr14:27101312	2_ad	2	0.534429887375451	0.03715747847078608	0.5
chr14:27101312	1_h	2	0.0021042062485924565	0.007738832180675762	0.0
chr14:28475705	4_lc	0	0.0008872468210322882	0.00632815140707561	0.0
chr14:28475705	3_ec	0	0.00046813265426830794	0.0068419100691782695	0.0
chr14:28475705	2_ad	0	0.0006666562791339828	0.007002178802230183	0.0
chr14:28475705	1_h	0	0.0008713784183073353	0.007911229392074058	0.0
chr14:30031171	4_lc	0	0.0009719905533730566	0.009365536922184128	0.0
chr14:30031171	3_ec	0	0.0003867286164876505	0.0015741551686564571	0.0
chr14:30031171	2_ad	0	0.0006467480209672627	0.0060504819174103846	0.0
chr14:30031171	1_h	0	0.0010628230614476923	0.012115833168761967	0.0
chr14:30031206	4_lc	0	0.001032129986266373	0.011115941276294597	0.0
chr14:30031206	3_ec	0	0.00048506089070318736	0.007969393113285995	0.0
chr14:30031206	2_ad	0	0.0006325390247133058	0.0055828540521298585	0.0
chr14:30031206	1_h	0	0.0011257131482280635	0.012984915780828039	0.0
chr14:30896582	4_lc	0	0.0009658400429326149	0.011172710664215713	0.0
chr14:30896582	3_ec	0	0.00038292556241952826	0.0013256191051613357	0.0
chr14:30896582	2_ad	0	0.0006576884343858534	0.006422100250640301	0.0
chr14:30896582	1_h	0	0.000880302793938978	0.007111342797557716	0.0
chr14:30911944	4_lc	0	0.0009187607085263978	0.007737091783346665	0.0
chr14:30911944	3_ec	0	0.0004640975856635604	0.009209193026751902	0.0
chr14:30911944	2_ad	0	0.0006670839818851741	0.009682119555955116	0.0
chr14:30911944	1_h	0	0.0009214072760975073	0.009370106943158221	0.0
chr14:30923467	4_lc	0	0.0009409042820807872	0.008167814408403883	0.0
chr14:30923467	3_ec	0	0.00045351492607479565	0.008120065951005185	0.0
chr14:30923467	2_ad	0	0.0006351877572323681	0.005881666537856157	0.0
chr14:30923467	1_h	0	0.000983533608814273	0.011416366585307574	0.0
chr14:30937015	4_lc	0	0.0009084922335364207	0.007138875898920259	0.0
chr14:30937015	3_ec	0	0.0004274647148236711	0.0055891627320022235	0.0
chr14:30937015	2_ad	0	0.0006609953703971182	0.006795309849392289	0.0
chr14:30937015	1_h	0	0.0008770665352120563	0.008239596250570904	0.0
chr14:51455971	4_lc	0	0.0009118727496549917	0.007299555033950152	0.0
chr14:51455971	3_ec	0	0.0004216554684221812	0.004999882087689185	0.0
chr14:51455971	2_ad	0	0.0007180140650249955	0.008793770074797737	0.0
chr14:51455971	1_h	0	0.0008639512156958702	0.006390251838937307	0.0
chr14:51457493	4_lc	0	0.000918192471269176	0.0077123287721820805	0.0
chr14:51457493	3_ec	0	0.0003943836872205683	0.0023751191222329453	0.0
chr14:51457493	2_ad	0	0.0006542068924029929	0.008480168501469211	0.0
chr14:51457493	1_h	0	0.0008615663375475761	0.007204899231650717	0.0
chr14:7090770	4_lc	0	0.0009707434976478815	0.008936873209692026	0.0
chr14:7090770	3_ec	0	0.00038424497390735917	0.0012634902263149229	0.0
chr14:7090770	2_ad	0	0.0006981069818276947	0.008998290762786262	0.0
chr14:7090770	1_h	0	0.0009510933067153013	0.009352709817633734	0.0
chr14:7884732	4_lc	2	0.0011881744711152798	0.004681672292312522	0.0
chr14:7884732	3_ec	2	0.0010347438483768493	0.0012519421804074757	0.0
chr14:7884732	2_ad	2	0.5345634207037405	0.03641456428052785	0.5
chr14:7884732	1_h	2	0.0021374440137829904	0.010374374099951858	0.0
chr14:7984145	4_lc	2	0.0012268246379908729	0.007948455302719754	0.0
chr14:7984145	3_ec	2	0.001083303496646361	0.005374760834008498	0.0
chr14:7984145	2_ad	2	0.5344382799632404	0.03783245158511813	0.5
chr14:7984145	1_h	2	0.002110817869922974	0.008265046458219898	0.0
chr14:8164022	4_lc	2	0.0011868818851546593	0.004598529351990115	0.0
chr14:8164022	3_ec	2	0.0011041412125378795	0.007386006610961274	0.0
chr14:8164022	2_ad	2	0.5346658742883299	0.035607713873076464	0.5
chr14:8164022	1_h	2	0.0021174187555236014	0.008714037987145202	0.0
chr15:77638007	4_lc	2	0.007990072070115106	0.02979666425818912	0.0
chr15:77638007	3_ec	2	0.008019070339753402	0.0305567939141048	0.0
chr15:77638007	2_ad	2	0.3655167912537247	0.27787693969319605	0.5
chr15:77638007	1_h	2	0.23833767513489473	0.2692496680677889	0.5
chr15:91909288	4_lc	0	0.0009848262177844134	0.011781541283776453	0.0
chr15:91909288	3_ec	0	0.00045418211831001535	0.007501743611420086	0.0
chr15:91909288	2_ad	0	0.0012252718887281354	0.018541238847199663	0.0
chr15:91909288	1_h	0	0.0008796233572908196	0.007292486771034063	0.0
chr16:20683460	4_lc	0	0.0010809058917032174	0.012147714187655685	0.0
chr16:20683460	3_ec	0	0.00045085830609285554	0.005808783010668829	0.0
chr16:20683460	2_ad	0	0.0006391813275221125	0.0068442505691020325	0.0
chr16:20683460	1_h	0	0.000979017604979745	0.011197604799326723	0.0
chr16:29248140	4_lc	2	0.0012245253606901227	0.007590716401457292	0.0
chr16:29248140	3_ec	2	0.00103360401375326	0.0012125805790614635	0.0
chr16:29248140	2_ad	2	0.5346300392975813	0.03604638188960777	0.5
chr16:29248140	1_h	2	0.0021013975052799555	0.007560042408889707	0.0
chr16:29421734	4_lc	2	0.0011603100656003658	0.007528334215061055	0.0
chr16:29421734	3_ec	2	0.0011937888382535647	0.007184546723536044	0.0
chr16:29421734	2_ad	2	0.5319401574397592	0.047781189039420524	0.3609022556390977
chr16:29421734	1_h	2	0.002004425088980935	0.0061235558587830205	0.0
chr16:30309050	4_lc	2	0.0011857415503812893	0.004447390136952472	0.0
chr16:30309050	3_ec	2	0.001077856542012569	0.004862191126074104	0.0
chr16:30309050	2_ad	2	0.5344297915388864	0.037521382038207866	0.5
chr16:30309050	1_h	2	0.0020707638334917294	0.005835766545720352	0.0
chr16:30343647	4_lc	2	0.0011608247628237145	0.0033745959613021444	0.0
chr16:30343647	3_ec	2	0.00112892744306026	0.00996133466349318	0.0
chr16:30343647	2_ad	2	0.533878599119776	0.0408943640529817	0.5
chr16:30343647	1_h	2	0.0021001569572875966	0.007412521609221056	0.0
chr16:30344539	4_lc	2	0.0012333655405150662	0.008524744515427065	0.0
chr16:30344539	3_ec	2	0.0010464245917913783	0.0019797231599340066	0.0
chr16:30344539	2_ad	2	0.5343673984621038	0.03771679299018313	0.4631578947368421
chr16:30344539	1_h	2	0.0020986293974939708	0.007327188147248876	0.0
chr16:31456705	4_lc	2	0.0012003966018690126	0.005640924176535389	0.0
chr16:31456705	3_ec	2	0.0010437772847001953	0.0017719274902868313	0.0
chr16:31456705	2_ad	2	0.534263801181562	0.038795824649792816	0.5
chr16:31456705	1_h	2	0.0020703020090995093	0.005877819978913031	0.0
chr16:32407881	4_lc	2	0.001182934651155676	0.004318650054147398	0.0
chr16:32407881	3_ec	2	0.001103396601835319	0.007312071517816028	0.0
chr16:32407881	2_ad	2	0.5347477074728703	0.03525359145075924	0.5
chr16:32407881	1_h	2	0.002089171953322871	0.006647613370902597	0.0
chr16:32499104	4_lc	2	0.0012002829457924942	0.0055162568505021155	0.0
chr16:32499104	3_ec	2	0.0010671152216806918	0.0037975097071857094	0.0
chr16:32499104	2_ad	2	0.5343846037576827	0.03755047348500042	0.5
chr16:32499104	1_h	2	0.002102732869239518	0.007653068177888038	0.0
chr16:32680733	4_lc	2	0.00117930269888489	0.0072560781997785435	0.0
chr16:32680733	3_ec	2	0.0010721165766432016	0.0021636630746498524	0.0
chr16:32680733	2_ad	2	0.5318291889748488	0.050214251399952184	0.38995215311004783
chr16:32680733	1_h	2	0.002036919194069413	0.00544671350931647	0.0
chr16:32750328	4_lc	2	0.0011714383393761664	0.0037240752373150676	0.0
chr16:32750328	3_ec	2	0.00107829718787644	0.004923997091760385	0.0
chr16:32750328	2_ad	2	0.5343138167067402	0.038367624374129064	0.5
chr16:32750328	1_h	2	0.0020870609485255515	0.006624448042793973	0.0
chr16:32751142	4_lc	2	0.0012301428262116258	0.008041535788249102	0.0
chr16:32751142	3_ec	2	0.001122071222902545	0.009196580353767057	0.0
chr16:32751142	2_ad	2	0.5345397606843983	0.03698222989410111	0.5
chr16:32751142	1_h	2	0.0021476096755605194	0.011149171183798379	0.0
chr16:32751208	4_lc	2	0.0011883433865797395	0.004661555419590571	0.0
chr16:32751208	3_ec	2	0.0011043366522448805	0.007456937492810386	0.0
chr16:32751208	2_ad	2	0.5343347565622968	0.03840065817316842	0.5
chr16:32751208	1_h	2	0.002063387866905386	0.005656620559293389	0.0
chr16:32751613	4_lc	2	0.0011676436052522258	0.0035462932371785496	0.0
chr16:32751613	3_ec	2	0.0011297699154919965	0.00995220958996059	0.0
chr16:32751613	2_ad	2	0.5344674303632815	0.036996604002678526	0.5
chr16:32751613	1_h	2	0.0021390676885046	0.010414409246552993	0.0
chr16:32751763	4_lc	2	0.0011610760637275823	0.00337609122511174	0.0
chr16:32751763	3_ec	2	0.0011267145658253762	0.00970627896727084	0.0
chr16:32751763	2_ad	2	0.5344295838042634	0.03717678010767443	0.5
chr16:32751763	1_h	2	0.002117508689856531	0.008731172153663045	0.0
chr16:32751915	4_lc	2	0.0011608520849671934	0.0033870297822161002	0.0
chr16:32751915	3_ec	2	0.0011301048747616323	0.009964271058803958	0.0
chr16:32751915	2_ad	2	0.5346083462533491	0.035998766012325364	0.5
chr16:32751915	1_h	2	0.0020554033328993577	0.005533196013776211	0.0
chr16:32752096	4_lc	2	0.0012539719373937021	0.01035250580445595	0.0
chr16:32752096	3_ec	2	0.0010963352891578376	0.006645223336033116	0.0
chr16:32752096	2_ad	2	0.5344479442480345	0.03715344049263207	0.5
chr16:32752096	1_h	2	0.002057777142772408	0.005551069155642614	0.0
chr16:32752533	4_lc	0	0.0009517352325624209	0.008476431698042842	0.0
chr16:32752533	3_ec	0	0.0003886995582548731	0.001838001609232602	0.0
chr16:32752533	2_ad	0	0.000644497991888196	0.007589739886682384	0.0
chr16:32752533	1_h	0	0.0008236304991541185	0.005768112537583048	0.0
chr16:32752594	4_lc	2	0.0011707343456506768	0.0075736730729065865	0.0
chr16:32752594	3_ec	2	0.0011612789093677107	0.007173862571782121	0.0
chr16:32752594	2_ad	2	0.5324525607692824	0.045648426294303227	0.3795620437956204
chr16:32752594	1_h	2	0.0020140803457094542	0.005123054531006275	0.0
chr16:32752726	4_lc	2	0.001185889612665191	0.004482193014980642	0.0
chr16:32752726	3_ec	2	0.0011247129292608691	0.009434484903775431	0.0
chr16:32752726	2_ad	2	0.534693191955681	0.03573095343305699	0.5
chr16:32752726	1_h	2	0.002085099486385693	0.006496834455176949	0.0
chr16:32752738	4_lc	2	0.0011870717046014328	0.004533121239108088	0.0
chr16:32752738	3_ec	2	0.0010764661523510566	0.0047235997916876705	0.0
chr16:32752738	2_ad	2	0.534305193297388	0.03793324803341326	0.49803149606299213
chr16:32752738	1_h	2	0.0021072830856333808	0.007021164794046612	0.0
chr16:32752970	4_lc	2	0.0012306714786025083	0.008182929528538314	0.0
chr16:32752970	3_ec	2	0.0011031220416841618	0.00731930456162169	0.0
chr16:32752970	2_ad	2	0.5344922428046157	0.03676236990605808	0.5
chr16:32752970	1_h	2	0.0021158858802073828	0.008588791286445045	0.0
chr16:32753063	4_lc	0	0.0009718723320976829	0.011685195528121008	0.0
chr16:32753063	3_ec	0	0.0004983900372889337	0.00909298584487333	0.0
chr16:32753063	2_ad	0	0.0007192901828220028	0.010804913335251473	0.0
chr16:32753063	1_h	0	0.0008182280416816708	0.005665683219851834	0.0
chr16:32753466	4_lc	2	0.0011680693828876943	0.004336802991713804	0.0
chr16:32753466	3_ec	2	0.0010936872738600768	0.004905727147473552	0.0
chr16:32753466	2_ad	2	0.532476458893534	0.048107154362907814	0.4069767441860465
chr16:32753466	1_h	2	0.002068410808736402	0.006947070116230147	0.0
chr16:32753726	4_lc	0	0.0008825069433811749	0.006217504269256972	0.0
chr16:32753726	3_ec	0	0.00046525482847168255	0.006545415449816384	0.0
chr16:32753726	2_ad	0	0.0006239067441882237	0.0052088722025187715	0.0
chr16:32753726	1_h	0	0.0011599481197471285	0.014636492776241246	0.0
chr16:32754580	4_lc	2	0.0012260327142389598	0.00778843335061366	0.0
chr16:32754580	3_ec	2	0.0010939427180720646	0.006477839144209076	0.0
chr16:32754580	2_ad	2	0.5341750762360449	0.03879133436250641	0.5
chr16:32754580	1_h	2	0.0021300095326237177	0.009768762839753338	0.0
chr16:32754794	4_lc	2	0.0012435720482158552	0.009476913749565462	0.0
chr16:32754794	3_ec	2	0.001036773451967224	0.0013341631556580528	0.0
chr16:32754794	2_ad	2	0.5345261686325924	0.03650519352809259	0.5
chr16:32754794	1_h	2	0.0020698028221997527	0.005817397105415768	0.0
chr16:32755039	4_lc	0	0.0009838503758528272	0.010017459755221458	0.0
chr16:32755039	3_ec	0	0.0005651594548610646	0.011340578404378986	0.0
chr16:32755039	2_ad	0	0.0006656768671620094	0.0067797459581166175	0.0
chr16:32755039	1_h	0	0.0008359809043062549	0.007328770459049506	0.0
chr16:32755337	4_lc	2	0.0011726280216053117	0.003802952020812123	0.0
chr16:32755337	3_ec	2	0.0011042985644800613	0.007491064775347565	0.0
chr16:32755337	2_ad	2	0.5343806512331455	0.037555436026201774	0.5
chr16:32755337	1_h	2	0.0020499848771588303	0.005501206315798278	0.0
chr16:32755474	4_lc	2	0.0012377186312684508	0.008797021434268146	0.0
chr16:32755474	3_ec	2	0.001062023586078996	0.0033221583028839926	0.0
chr16:32755474	2_ad	2	0.5346798743186871	0.035592694300205105	0.5
chr16:32755474	1_h	2	0.0020741198574567477	0.006061663267735653	0.0
chr16:32755886	4_lc	2	0.0012330711162856528	0.008851368484032725	0.0
chr16:32755886	3_ec	2	0.0010427605667931868	0.001594267749796578	0.0
chr16:32755886	2_ad	2	0.5327218909331115	0.04747522967523233	0.39858490566037735
chr16:32755886	1_h	2	0.002111894530189916	0.008594261573393623	0.0
chr16:32755889	4_lc	2	0.001228337064782612	0.008595016733354935	0.0
chr16:32755889	3_ec	2	0.0011233515217670205	0.009140163908312569	0.0
chr16:32755889	2_ad	2	0.5318520803704477	0.05165242269912975	0.39858490566037735
chr16:32755889	1_h	2	0.0020638658665176656	0.0058887901541694945	0.0
chr16:32756140	4_lc	2	0.0012372236625171097	0.008736008611197553	0.0
chr16:32756140	3_ec	2	0.001039019598829694	0.0014659075707776131	0.0
chr16:32756140	2_ad	2	0.5338700023787034	0.04114839359825121	0.49203187250996017
chr16:32756140	1_h	2	0.0021132261106174815	0.00853765002264729	0.0
chr16:32756159	4_lc	2	0.0011719901376104416	0.0036760033802426843	0.0
chr16:32756159	3_ec	2	0.0010319027863122025	0.001190163307037236	0.0
chr16:32756159	2_ad	2	0.5343232514666624	0.03807191460192605	0.5
chr16:32756159	1_h	2	0.002141308604060003	0.01056015483394898	0.0
chr16:32756326	4_lc	2	0.0011718928214391208	0.0037202603740700566	0.0
chr16:32756326	3_ec	2	0.0011023057382631917	0.007269785864289745	0.0
chr16:32756326	2_ad	2	0.5340629507249184	0.03952447492860533	0.5
chr16:32756326	1_h	2	0.0021342933044788525	0.01012989503445272	0.0
chr16:32756497	4_lc	2	0.0011692715387289388	0.0036290057555813248	0.0
chr16:32756497	3_ec	2	0.0010959210657277476	0.006603898725116196	0.0
chr16:32756497	2_ad	2	0.5346868269045504	0.03543479030663786	0.5
chr16:32756497	1_h	2	0.0020708742365175515	0.005822113815548906	0.0
chr16:32756645	4_lc	2	0.001152442552602202	0.006358040455887607	0.0
chr16:32756645	3_ec	2	0.0011827534496847197	0.006353341210551716	0.0
chr16:32756645	2_ad	2	0.5272031989792672	0.06794997427014554	0.30327868852459017
chr16:32756645	1_h	2	0.0020475804603036054	0.009136072763163425	0.0
chr16:32757383	4_lc	2	0.0012132384209398747	0.006624064257283139	0.0
chr16:32757383	3_ec	2	0.001124479826392794	0.009474362104263659	0.0
chr16:32757383	2_ad	2	0.5344730656243704	0.03739046319689992	0.5
chr16:32757383	1_h	2	0.0021338630512130414	0.010098698509519985	0.0
chr16:32757446	4_lc	2	0.001170454428279987	0.0036328217990719493	0.0
chr16:32757446	3_ec	2	0.001066291374217086	0.003794083509790263	0.0
chr16:32757446	2_ad	2	0.5340256741214394	0.040115572016383765	0.5
chr16:32757446	1_h	2	0.0021487078037734308	0.01137714145225821	0.0
chr16:32761263	4_lc	2	0.0011596732150178654	0.00337019009465722	0.0
chr16:32761263	3_ec	2	0.0010788624465440503	0.004872785496473124	0.0
chr16:32761263	2_ad	2	0.5348438966800135	0.03417950426013242	0.5
chr16:32761263	1_h	2	0.002073013650756624	0.0059818650436273685	0.0
chr16:32762503	4_lc	2	0.0011776184930687597	0.003947197585552148	0.0
chr16:32762503	3_ec	2	0.0010928687547698023	0.006303302537900928	0.0
chr16:32762503	2_ad	2	0.5345716157519962	0.03638222687050695	0.5
chr16:32762503	1_h	2	0.0020524371535617404	0.005501590346048325	0.0
chr16:32765753	4_lc	2	0.0012078789695209476	0.006094603317971852	0.0
chr16:32765753	3_ec	2	0.0010698782115766794	0.004128939283509272	0.0
chr16:32765753	2_ad	2	0.5339064352771092	0.04077352441153874	0.5
chr16:32765753	1_h	2	0.002083253498198481	0.006382020161055447	0.0
chr16:32775777	4_lc	2	0.0011632042803070889	0.003416570648286664	0.0
chr16:32775777	3_ec	2	0.00106284207336971	0.003410646178682573	0.0
chr16:32775777	2_ad	2	0.5344942960070531	0.0367266683281741	0.5
chr16:32775777	1_h	2	0.00212057132846675	0.00892680743383908	0.0
chr16:32775807	4_lc	2	0.0012367891735636806	0.008718931697215068	0.0
chr16:32775807	3_ec	2	0.001042462968668001	0.0016446101937394356	0.0
chr16:32775807	2_ad	2	0.5343083867830898	0.03804179214366237	0.5
chr16:32775807	1_h	2	0.002089940660167388	0.006811059129048046	0.0
chr16:32776822	4_lc	2	0.001104134473549405	0.002324507620728433	0.0
chr16:32776822	3_ec	2	0.001190626991460072	0.009041574388799167	0.0
chr16:32776822	2_ad	2	0.5316435832355685	0.0503496823683515	0.37192118226600984
chr16:32776822	1_h	2	0.0020832535208318184	0.011033337229935741	0.0
chr16:32776958	4_lc	2	0.0011084170827002475	0.002662856464052576	0.0
chr16:32776958	3_ec	2	0.0010912436662063366	0.002718849493494391	0.0
chr16:32776958	2_ad	2	0.522228731181457	0.0845431025127764	0.24778761061946902
chr16:32776958	1_h	2	0.0020123595157000677	0.00539217331325411	0.0
chr16:32778755	4_lc	2	0.001197704358889685	0.005379860199110762	0.0
chr16:32778755	3_ec	2	0.0010968161949073067	0.006723603418538515	0.0
chr16:32778755	2_ad	2	0.5343765228361582	0.03753253906727982	0.5
chr16:32778755	1_h	2	0.0021301942396999857	0.00976309704655625	0.0
chr16:32779125	4_lc	2	0.001199195654924445	0.005449559501580392	0.0
chr16:32779125	3_ec	2	0.0011222565678534698	0.009282715388761183	0.0
chr16:32779125	2_ad	2	0.5341886234893439	0.03912767612310274	0.5
chr16:32779125	1_h	2	0.002107335085094533	0.008052751340187736	0.0
chr16:32781840	4_lc	2	0.0011670983974088139	0.003515993345355003	0.0
chr16:32781840	3_ec	2	0.0010331049409711538	0.0012114234591263438	0.0
chr16:32781840	2_ad	2	0.5345147174604508	0.036526733421940634	0.5
chr16:32781840	1_h	2	0.0020595049296390795	0.005584655712798762	0.0
chr16:32781848	4_lc	2	0.0012534516094556427	0.010320912136826182	0.0
chr16:32781848	3_ec	2	0.0010531572255507464	0.00251074353323002	0.0
chr16:32781848	2_ad	2	0.5345214253270003	0.03677217953312934	0.5
chr16:32781848	1_h	2	0.002084227172534909	0.006464086101882278	0.0
chr16:32793481	4_lc	2	0.001189122387238517	0.004754899547386095	0.0
chr16:32793481	3_ec	2	0.0010912813585653865	0.006132824809766725	0.0
chr16:32793481	2_ad	2	0.5347694336878153	0.03546551619510029	0.5
chr16:32793481	1_h	2	0.0021290764527076432	0.009496767311983706	0.0
chr16:32793834	4_lc	2	0.0011973241973853132	0.005317308285608411	0.0
chr16:32793834	3_ec	2	0.0011015168791161712	0.007188800723922644	0.0
chr16:32793834	2_ad	2	0.5343651310232292	0.03756936033321275	0.5
chr16:32793834	1_h	2	0.002084502895526681	0.006431743748227873	0.0
chr16:32793885	4_lc	2	0.0011640867353537145	0.0034282991070088507	0.0
chr16:32793885	3_ec	2	0.0010866070887954919	0.005680673436983309	0.0
chr16:32793885	2_ad	2	0.5343495751098573	0.037587810700650384	0.5
chr16:32793885	1_h	2	0.002130541100225282	0.009706934698324371	0.0
chr16:32794021	4_lc	2	0.0011744652176993262	0.003813586755828117	0.0
chr16:32794021	3_ec	2	0.001047489475282623	0.0020372860984657205	0.0
chr16:32794021	2_ad	2	0.5342436733168624	0.03850538920913251	0.5
chr16:32794021	1_h	2	0.0021152312932916327	0.008540581958352288	0.0
chr16:32794410	4_lc	2	0.0012075213242791086	0.006211431533847387	0.0
chr16:32794410	3_ec	2	0.001054536351628429	0.0026277452561129754	0.0
chr16:32794410	2_ad	2	0.5347481599060148	0.034896078797937664	0.5
chr16:32794410	1_h	2	0.002101199138101183	0.007454623139169778	0.0
chr16:32794711	4_lc	2	0.0012470262933966787	0.009658514678418863	0.0
chr16:32794711	3_ec	2	0.0010777076679801014	0.004905888476046406	0.0
chr16:32794711	2_ad	2	0.5342350362217384	0.0386007073993464	0.5
chr16:32794711	1_h	2	0.0020578299267285938	0.005546948486263709	0.0
chr16:33045676	4_lc	2	0.0011676104896839717	0.00832119538096597	0.0
chr16:33045676	3_ec	2	0.0012204174319336606	0.008090570545809774	0.0
chr16:33045676	2_ad	2	0.5277352409503648	0.0663031867330697	0.30327868852459017
chr16:33045676	1_h	2	0.002007277470298789	0.005904671529724528	0.0
chr16:35628039	4_lc	2	0.0011585116430992445	0.003357508878083636	0.0
chr16:35628039	3_ec	2	0.001044423187227381	0.001782266395880154	0.0
chr16:35628039	2_ad	2	0.5347051216348482	0.03519614684231319	0.5
chr16:35628039	1_h	2	0.002142098954500907	0.010735368071546583	0.0
chr16:35817267	4_lc	2	0.0011869396087245544	0.004643021891741538	0.0
chr16:35817267	3_ec	2	0.001070067060678376	0.0040737316248335795	0.0
chr16:35817267	2_ad	2	0.5345531155448412	0.036453371810036585	0.5
chr16:35817267	1_h	2	0.0020961482816225668	0.007098921358298917	0.0
chr16:35825088	4_lc	2	0.0011753155516998292	0.003939346084921258	0.0
chr16:35825088	3_ec	2	0.0010765949009937446	0.004735106569644555	0.0
chr16:35825088	2_ad	2	0.5345795674168102	0.03618318187743527	0.5
chr16:35825088	1_h	2	0.002074349635259226	0.005971032368361614	0.0
chr16:35840750	4_lc	2	0.0011760168613443442	0.003907381606326342	0.0
chr16:35840750	3_ec	2	0.0011023979263707429	0.0072426847998667086	0.0
chr16:35840750	2_ad	2	0.5344171005508379	0.037328630142852044	0.5
chr16:35840750	1_h	2	0.00207126196603487	0.005894424560580846	0.0
chr16:36280539	4_lc	2	0.0012480232761431036	0.009758249541944576	0.0
chr16:36280539	3_ec	2	0.0011256341802238774	0.00953059037917577	0.0
chr16:36280539	2_ad	2	0.534302721468504	0.038107691316269926	0.5
chr16:36280539	1_h	2	0.002146075659474044	0.011060885948262758	0.0
chr16:36772445	4_lc	3	0.0025105468962686173	0.0036467929934132916	0.0
chr16:36772445	3_ec	3	0.5371043815590452	0.054825171431991046	0.5
chr16:36772445	2_ad	3	0.0038115013975396563	0.006003268682502092	0.0
chr16:36772445	1_h	3	0.0029666368689163017	0.0044590478185692105	0.0
chr16:37997964	4_lc	0	0.0008942642002115129	0.0065116366583581956	0.0
chr16:37997964	3_ec	0	0.00042671593671998823	0.005487949446818243	0.0
chr16:37997964	2_ad	0	0.0008197650770576505	0.012921311389609598	0.0
chr16:37997964	1_h	0	0.0008717879416836811	0.006941393932487428	0.0
chr16:38004874	4_lc	0	0.000908620200725454	0.00716261185509254	0.0
chr16:38004874	3_ec	0	0.00046512222264443153	0.009355355891516332	0.0
chr16:38004874	2_ad	0	0.0007126225822298236	0.008566765213373854	0.0
chr16:38004874	1_h	0	0.0008895421543356964	0.00916367558632962	0.0
chr16:38005128	4_lc	0	0.0009647157457341976	0.009048864993727392	0.0
chr16:38005128	3_ec	0	0.0005442509650952175	0.00874313621507726	0.0
chr16:38005128	2_ad	0	0.0006129583658193565	0.004214932085619965	0.0
chr16:38005128	1_h	0	0.0008260623970414856	0.005761183473278669	0.0
chr16:38005139	4_lc	0	0.0009314921996610712	0.008544149233981115	0.0
chr16:38005139	3_ec	0	0.0004351874704187086	0.005446383433995239	0.0
chr16:38005139	2_ad	0	0.0007212138425440729	0.008817528297980206	0.0
chr16:38005139	1_h	0	0.0009404525136106571	0.010655148031248377	0.0
chr16:38005283	4_lc	0	0.000953916333437644	0.00830136203075496	0.0
chr16:38005283	3_ec	0	0.00044939329652884474	0.007341944555018689	0.0
chr16:38005283	2_ad	0	0.0008438452191029379	0.012283707187274444	0.0
chr16:38005283	1_h	0	0.000995115504924107	0.009982128512297976	0.0
chr16:38005752	4_lc	0	0.0008764725342681941	0.006151802260402624	0.0
chr16:38005752	3_ec	0	0.0005081316146904025	0.01009186765750978	0.0
chr16:38005752	2_ad	0	0.0005810974994211326	0.0016919401763872178	0.0
chr16:38005752	1_h	0	0.0009717177730473224	0.010799493352227569	0.0
chr16:38417088	4_lc	0	0.0009565582816032768	0.010449708752776857	0.0
chr16:38417088	3_ec	0	0.0005581438169734697	0.011113266071214387	0.0
chr16:38417088	2_ad	0	0.0007526979537957784	0.009609250697641125	0.0
chr16:38417088	1_h	0	0.0009506979901992398	0.009560565349435812	0.0
chr16:38828345	4_lc	0	0.0009585586146059973	0.008750626434604107	0.0
chr16:38828345	3_ec	0	0.0004963999249149042	0.00739652512747445	0.0
chr16:38828345	2_ad	0	0.0006647021819038633	0.007075014169153197	0.0
chr16:38828345	1_h	0	0.0009021967099132564	0.010334555113703795	0.0
chr16:39024953	4_lc	0	0.000943757887485801	0.00945009774859903	0.0
chr16:39024953	3_ec	0	0.0003849640091268564	0.0014998897427124086	0.0
chr16:39024953	2_ad	0	0.0005985200816275846	0.0031800533693361554	0.0
chr16:39024953	1_h	0	0.000920386045459077	0.009519681817720746	0.0
chr16:43939116	4_lc	0	0.0009555395444206912	0.010359314770637824	0.0
chr16:43939116	3_ec	0	0.00040725181793021956	0.0035957478939241594	0.0
chr16:43939116	2_ad	0	0.0006263443452655624	0.004951675441578496	0.0
chr16:43939116	1_h	0	0.0009311742465707143	0.010104994110269319	0.0
chr16:44299802	4_lc	0	0.0009539726386928979	0.00869027035795532	0.0
chr16:44299802	3_ec	0	0.000482025452932929	0.00783168477109601	0.0
chr16:44299802	2_ad	0	0.0005961111603524998	0.0027966411645957306	0.0
chr16:44299802	1_h	0	0.0008709503934303429	0.007058627417396912	0.0
chr16:44379308	4_lc	0	0.0010544257951874286	0.011073664093853504	0.0
chr16:44379308	3_ec	0	0.00045926404272515347	0.008697814500849351	0.0
chr16:44379308	2_ad	0	0.000670513792792665	0.007250926574136726	0.0
chr16:44379308	1_h	0	0.0009604035895069041	0.010069839139320861	0.0
chr16:44485793	4_lc	0	0.0009138421687428735	0.007431706230736839	0.0
chr16:44485793	3_ec	0	0.0004434894571503324	0.005137707967350867	0.0
chr16:44485793	2_ad	0	0.0006138885652031815	0.004413176544953085	0.0
chr16:44485793	1_h	0	0.0008589496850348794	0.007067287606524941	0.0
chr16:44789572	4_lc	0	0.0009714622663872619	0.009414194361420228	0.0
chr16:44789572	3_ec	0	0.0004894837407275841	0.008323742795943036	0.0
chr16:44789572	2_ad	0	0.0008244634116046795	0.013125377499540456	0.0
chr16:44789572	1_h	0	0.0010946885096708757	0.012728525169639116	0.0
chr16:44789686	4_lc	0	0.0009085628988155564	0.0071491071125089276	0.0
chr16:44789686	3_ec	0	0.00044129425194772685	0.006091274394956841	0.0
chr16:44789686	2_ad	0	0.000581377749182844	0.0017263791963885605	0.0
chr16:44789686	1_h	0	0.0008375617448037303	0.005640494043907672	0.0
chr16:45094982	4_lc	0	0.0008991338217617241	0.006728690833129515	0.0
chr16:45094982	3_ec	0	0.0004601337911436705	0.00886540688331017	0.0
chr16:45094982	2_ad	0	0.000714024353500409	0.008437430303252478	0.0
chr16:45094982	1_h	0	0.0007986451359191954	0.004138209149861073	0.0
chr16:45095770	4_lc	0	0.0009492857646729087	0.009862159686404049	0.0
chr16:45095770	3_ec	0	0.0004281920697803176	0.005673597525740106	0.0
chr16:45095770	2_ad	0	0.0006331418012935554	0.005284679063804776	0.0
chr16:45095770	1_h	0	0.0008743837759930916	0.006979416449938263	0.0
chr16:45096212	4_lc	0	0.0008784176935147105	0.006153583856003201	0.0
chr16:45096212	3_ec	0	0.00040403821142823946	0.0032242223505288005	0.0
chr16:45096212	2_ad	0	0.0007790625952969729	0.01269611821031343	0.0
chr16:45096212	1_h	0	0.0010473474286960779	0.011774205176529481	0.0
chr16:45096248	4_lc	0	0.0009427145545056515	0.008683901571311796	0.0
chr16:45096248	3_ec	0	0.00042470864176826043	0.005088730002848409	0.0
chr16:45096248	2_ad	0	0.0007015329779476374	0.008269560087335743	0.0
chr16:45096248	1_h	0	0.0009464582207348238	0.00918037759676736	0.0
chr16:45096324	4_lc	0	0.0009526261384361671	0.010143354787006348	0.0
chr16:45096324	3_ec	0	0.00039345970540299267	0.002230534199736556	0.0
chr16:45096324	2_ad	0	0.0007480756452625786	0.010552431684680284	0.0
chr16:45096324	1_h	0	0.0008977029449790383	0.00797895166763866	0.0
chr16:45096402	4_lc	0	0.0009355972911872992	0.008854246937161987	0.0
chr16:45096402	3_ec	0	0.0004014367887828535	0.0030111535057447134	0.0
chr16:45096402	2_ad	0	0.0007088889510354354	0.008284131128132487	0.0
chr16:45096402	1_h	0	0.0009913878305962435	0.01245752360471947	0.0
chr16:45239362	4_lc	0	0.0012085044010773432	0.015309497606966696	0.0
chr16:45239362	3_ec	0	0.00068279704731276	0.012736851095590765	0.0
chr16:45239362	2_ad	0	0.0006338539416726646	0.005034972694307	0.0
chr16:45239362	1_h	0	0.0011279131241379457	0.01294744137010638	0.0
chr16:45392332	4_lc	0	0.00093446488773178	0.00877201671439163	0.0
chr16:45392332	3_ec	0	0.0004604291963386801	0.0063816384001768945	0.0
chr16:45392332	2_ad	0	0.0007166907910245335	0.008555410011092427	0.0
chr16:45392332	1_h	0	0.0008522935375504689	0.00665926582770659	0.0
chr16:45443941	4_lc	0	0.0009261083504345123	0.008169984192742497	0.0
chr16:45443941	3_ec	0	0.00039461983766269834	0.00238976708720566	0.0
chr16:45443941	2_ad	0	0.0006031096221487658	0.003435613311336606	0.0
chr16:45443941	1_h	0	0.0009634558384482962	0.010350617501709805	0.0
chr16:45539592	4_lc	0	0.000887942275488744	0.006345361898115923	0.0
chr16:45539592	3_ec	0	0.0004312315350621083	0.005913406686730158	0.0
chr16:45539592	2_ad	0	0.0007160714660947487	0.008624335489550031	0.0
chr16:45539592	1_h	0	0.000871404320242745	0.0072095394074842755	0.0
chr16:45560219	4_lc	0	0.0010092971850290241	0.011601785422838478	0.0
chr16:45560219	3_ec	0	0.0004424924383755994	0.007007256218104056	0.0
chr16:45560219	2_ad	0	0.0006705483172155553	0.007204551629321296	0.0
chr16:45560219	1_h	0	0.0009775964969239448	0.0099000469807958	0.0
chr16:45580147	4_lc	0	0.0011302391534759098	0.014848282592279969	0.0
chr16:45580147	3_ec	0	0.0004979659644467945	0.00895414743247222	0.0
chr16:45580147	2_ad	0	0.0006636610142990465	0.006648668911157627	0.0
chr16:45580147	1_h	0	0.0008824477506216725	0.008891870346912571	0.0
chr16:45584436	4_lc	0	0.0009222265066687427	0.00796300695840113	0.0
chr16:45584436	3_ec	0	0.00045283381873435877	0.008138273083094793	0.0
chr16:45584436	2_ad	0	0.0006868713000293024	0.007632444499554764	0.0
chr16:45584436	1_h	0	0.0008462021657714496	0.008275342937678194	0.0
chr16:45601959	4_lc	0	0.0008977713889255243	0.006665133929616095	0.0
chr16:45601959	3_ec	0	0.0005041673661058448	0.009507291559785533	0.0
chr16:45601959	2_ad	0	0.0006252250136578012	0.005555194161568446	0.0
chr16:45601959	1_h	0	0.0008884377357222701	0.009079150680674277	0.0
chr16:45633024	4_lc	0	0.0008971833716640202	0.0066536217579158275	0.0
chr16:45633024	3_ec	0	0.00046610971850623734	0.009427877177350122	0.0
chr16:45633024	2_ad	0	0.0006116654988174027	0.004330800676757964	0.0
chr16:45633024	1_h	0	0.0008945161161531731	0.008038202486983436	0.0
chr16:45640366	4_lc	0	0.0009896894304437013	0.010459775935830497	0.0
chr16:45640366	3_ec	0	0.00041113666910799827	0.00395705542105193	0.0
chr16:45640366	2_ad	0	0.0006075396262973269	0.0038785511335915615	0.0
chr16:45640366	1_h	0	0.0009097362577677054	0.008309401094401606	0.0
chr16:45664252	4_lc	0	0.0009098268160989436	0.007221024085742756	0.0
chr16:45664252	3_ec	0	0.00045332448860825006	0.00815985246070346	0.0
chr16:45664252	2_ad	0	0.0006181649969828145	0.004835675654337666	0.0
chr16:45664252	1_h	0	0.0009664320468919282	0.010541598907464204	0.0
chr16:45667618	4_lc	0	0.0009659799577847376	0.01122264384633775	0.0
chr16:45667618	3_ec	0	0.00042820797230962474	0.00454355996875445	0.0
chr16:45667618	2_ad	0	0.0008293321539623164	0.013556795420132871	0.0
chr16:45667618	1_h	0	0.000879967616302956	0.007224008169932703	0.0
chr16:45679330	4_lc	0	0.0009491243797309737	0.009173718830875092	0.0
chr16:45679330	3_ec	0	0.00045688489013503145	0.008279952009042482	0.0
chr16:45679330	2_ad	0	0.0006438666623944786	0.005587379172291532	0.0
chr16:45679330	1_h	0	0.0009094950464507665	0.00824881131199809	0.0
chr16:45729963	4_lc	0	0.000982368915264315	0.011811701900781442	0.0
chr16:45729963	3_ec	0	0.00042473733681031896	0.005143368690217208	0.0
chr16:45729963	2_ad	0	0.0006473264339035762	0.005812718527371974	0.0
chr16:45729963	1_h	0	0.0008310351704938929	0.006430286756269626	0.0
chr16:45742819	4_lc	0	0.0009392159093575307	0.009072614532423744	0.0
chr16:45742819	3_ec	0	0.00045392217181888935	0.005920289952543052	0.0
chr16:45742819	2_ad	0	0.000731981094650283	0.009308740555408361	0.0
chr16:45742819	1_h	0	0.0008525768666150313	0.00657938630812488	0.0
chr16:46049747	4_lc	0	0.0011004032368093738	0.013130289324463805	0.0
chr16:46049747	3_ec	0	0.0005309914409855128	0.009156932912807347	0.0
chr16:46049747	2_ad	0	0.0008762445315993082	0.01394547126548092	0.0
chr16:46049747	1_h	0	0.0009821966928516177	0.009972255324676868	0.0
chr16:46049751	4_lc	0	0.0010987748831712447	0.012701229086250324	0.0
chr16:46049751	3_ec	0	0.0004643172636466116	0.009173368206092354	0.0
chr16:46049751	2_ad	0	0.0008813218269022121	0.012768177537581558	0.0
chr16:46049751	1_h	0	0.0009501918058822893	0.011492145408286043	0.0
chr16:46099110	4_lc	0	0.001038685295627119	0.011514185032519787	0.0
chr16:46099110	3_ec	0	0.0004583421559673919	0.008528792358539435	0.0
chr16:46099110	2_ad	0	0.0007246317606432241	0.009075604569695488	0.0
chr16:46099110	1_h	0	0.0009516193413554405	0.009610776277447271	0.0
chr16:46117980	4_lc	0	0.0009067080033358954	0.007013657860204434	0.0
chr16:46117980	3_ec	0	0.000446725662627241	0.007485819325127846	0.0
chr16:46117980	2_ad	0	0.0005712029530378654	0.0014237428811994161	0.0
chr16:46117980	1_h	0	0.0009770927598080547	0.011520567445856448	0.0
chr16:48817255	4_lc	0	0.0009182610223690279	0.007710686713593665	0.0
chr16:48817255	3_ec	0	0.0004294662095329839	0.005818164416537114	0.0
chr16:48817255	2_ad	0	0.0005858673182875311	0.0020744487309221084	0.0
chr16:48817255	1_h	0	0.000772767121399997	0.002861643172221836	0.0
chr16:52166214	4_lc	0	0.000957556356788234	0.009764011576419134	0.0
chr16:52166214	3_ec	0	0.0004435489141855964	0.005820414967415981	0.0
chr16:52166214	2_ad	0	0.0006367967788287181	0.00656833773882564	0.0
chr16:52166214	1_h	0	0.000950195583366698	0.011234420081557915	0.0
chr16:55905753	4_lc	0	0.0010128684641443656	0.011838718393041977	0.0
chr16:55905753	3_ec	0	0.0003890543910504517	0.0018337749917585664	0.0
chr16:55905753	2_ad	0	0.000646190480751928	0.007732310913228343	0.0
chr16:55905753	1_h	0	0.0009320709632280812	0.010233135374127903	0.0
chr16:55905860	4_lc	0	0.000902305892775364	0.006863091650252149	0.0
chr16:55905860	3_ec	0	0.0004042797262067115	0.0033338230802004354	0.0
chr16:55905860	2_ad	0	0.0006488425205895799	0.006175045812477266	0.0
chr16:55905860	1_h	0	0.0008630536573926593	0.009877381436197773	0.0
chr16:55915200	4_lc	0	0.0009407847166823616	0.009250607228590326	0.0
chr16:55915200	3_ec	0	0.0003913992848017774	0.002093933680365535	0.0
chr16:55915200	2_ad	0	0.0006156781154184383	0.0047071993515411395	0.0
chr16:55915200	1_h	0	0.0008327841445879708	0.005458267789623344	0.0
chr16:55915316	4_lc	0	0.0009559167155575605	0.009688084854976619	0.0
chr16:55915316	3_ec	0	0.0004355229430430869	0.006217689961642123	0.0
chr16:55915316	2_ad	0	0.0006855837618458837	0.008197470208522507	0.0
chr16:55915316	1_h	0	0.0008167544468010617	0.005196437671809645	0.0
chr16:56034183	4_lc	0	0.0008969942492474402	0.006641683675132714	0.0
chr16:56034183	3_ec	0	0.00046487747690419397	0.009340827808594044	0.0
chr16:56034183	2_ad	0	0.0006127416099590245	0.004431278090206847	0.0
chr16:56034183	1_h	0	0.0008346600137891529	0.0072119875689071085	0.0
chr16:56650726	4_lc	0	0.0009486187834230076	0.010265644592520414	0.0
chr16:56650726	3_ec	0	0.00040202073371345913	0.002994042763143317	0.0
chr16:56650726	2_ad	0	0.0008513695581058478	0.011744869274664341	0.0
chr16:56650726	1_h	0	0.0010056920487779791	0.012781716224393409	0.0
chr16:56654050	4_lc	0	0.0009370358449080054	0.008353676978523713	0.0
chr16:56654050	3_ec	0	0.0004079386892182092	0.0036565583267057344	0.0
chr16:56654050	2_ad	0	0.0007181288219989219	0.01073575972726707	0.0
chr16:56654050	1_h	0	0.000818569209587283	0.005743892655759567	0.0
chr16:56668340	4_lc	0	0.0008830244736786607	0.006241478699014416	0.0
chr16:56668340	3_ec	0	0.0004373542156643316	0.006601142121501132	0.0
chr16:56668340	2_ad	0	0.0006034697137661471	0.003565690930033188	0.0
chr16:56668340	1_h	0	0.0008315780096402318	0.006929500177750916	0.0
chr16:57302207	4_lc	0	0.0009335523430928971	0.0086656853823792	0.0
chr16:57302207	3_ec	0	0.0004518729171421511	0.007958737744047721	0.0
chr16:57302207	2_ad	0	0.0006910443852773597	0.008589264183654239	0.0
chr16:57302207	1_h	0	0.0009268205895082908	0.00993512170144951	0.0
chr16:57571404	4_lc	0	0.0010732607413500353	0.013723626865690827	0.0
chr16:57571404	3_ec	0	0.00040599865102195246	0.0034629740397741143	0.0
chr16:57571404	2_ad	0	0.0006528822100275763	0.0083219324776621	0.0
chr16:57571404	1_h	0	0.0008244789645491823	0.006299252003762026	0.0
chr17:23291539	4_lc	0	0.0010310901186504602	0.011028630917768968	0.0
chr17:23291539	3_ec	0	0.0005163829167020684	0.010701709925647698	0.0
chr17:23291539	2_ad	0	0.0010314917032975416	0.015527468513993536	0.0
chr17:23291539	1_h	0	0.0009746202783075806	0.009692422627645208	0.0
chr17:35425194	4_lc	0	0.0008784586956060552	0.006170649161101164	0.0
chr17:35425194	3_ec	0	0.00046684017095158036	0.009514569841184728	0.0
chr17:35425194	2_ad	0	0.0006775565857242674	0.007741464008738644	0.0
chr17:35425194	1_h	0	0.0008771281320891104	0.007621591371723533	0.0
chr17:35425198	4_lc	0	0.0009004893870251555	0.006783240781160062	0.0
chr17:35425198	3_ec	0	0.0004501012045644793	0.0078688900694495	0.0
chr17:35425198	2_ad	0	0.0006517638585566297	0.008222793562794541	0.0
chr17:35425198	1_h	0	0.0008610584125516999	0.009695970893120133	0.0
chr17:35440154	4_lc	0	0.0009448164999173779	0.009535572645959119	0.0
chr17:35440154	3_ec	0	0.0004028505738139236	0.003187484749427336	0.0
chr17:35440154	2_ad	0	0.000712485996051866	0.01044920456746797	0.0
chr17:35440154	1_h	0	0.0008898547167960491	0.007699578039327121	0.0
chr1:12839899	4_lc	4	0.0021317413371359046	0.010009182667282186	0.0
chr1:12839899	3_ec	4	0.0027029323552529385	0.00945814813160173	0.0
chr1:12839899	2_ad	4	0.0025480459449255598	0.006192072764218975	0.0
chr1:12839899	1_h	4	0.4629518483732193	0.04784388308402166	0.5
chr1:170649754	4_lc	0	0.0009583932357144498	0.008809825470244684	0.0
chr1:170649754	3_ec	0	0.0003836294501434841	0.0014019489846312796	0.0
chr1:170649754	2_ad	0	0.0005951390611840017	0.002831334828172997	0.0
chr1:170649754	1_h	0	0.00082720098624106	0.006532798044139623	0.0
chr1:170669030	4_lc	0	0.00101076590731555	0.011769141526613897	0.0
chr1:170669030	3_ec	0	0.00038751372528066753	0.0016749848342324	0.0
chr1:170669030	2_ad	0	0.0006342414075581239	0.00597032770215886	0.0
chr1:170669030	1_h	0	0.0009827932521626129	0.011745832324254309	0.0
chr1:170841710	4_lc	0	0.0010214096374206146	0.011918936680474902	0.0
chr1:170841710	3_ec	0	0.00041982896004994164	0.004649276845405302	0.0
chr1:170841710	2_ad	0	0.0005989152772067761	0.0030889251512954286	0.0
chr1:170841710	1_h	0	0.0008858894088831529	0.008803890126613196	0.0
chr1:170874437	4_lc	0	0.0009326812514886754	0.008277186039105372	0.0
chr1:170874437	3_ec	0	0.0004171041123620192	0.0045077613496673245	0.0
chr1:170874437	2_ad	0	0.0007069797983801422	0.009970898666435999	0.0
chr1:170874437	1_h	0	0.0009461688801224074	0.00944195221866371	0.0
chr1:170880573	4_lc	0	0.001028030025804612	0.010908827926529	0.0
chr1:170880573	3_ec	0	0.0005587774980982993	0.010807317227858809	0.0
chr1:170880573	2_ad	0	0.0007964304662412289	0.010783869713765333	0.0
chr1:170880573	1_h	0	0.0009789501825144622	0.009778552719086665	0.0
chr1:170880578	4_lc	0	0.0010866506988183764	0.012369262321196653	0.0
chr1:170880578	3_ec	0	0.0004466609214556323	0.007298717226467334	0.0
chr1:170880578	2_ad	0	0.0006629075432822932	0.006660706044600966	0.0
chr1:170880578	1_h	0	0.0012774118109549735	0.015887451588555725	0.0
chr1:170885169	4_lc	0	0.0008731772593513218	0.006137114078668858	0.0
chr1:170885169	3_ec	0	0.0004334359773700134	0.006112257949068991	0.0
chr1:170885169	2_ad	0	0.0007843921767362745	0.010730493230190546	0.0
chr1:170885169	1_h	0	0.0010284078825293938	0.012435849642304727	0.0
chr1:170885283	4_lc	0	0.0010486946866471783	0.011895061482244338	0.0
chr1:170885283	3_ec	0	0.0003818664065379438	0.0009532054499511278	0.0
chr1:170885283	2_ad	0	0.0007434691111148002	0.009723841143638595	0.0
chr1:170885283	1_h	0	0.0016904971784642243	0.02196668028302149	0.0
chr1:170885284	4_lc	0	0.0009847361359503098	0.009977822799678166	0.0
chr1:170885284	3_ec	0	0.0003960243475793467	0.0023035079875280895	0.0
chr1:170885284	2_ad	0	0.0006703534032462332	0.007033586278816995	0.0
chr1:170885284	1_h	0	0.0014327997791739448	0.018050412196719566	0.0
chr1:170907535	4_lc	0	0.0009477660247884312	0.008463082919175883	0.0
chr1:170907535	3_ec	0	0.0003939505979315016	0.002317951459010958	0.0
chr1:170907535	2_ad	0	0.000794655706629354	0.01152623531240004	0.0
chr1:170907535	1_h	0	0.0008041466463923363	0.004575680901140994	0.0
chr1:170912262	4_lc	0	0.00107460101351739	0.013672103796389829	0.0
chr1:170912262	3_ec	0	0.00045624110592362477	0.008395702484574595	0.0
chr1:170912262	2_ad	0	0.0007169715613743914	0.010980499474949902	0.0
chr1:170912262	1_h	0	0.0009274368787953958	0.009755635981460835	0.0
chr1:170918246	4_lc	0	0.0010842044856728286	0.012337190378476621	0.0
chr1:170918246	3_ec	0	0.0004273636117437658	0.005121581219412777	0.0
chr1:170918246	2_ad	0	0.0006511537166398912	0.00614144105236871	0.0
chr1:170918246	1_h	0	0.0009639324570020664	0.010359741164891275	0.0
chr1:170921725	4_lc	0	0.0014142669711121058	0.01820618168031004	0.0
chr1:170921725	3_ec	0	0.0005766617530331305	0.012205130821314154	0.0
chr1:170921725	2_ad	0	0.0007953804310916065	0.011297340812576672	0.0
chr1:170921725	1_h	0	0.0010811930051554488	0.012092193569904984	0.0
chr1:170922278	4_lc	0	0.0009643102016579538	0.00873700291937585	0.0
chr1:170922278	3_ec	0	0.00039815891701928296	0.0025297820760523866	0.0
chr1:170922278	2_ad	0	0.0005960580016774479	0.002851550600235632	0.0
chr1:170922278	1_h	0	0.0008888158158917596	0.007292051404189756	0.0
chr1:170922395	4_lc	0	0.0008735884843064351	0.006138861667288274	0.0
chr1:170922395	3_ec	0	0.0004069859523737519	0.0035209072578908864	0.0
chr1:170922395	2_ad	0	0.0006535691257684976	0.006353947067127647	0.0
chr1:170922395	1_h	0	0.0008878892294477524	0.007487849843982228	0.0
chr1:170927476	4_lc	0	0.0008762243950056819	0.0061468955296949904	0.0
chr1:170927476	3_ec	0	0.0004310376336836061	0.005880832156707112	0.0
chr1:170927476	2_ad	0	0.0006848287354768752	0.007539267768811715	0.0
chr1:170927476	1_h	0	0.000885250939427404	0.007383219852574687	0.0
chr1:170963333	4_lc	0	0.0009923623106531118	0.009578942576917621	0.0
chr1:170963333	3_ec	0	0.0005024413549666322	0.008060394816128313	0.0
chr1:170963333	2_ad	0	0.0006687917861363436	0.006739770279698349	0.0
chr1:170963333	1_h	0	0.00126179077207678	0.014586288028344038	0.0
chr1:170966467	4_lc	0	0.000937441679353159	0.008228734017804183	0.0
chr1:170966467	3_ec	0	0.000436537578352109	0.006427998940496251	0.0
chr1:170966467	2_ad	0	0.0006201937975045968	0.0050473841480318925	0.0
chr1:170966467	1_h	0	0.0010765253779471185	0.013540809592881864	0.0
chr1:170966481	4_lc	0	0.0008784295853255296	0.006176408358726194	0.0
chr1:170966481	3_ec	0	0.0004809334586421957	0.007736210892814177	0.0
chr1:170966481	2_ad	0	0.0007290255662268169	0.009225248127320689	0.0
chr1:170966481	1_h	0	0.0009029682476428795	0.008313440537275512	0.0
chr1:170966616	4_lc	0	0.0008741000614718304	0.0061398004873786105	0.0
chr1:170966616	3_ec	0	0.0004165264123053202	0.00446366949461994	0.0
chr1:170966616	2_ad	0	0.0007489026743100962	0.010593022566608509	0.0
chr1:170966616	1_h	0	0.0009081003066433327	0.008641118239433183	0.0
chr1:171020004	4_lc	0	0.0009932194656655099	0.010598008385804268	0.0
chr1:171020004	3_ec	0	0.00037395467318979467	0.0007689659837426566	0.0
chr1:171020004	2_ad	0	0.0006283524016723795	0.00594014177346531	0.0
chr1:171020004	1_h	0	0.0008621850081997156	0.007189426568397243	0.0
chr1:171029259	4_lc	0	0.001056591227265209	0.011838516989582663	0.0
chr1:171029259	3_ec	0	0.00044386016459904356	0.005524762083227117	0.0
chr1:171029259	2_ad	0	0.0006462015710388657	0.007469880568942776	0.0
chr1:171029259	1_h	0	0.0008894074063121321	0.007470632901363189	0.0
chr1:171051722	4_lc	0	0.0009205837158707977	0.007388542564026918	0.0
chr1:171051722	3_ec	0	0.0003889021698257638	0.0016183799218829555	0.0
chr1:171051722	2_ad	0	0.0006720684408405596	0.010090967448376939	0.0
chr1:171051722	1_h	0	0.0008742234847280416	0.006611032081933332	0.0
chr1:171136127	4_lc	0	0.0008947212950400358	0.00655720809888177	0.0
chr1:171136127	3_ec	0	0.0004532368670543753	0.00815506706985834	0.0
chr1:171136127	2_ad	0	0.00061738484465145	0.004836720183217065	0.0
chr1:171136127	1_h	0	0.0009483872992640688	0.01157480021383342	0.0
chr1:171145805	4_lc	0	0.0010179132561658564	0.010378274703065453	0.0
chr1:171145805	3_ec	0	0.0004403072072108821	0.005235329789769457	0.0
chr1:171145805	2_ad	0	0.0007066675158043725	0.008434668816800927	0.0
chr1:171145805	1_h	0	0.0010599338196723787	0.012493022060024155	0.0
chr1:171150569	4_lc	0	0.0009248907052552544	0.008124180804754782	0.0
chr1:171150569	3_ec	0	0.0004056793913784453	0.0034229816907660293	0.0
chr1:171150569	2_ad	0	0.0006506272676875691	0.008092569436111426	0.0
chr1:171150569	1_h	0	0.000915943245360743	0.009047525070658013	0.0
chr1:171158798	4_lc	0	0.0010570563600078681	0.012488132863559431	0.0
chr1:171158798	3_ec	0	0.0004351442983283655	0.006277100030362367	0.0
chr1:171158798	2_ad	0	0.0007562682206469358	0.009628034356001906	0.0
chr1:171158798	1_h	0	0.0008782646886144477	0.008372727895570795	0.0
chr1:171225795	4_lc	0	0.0009564242099697644	0.010338851993231639	0.0
chr1:171225795	3_ec	0	0.00048519595130094764	0.007873794719368438	0.0
chr1:171225795	2_ad	0	0.0010424065208268208	0.015703542370977392	0.0
chr1:171225795	1_h	0	0.0012300643289167624	0.014498096973438276	0.0
chr1:171250901	4_lc	0	0.0010250568724638426	0.012861838955079067	0.0
chr1:171250901	3_ec	0	0.00038353576843974067	0.0013654394657692454	0.0
chr1:171250901	2_ad	0	0.0006261935231469979	0.005605215975949482	0.0
chr1:171250901	1_h	0	0.0008245493557576089	0.006292583137824713	0.0
chr1:171279519	4_lc	0	0.000887391803607089	0.0063261410300439426	0.0
chr1:171279519	3_ec	0	0.0004090806276551726	0.0037928681626505966	0.0
chr1:171279519	2_ad	0	0.0005751520409696383	0.0015048571742130382	0.0
chr1:171279519	1_h	0	0.0008860018223038331	0.008918612067783462	0.0
chr1:171284618	4_lc	0	0.0009902048991315337	0.009922555138035688	0.0
chr1:171284618	3_ec	0	0.00046024177909434954	0.008657032122298984	0.0
chr1:171284618	2_ad	0	0.0006274983956080323	0.0057882291886791086	0.0
chr1:171284618	1_h	0	0.0009137202526709089	0.011014047274587442	0.0
chr1:171344938	4_lc	0	0.001128066031526903	0.012929067412414143	0.0
chr1:171344938	3_ec	0	0.00043328691858711264	0.005850131821795632	0.0
chr1:171344938	2_ad	0	0.0006815502016868552	0.007794583035438003	0.0
chr1:171344938	1_h	0	0.0008950903963044143	0.009246149048385208	0.0
chr1:171360318	4_lc	0	0.0009109002973901207	0.007265049806037698	0.0
chr1:171360318	3_ec	0	0.0003838863764333256	0.0013966912731287833	0.0
chr1:171360318	2_ad	0	0.000661107170088316	0.009176300382676613	0.0
chr1:171360318	1_h	0	0.0009237843871992714	0.009801456864892663	0.0
chr1:171360646	4_lc	0	0.000909897116228643	0.007174027735064282	0.0
chr1:171360646	3_ec	0	0.0004191315780066778	0.004560002430425715	0.0
chr1:171360646	2_ad	0	0.0007208633800423497	0.008737483498859366	0.0
chr1:171360646	1_h	0	0.0008219998756720926	0.005062649951286399	0.0
chr1:171408430	4_lc	0	0.0009489323224589624	0.008263927688732199	0.0
chr1:171408430	3_ec	0	0.0004029680503372034	0.003111721570373723	0.0
chr1:171408430	2_ad	0	0.0007311688316315992	0.009315327215701384	0.0
chr1:171408430	1_h	0	0.0009606671847128402	0.012014442744938231	0.0
chr1:171408701	4_lc	0	0.0009345614235081338	0.008768360278786209	0.0
chr1:171408701	3_ec	0	0.00047025158245416805	0.007104038440593199	0.0
chr1:171408701	2_ad	0	0.0006025738655849094	0.0035573621368895888	0.0
chr1:171408701	1_h	0	0.0009489451314171266	0.011538281669646034	0.0
chr1:171409061	4_lc	0	0.0009706516187401802	0.011657239178812537	0.0
chr1:171409061	3_ec	0	0.0004360849878349595	0.006447494103951396	0.0
chr1:171409061	2_ad	0	0.0006245695525440938	0.0055181410882031105	0.0
chr1:171409061	1_h	0	0.0008357588224948247	0.005990367902014745	0.0
chr1:171409082	4_lc	0	0.0008720819716019662	0.006135342904054315	0.0
chr1:171409082	3_ec	0	0.00043566301099120955	0.006402709294638281	0.0
chr1:171409082	2_ad	0	0.0008241344650754055	0.013347948644186165	0.0
chr1:171409082	1_h	0	0.0009085408092832191	0.008577036014564391	0.0
chr1:171416853	4_lc	0	0.0009912969512434545	0.010440704394932039	0.0
chr1:171416853	3_ec	0	0.00041403521893229947	0.004170797355013451	0.0
chr1:171416853	2_ad	0	0.0006324516346396178	0.0061978449837841116	0.0
chr1:171416853	1_h	0	0.001034957065321846	0.011258346721511324	0.0
chr1:171504171	4_lc	0	0.0009687425056536588	0.009218738486656079	0.0
chr1:171504171	3_ec	0	0.0004917070203188561	0.007360928468841027	0.0
chr1:171504171	2_ad	0	0.0006730769824613785	0.007316803110988996	0.0
chr1:171504171	1_h	0	0.000845117421738334	0.008036609379535724	0.0
chr1:171530529	4_lc	0	0.0010139686494436272	0.012050026375598974	0.0
chr1:171530529	3_ec	0	0.0004304530269897899	0.005872701285895168	0.0
chr1:171530529	2_ad	0	0.0006826124281558485	0.00810033633079812	0.0
chr1:171530529	1_h	0	0.0008829071749615141	0.007332785834559005	0.0
chr1:171531730	4_lc	0	0.0009495549857182761	0.009915854205983189	0.0
chr1:171531730	3_ec	0	0.0004455924353542307	0.007420695374146499	0.0
chr1:171531730	2_ad	0	0.0007037574184431413	0.009796463981839759	0.0
chr1:171531730	1_h	0	0.0008351528503562662	0.007258993114064862	0.0
chr1:171577917	4_lc	0	0.0008958164449860256	0.006477656978250434	0.0
chr1:171577917	3_ec	0	0.0004527280722440517	0.005897936869944632	0.0
chr1:171577917	2_ad	0	0.000594094508330511	0.002693071830808867	0.0
chr1:171577917	1_h	0	0.0008260524255539274	0.005938462492759981	0.0
chr1:171579124	4_lc	0	0.0009080306705939873	0.0071222344826220455	0.0
chr1:171579124	3_ec	0	0.00043011545716226866	0.005803907708218564	0.0
chr1:171579124	2_ad	0	0.0007274506059975175	0.00916364275716969	0.0
chr1:171579124	1_h	0	0.0009023261410431376	0.007742456649169008	0.0
chr1:171579127	4_lc	0	0.0010237847377604714	0.012547348696987344	0.0
chr1:171579127	3_ec	0	0.0005678218422730676	0.011527621340595989	0.0
chr1:171579127	2_ad	0	0.0006913305903457665	0.007624234273765149	0.0
chr1:171579127	1_h	0	0.0009081049944164949	0.008614050451103774	0.0
chr1:171593907	4_lc	0	0.0010720550753543848	0.013442613036103323	0.0
chr1:171593907	3_ec	0	0.00041390737989260834	0.004195761730470424	0.0
chr1:171593907	2_ad	0	0.0008439855961900772	0.012302209990447214	0.0
chr1:171593907	1_h	0	0.000812858405186702	0.00523825694031941	0.0
chr1:171594032	4_lc	0	0.0009300055506101843	0.008459671954684897	0.0
chr1:171594032	3_ec	0	0.00044489603258172466	0.007330894224856587	0.0
chr1:171594032	2_ad	0	0.0006640909764136293	0.006851907117799487	0.0
chr1:171594032	1_h	0	0.0008309862728971385	0.006858932441571001	0.0
chr1:171599857	4_lc	0	0.0008934522569185709	0.006509333998653582	0.0
chr1:171599857	3_ec	0	0.00042384256251950603	0.005223170276333468	0.0
chr1:171599857	2_ad	0	0.0006999614819826488	0.009312435215891125	0.0
chr1:171599857	1_h	0	0.0009388792047290028	0.010595742598521779	0.0
chr1:171599888	4_lc	0	0.0010027547879000707	0.010177643399247878	0.0
chr1:171599888	3_ec	0	0.00043420391456282193	0.0058871755176166	0.0
chr1:171599888	2_ad	0	0.0006260779131124854	0.005590271959437307	0.0
chr1:171599888	1_h	0	0.000868823220562569	0.00713497505610108	0.0
chr1:171605172	4_lc	0	0.0008883846725851817	0.006350540940921437	0.0
chr1:171605172	3_ec	0	0.0004674535155106679	0.006902412343006102	0.0
chr1:171605172	2_ad	0	0.0006403426670480045	0.005869576036492759	0.0
chr1:171605172	1_h	0	0.0007753550692937553	0.002906223207589029	0.0
chr1:171605208	4_lc	0	0.0009082180871894048	0.006816975432401075	0.0
chr1:171605208	3_ec	0	0.0004732495835009994	0.009882503797124539	0.0
chr1:171605208	2_ad	0	0.0006664809836297435	0.009475121900028553	0.0
chr1:171605208	1_h	0	0.0010650254060022267	0.012462151147822544	0.0
chr1:171607284	4_lc	0	0.0009631677102307151	0.011011846192055367	0.0
chr1:171607284	3_ec	0	0.0005060995213214388	0.00966508699079405	0.0
chr1:171607284	2_ad	0	0.0006847603878696639	0.008169285972766114	0.0
chr1:171607284	1_h	0	0.0008625035619784779	0.00699205035849714	0.0
chr1:171638669	4_lc	0	0.0009644549308321789	0.008995708715984119	0.0
chr1:171638669	3_ec	0	0.0004868340402992615	0.008207025332270136	0.0
chr1:171638669	2_ad	0	0.0007773193502844442	0.010410509610874216	0.0
chr1:171638669	1_h	0	0.0008636429614846864	0.007033668844276848	0.0
chr1:171638683	4_lc	0	0.0009157317733092965	0.007138999717950967	0.0
chr1:171638683	3_ec	0	0.00040190695967044494	0.002804194419253671	0.0
chr1:171638683	2_ad	0	0.0006610223024083793	0.008999300240599094	0.0
chr1:171638683	1_h	0	0.0010389218361648318	0.011249357121849645	0.0
chr1:171682104	4_lc	0	0.0011160030171145341	0.014059080634770583	0.0
chr1:171682104	3_ec	0	0.0005079804730152457	0.00972752004214553	0.0
chr1:171682104	2_ad	0	0.0007405457766073432	0.009275121995865757	0.0
chr1:171682104	1_h	0	0.0009751000505202914	0.00970734387389042	0.0
chr1:171695858	4_lc	0	0.0009246900023266168	0.008124468333022744	0.0
chr1:171695858	3_ec	0	0.00044805254068941566	0.0075966832543349835	0.0
chr1:171695858	2_ad	0	0.0006688091275428151	0.00990343784205874	0.0
chr1:171695858	1_h	0	0.0009178700501647425	0.00845041734678638	0.0
chr1:171851835	4_lc	0	0.0009635044682231183	0.010991280831874745	0.0
chr1:171851835	3_ec	0	0.00044530797537732577	0.0058258110843278366	0.0
chr1:171851835	2_ad	0	0.000666589669861605	0.006917946308028031	0.0
chr1:171851835	1_h	0	0.0010535486941240324	0.01386680234286495	0.0
chr1:171885586	4_lc	0	0.0009550116199985598	0.008782998379912069	0.0
chr1:171885586	3_ec	0	0.0004994635841434374	0.009241299203663391	0.0
chr1:171885586	2_ad	0	0.0006789968226792014	0.007658802448649813	0.0
chr1:171885586	1_h	0	0.0009790783940924455	0.00978923791950055	0.0
chr1:172068242	4_lc	0	0.0009960272153979606	0.010767629025830183	0.0
chr1:172068242	3_ec	0	0.0004073884672404264	0.0036226053059233427	0.0
chr1:172068242	2_ad	0	0.0007063990625195778	0.009975618751849982	0.0
chr1:172068242	1_h	0	0.0008788500768975872	0.008492354552461492	0.0
chr1:172128723	4_lc	0	0.0009394909701024886	0.009131866730931314	0.0
chr1:172128723	3_ec	0	0.00037548968358886375	0.0007880756272651732	0.0
chr1:172128723	2_ad	0	0.0006503350214403146	0.00614401033217605	0.0
chr1:172128723	1_h	0	0.0010452345316921566	0.011284324435099984	0.0
chr1:172240058	4_lc	0	0.0009201969744295212	0.007723454016662298	0.0
chr1:172240058	3_ec	0	0.00045536790290212555	0.008324758840053084	0.0
chr1:172240058	2_ad	0	0.0006323173317255666	0.006332165918619207	0.0
chr1:172240058	1_h	0	0.0008727045706717915	0.007026552681825762	0.0
chr1:172244100	4_lc	0	0.0010114638783966666	0.01000870680247268	0.0
chr1:172244100	3_ec	0	0.0004398824408961428	0.006604276320426311	0.0
chr1:172244100	2_ad	0	0.0007529312855423522	0.01073117962250605	0.0
chr1:172244100	1_h	0	0.0008508608698791075	0.008251665706646169	0.0
chr1:172251297	4_lc	0	0.0010020539157847748	0.011164213087275231	0.0
chr1:172251297	3_ec	0	0.000450496459586815	0.007800815052031681	0.0
chr1:172251297	2_ad	0	0.0006619389613575635	0.00917245469502823	0.0
chr1:172251297	1_h	0	0.001002124870724672	0.010309931075626628	0.0
chr1:172255054	4_lc	0	0.0009493521202941691	0.008489418044360706	0.0
chr1:172255054	3_ec	0	0.00042065642035955613	0.004911671922438115	0.0
chr1:172255054	2_ad	0	0.0005774600362385121	0.0015831166286727903	0.0
chr1:172255054	1_h	0	0.0008447930029172512	0.008165327458826513	0.0
chr1:172317580	4_lc	0	0.00096289859998966	0.008945071663084074	0.0
chr1:172317580	3_ec	0	0.00042409716029677663	0.005287338878889847	0.0
chr1:172317580	2_ad	0	0.0006359561072635684	0.005363646420354446	0.0
chr1:172317580	1_h	0	0.0007889954330533951	0.0034786057384367324	0.0
chr1:172318712	4_lc	0	0.0009286324026466074	0.008373481998691493	0.0
chr1:172318712	3_ec	0	0.0004066094277923356	0.003538258162686253	0.0
chr1:172318712	2_ad	0	0.0006408425381050411	0.007141547163639032	0.0
chr1:172318712	1_h	0	0.0008484740173739576	0.006448077275093646	0.0
chr1:172369705	4_lc	0	0.0009751051724603382	0.011216381625651032	0.0
chr1:172369705	3_ec	0	0.00043952151945625043	0.004981826826413161	0.0
chr1:172369705	2_ad	0	0.0007191005537480863	0.010799422380908669	0.0
chr1:172369705	1_h	0	0.0008140519064652329	0.004911629831189211	0.0
chr1:172377316	4_lc	0	0.0009229779912283273	0.00794850713280047	0.0
chr1:172377316	3_ec	0	0.0005307821629138995	0.011585315395212575	0.0
chr1:172377316	2_ad	0	0.0006272122861497603	0.005622049954756593	0.0
chr1:172377316	1_h	0	0.000948967992998317	0.009502109506656864	0.0
chr1:172476174	4_lc	0	0.0010278739699908699	0.010888443567399042	0.0
chr1:172476174	3_ec	0	0.00040746252605803414	0.003560685507459701	0.0
chr1:172476174	2_ad	0	0.0006932912353540662	0.007764857076137699	0.0
chr1:172476174	1_h	0	0.0008404515474792463	0.006097967453285259	0.0
chr1:172476310	4_lc	0	0.0009246808741803775	0.008079195227745598	0.0
chr1:172476310	3_ec	0	0.00038291164787106755	0.0012851394331069644	0.0
chr1:172476310	2_ad	0	0.0006529926820566901	0.0060861924813555065	0.0
chr1:172476310	1_h	0	0.0009432109626007108	0.00922227803953189	0.0
chr1:172477430	4_lc	0	0.000963606021796994	0.011006273213744056	0.0
chr1:172477430	3_ec	0	0.0004680911750984933	0.006845526631612844	0.0
chr1:172477430	2_ad	0	0.0005974621604284666	0.003031284767702985	0.0
chr1:172477430	1_h	0	0.0008372891521532734	0.005879792845501005	0.0
chr1:172478072	4_lc	0	0.0009100643552464307	0.00724514615827424	0.0
chr1:172478072	3_ec	0	0.00046041167893659394	0.008828046298709792	0.0
chr1:172478072	2_ad	0	0.0006761115734297014	0.007566859129120729	0.0
chr1:172478072	1_h	0	0.0008982804934253446	0.008045302367005944	0.0
chr1:172484869	4_lc	0	0.0009611384927704302	0.008954529519011994	0.0
chr1:172484869	3_ec	0	0.00045073534219785313	0.005566078100552572	0.0
chr1:172484869	2_ad	0	0.0007375361375461549	0.009592263550429091	0.0
chr1:172484869	1_h	0	0.0010789659607818988	0.011983020696630672	0.0
chr1:172493544	4_lc	0	0.00103166108921278	0.013012171868140819	0.0
chr1:172493544	3_ec	0	0.000501628846390706	0.009250631052641279	0.0
chr1:172493544	2_ad	0	0.000823228414985369	0.011463270390549415	0.0
chr1:172493544	1_h	0	0.001019241556377324	0.011797820263566709	0.0
chr1:172493614	4_lc	0	0.0008943377945674348	0.006532933859390698	0.0
chr1:172493614	3_ec	0	0.00041189512128096483	0.003995023908486896	0.0
chr1:172493614	2_ad	0	0.0006204858579092652	0.005077555866636422	0.0
chr1:172493614	1_h	0	0.0010152879113322461	0.011729506294474078	0.0
chr1:172497127	4_lc	0	0.0009973720665026316	0.010864881146502638	0.0
chr1:172497127	3_ec	0	0.0004300423012024746	0.005834601125730782	0.0
chr1:172497127	2_ad	0	0.000744847392870359	0.010248676311387461	0.0
chr1:172497127	1_h	0	0.000826743947459415	0.006427282942598067	0.0
chr1:172498480	4_lc	0	0.0009093843946667447	0.007175105022481346	0.0
chr1:172498480	3_ec	0	0.000451399815372893	0.007908679466572036	0.0
chr1:172498480	2_ad	0	0.0006933815689527026	0.00875421863182729	0.0
chr1:172498480	1_h	0	0.0009046384545206199	0.01036749892932062	0.0
chr1:172584483	4_lc	0	0.0009510898448198253	0.010057789273434127	0.0
chr1:172584483	3_ec	0	0.00039555852106428564	0.0024549895439775573	0.0
chr1:172584483	2_ad	0	0.0008449022104503769	0.012384625599449552	0.0
chr1:172584483	1_h	0	0.0008423704021252393	0.0060110986098847055	0.0
chr1:172587924	4_lc	0	0.0009623843798426357	0.01091170975238247	0.0
chr1:172587924	3_ec	0	0.000454681094120314	0.0064639794900081754	0.0
chr1:172587924	2_ad	0	0.00065764847066734	0.006383273296208221	0.0
chr1:172587924	1_h	0	0.0008666890455751126	0.01023009565817706	0.0
chr1:172587951	4_lc	0	0.0010566983546658278	0.012381888065854151	0.0
chr1:172587951	3_ec	0	0.00044566707844495443	0.007335321544805993	0.0
chr1:172587951	2_ad	0	0.0006525069527895696	0.008242998344808048	0.0
chr1:172587951	1_h	0	0.0009227265021223591	0.009200522005647983	0.0
chr1:172597669	4_lc	0	0.0008910480588733433	0.006422739142325706	0.0
chr1:172597669	3_ec	0	0.00044384735896860645	0.005317288830757004	0.0
chr1:172597669	2_ad	0	0.0007157166326449341	0.010556618490324658	0.0
chr1:172597669	1_h	0	0.0009339689219496303	0.008781660118377107	0.0
chr1:172597802	4_lc	0	0.0009768867532269508	0.009686355058912096	0.0
chr1:172597802	3_ec	0	0.0005011844631345679	0.009406510738914057	0.0
chr1:172597802	2_ad	0	0.000639499437151564	0.005584406479206035	0.0
chr1:172597802	1_h	0	0.0008156920765322031	0.005426483266722055	0.0
chr1:172598290	4_lc	0	0.0009382722649875316	0.009057111730108878	0.0
chr1:172598290	3_ec	0	0.0004536932871082426	0.008224865201979868	0.0
chr1:172598290	2_ad	0	0.0006394960019756355	0.006976130413940232	0.0
chr1:172598290	1_h	0	0.0009167190573992775	0.011320176461954061	0.0
chr1:172599200	4_lc	0	0.0009937863395111262	0.010724113212836853	0.0
chr1:172599200	3_ec	0	0.00040550298941500367	0.0034494707681136886	0.0
chr1:172599200	2_ad	0	0.0007470971839551234	0.010349849641568928	0.0
chr1:172599200	1_h	0	0.0008354325232873206	0.005912918619190311	0.0
chr1:172698921	4_lc	0	0.0008773057079163436	0.006163466482047057	0.0
chr1:172698921	3_ec	0	0.0005061433066199983	0.009678335451498321	0.0
chr1:172698921	2_ad	0	0.0006085995751428802	0.004075057416078268	0.0
chr1:172698921	1_h	0	0.0008384618534318765	0.007499165010920805	0.0
chr1:172894327	4_lc	0	0.0009949355986423626	0.01065178602229983	0.0
chr1:172894327	3_ec	0	0.0004131730758889347	0.004143865881264244	0.0
chr1:172894327	2_ad	0	0.0007576275847593139	0.011049878226550392	0.0
chr1:172894327	1_h	0	0.0009096783377587616	0.008361918157661543	0.0
chr1:173130315	4_lc	0	0.0009394628916846841	0.009132409108187294	0.0
chr1:173130315	3_ec	0	0.000450653735716907	0.007884545436106975	0.0
chr1:173130315	2_ad	0	0.0007401227872825833	0.00989234212217108	0.0
chr1:173130315	1_h	0	0.0008599575176753775	0.007131239047628859	0.0
chr1:173183633	4_lc	0	0.0009225788387235386	0.007913649163657544	0.0
chr1:173183633	3_ec	0	0.00045852476751805354	0.008627060365938355	0.0
chr1:173183633	2_ad	0	0.0006988312609046702	0.009436354919314832	0.0
chr1:173183633	1_h	0	0.0010309365330537302	0.012554781988728943	0.0
chr1:173184360	4_lc	0	0.000994561564472084	0.009596146054124576	0.0
chr1:173184360	3_ec	0	0.0004120343872232756	0.004086142526878851	0.0
chr1:173184360	2_ad	0	0.0005820809085397511	0.0018110721956781724	0.0
chr1:173184360	1_h	0	0.0008284183662803651	0.006618522458050632	0.0
chr1:173203994	4_lc	0	0.0009993496922519577	0.011026125172627325	0.0
chr1:173203994	3_ec	0	0.0004196097949415712	0.0047697634051819815	0.0
chr1:173203994	2_ad	0	0.0007186777455126991	0.011033750439448896	0.0
chr1:173203994	1_h	0	0.0009769654302105165	0.011307734032870888	0.0
chr1:173222578	4_lc	0	0.0009540529877884074	0.008533322978751905	0.0
chr1:173222578	3_ec	0	0.0004903444553234251	0.00845590960881599	0.0
chr1:173222578	2_ad	0	0.0006320097672878781	0.006259230833975813	0.0
chr1:173222578	1_h	0	0.0009266012746814818	0.009981431759397523	0.0
chr1:173222761	4_lc	0	0.0009489534687270551	0.00987524573771376	0.0
chr1:173222761	3_ec	0	0.00043918014042787946	0.005190173362551564	0.0
chr1:173222761	2_ad	0	0.0005927447706398106	0.0025861962585143265	0.0
chr1:173222761	1_h	0	0.0009014569799897117	0.010354075742183904	0.0
chr1:173270447	4_lc	0	0.0009197567566273648	0.007776362551628869	0.0
chr1:173270447	3_ec	0	0.0004180052731839676	0.004670976378680212	0.0
chr1:173270447	2_ad	0	0.0006558524938708581	0.00867790141819863	0.0
chr1:173270447	1_h	0	0.0008662306737962657	0.007621958447331827	0.0
chr1:173271018	4_lc	0	0.0009827646794356108	0.009606836630536502	0.0
chr1:173271018	3_ec	0	0.0005042110846412729	0.009553718746684056	0.0
chr1:173271018	2_ad	0	0.0006706898794129874	0.0072753160414493956	0.0
chr1:173271018	1_h	0	0.0008217409235184685	0.005776920719746054	0.0
chr1:173271097	4_lc	0	0.0008804274462356357	0.006192480096045777	0.0
chr1:173271097	3_ec	0	0.00042228660714106503	0.004979018454607901	0.0
chr1:173271097	2_ad	0	0.0005783269350358699	0.0016065766390371543	0.0
chr1:173271097	1_h	0	0.0010559673751774396	0.012051405329460124	0.0
chr1:173332148	4_lc	0	0.0009512931569596102	0.010095501432440682	0.0
chr1:173332148	3_ec	0	0.00040212723579380213	0.0030280668826658565	0.0
chr1:173332148	2_ad	0	0.0006911130457563113	0.008021619438947867	0.0
chr1:173332148	1_h	0	0.0008791326309298355	0.007052104241421575	0.0
chr1:173332289	4_lc	0	0.0009008835145105025	0.006816224520879629	0.0
chr1:173332289	3_ec	0	0.00046355681141497065	0.006712078816798445	0.0
chr1:173332289	2_ad	0	0.0007198580415516526	0.01099991561491016	0.0
chr1:173332289	1_h	0	0.0009035415703506716	0.010429484643330815	0.0
chr1:173332330	4_lc	0	0.001092968409070275	0.012674338904545389	0.0
chr1:173332330	3_ec	0	0.00042240240681493086	0.004987669609747856	0.0
chr1:173332330	2_ad	0	0.0007490017502118312	0.009356177881521849	0.0
chr1:173332330	1_h	0	0.0009498090284150257	0.009512909370361982	0.0
chr1:173332331	4_lc	0	0.001080130742431245	0.012057859326115711	0.0
chr1:173332331	3_ec	0	0.000531381831444954	0.009119835942326541	0.0
chr1:173332331	2_ad	0	0.0010895823272492387	0.017648301680260672	0.0
chr1:173332331	1_h	0	0.0011862728567483356	0.014202688427946145	0.0
chr1:173332388	4_lc	0	0.0010235591463223827	0.010669513738221326	0.0
chr1:173332388	3_ec	0	0.00039911453572099036	0.0027880342234351974	0.0
chr1:173332388	2_ad	0	0.0010683457732500244	0.01669327779540316	0.0
chr1:173332388	1_h	0	0.0008275363017581725	0.006544260201094552	0.0
chr1:173332418	4_lc	0	0.0009757919682031701	0.009588749070887435	0.0
chr1:173332418	3_ec	0	0.00041117999534053933	0.00398748999812712	0.0
chr1:173332418	2_ad	0	0.0005977812008887476	0.00299431586898587	0.0
chr1:173332418	1_h	0	0.0009237577519268892	0.00978336921153777	0.0
chr1:173332725	4_lc	0	0.0009546546763815812	0.010330445485060229	0.0
chr1:173332725	3_ec	0	0.0004678640614582076	0.00960826701154533	0.0
chr1:173332725	2_ad	0	0.0007397867628118046	0.009869595822105256	0.0
chr1:173332725	1_h	0	0.0008855134746357418	0.007442672457793661	0.0
chr1:173332784	4_lc	0	0.0010237813334517867	0.01049994058758716	0.0
chr1:173332784	3_ec	0	0.0004673236705216809	0.009285674630776654	0.0
chr1:173332784	2_ad	0	0.000574688592828688	0.0014555797716949018	0.0
chr1:173332784	1_h	0	0.0009438919349518006	0.011005170950499047	0.0
chr1:173332922	4_lc	0	0.0009163307519097724	0.007603427334390984	0.0
chr1:173332922	3_ec	0	0.0004445131951074905	0.005858465788150789	0.0
chr1:173332922	2_ad	0	0.0006474990874082208	0.006119342155843269	0.0
chr1:173332922	1_h	0	0.0008085824400736691	0.004929609806098569	0.0
chr1:173459709	4_lc	0	0.0009672616411663396	0.009129194087882993	0.0
chr1:173459709	3_ec	0	0.0004354720025641117	0.006270908369817445	0.0
chr1:173459709	2_ad	0	0.0007465916185373889	0.009417293958711043	0.0
chr1:173459709	1_h	0	0.0009919024480728872	0.011920570563165865	0.0
chr1:173526483	4_lc	0	0.001121421503119209	0.01417461611186457	0.0
chr1:173526483	3_ec	0	0.0005830522815418508	0.010528637741304383	0.0
chr1:173526483	2_ad	0	0.0006967996270143753	0.007970673561974197	0.0
chr1:173526483	1_h	0	0.001001519025031801	0.010908417556423806	0.0
chr1:173526492	4_lc	0	0.0010556239489274211	0.011991087836300082	0.0
chr1:173526492	3_ec	0	0.00045160223542077836	0.006112905101636297	0.0
chr1:173526492	2_ad	0	0.0005780046384633196	0.0015907224851070393	0.0
chr1:173526492	1_h	0	0.0008312306638435828	0.005362746235615348	0.0
chr1:173526548	4_lc	0	0.0009313815234006063	0.00800103715194319	0.0
chr1:173526548	3_ec	0	0.000414575235670323	0.004335458270041675	0.0
chr1:173526548	2_ad	0	0.0007079640901928425	0.010036314691533706	0.0
chr1:173526548	1_h	0	0.0008400465690786669	0.006090491813240947	0.0
chr1:173526646	4_lc	0	0.0009278069352062505	0.008295317794417138	0.0
chr1:173526646	3_ec	0	0.0004263790235804293	0.005499086075557128	0.0
chr1:173526646	2_ad	0	0.000656449439676257	0.008701323741321342	0.0
chr1:173526646	1_h	0	0.000837171230610749	0.005755096117141582	0.0
chr1:173637426	4_lc	0	0.0009359960273599833	0.008251013115782885	0.0
chr1:173637426	3_ec	0	0.0004432362774734981	0.007179941740277213	0.0
chr1:173637426	2_ad	0	0.0006369702158828117	0.005931178334234031	0.0
chr1:173637426	1_h	0	0.0008493653155500452	0.008533075943122916	0.0
chr1:173641048	4_lc	0	0.0010160214038146109	0.012128687285803087	0.0
chr1:173641048	3_ec	0	0.00045945824700961187	0.008740139431174071	0.0
chr1:173641048	2_ad	0	0.0006452705244480457	0.0075374394494236	0.0
chr1:173641048	1_h	0	0.0008763710954587962	0.00819036080519863	0.0
chr1:173642586	4_lc	0	0.0010077290477414065	0.011537525378198356	0.0
chr1:173642586	3_ec	0	0.0004471398584230759	0.005455566288274846	0.0
chr1:173642586	2_ad	0	0.0008712268617681444	0.012588715442478466	0.0
chr1:173642586	1_h	0	0.000860411268315209	0.009500287404720392	0.0
chr1:173642595	4_lc	0	0.001003292621086426	0.011343653627002225	0.0
chr1:173642595	3_ec	0	0.0003737008410792395	0.000764517269297731	0.0
chr1:173642595	2_ad	0	0.0007175785230919185	0.010763044791719082	0.0
chr1:173642595	1_h	0	0.0009721170654707161	0.010793042972462981	0.0
chr1:173642682	4_lc	0	0.0009666007404576886	0.009076501874511783	0.0
chr1:173642682	3_ec	0	0.0004373596887982312	0.004994280756462576	0.0
chr1:173642682	2_ad	0	0.0008889962283492875	0.013079923657959154	0.0
chr1:173642682	1_h	0	0.0008801417347132496	0.008473219439930497	0.0
chr1:173642683	4_lc	0	0.0008819986031191165	0.006212513957528092	0.0
chr1:173642683	3_ec	0	0.00038540083319671067	0.0014404843668517438	0.0
chr1:173642683	2_ad	0	0.0007379367260220452	0.009727014241172517	0.0
chr1:173642683	1_h	0	0.0009568892094564003	0.009528234359977307	0.0
chr1:173677847	4_lc	0	0.0010631467460327866	0.012940953826204528	0.0
chr1:173677847	3_ec	0	0.000515185808392011	0.010326802185291518	0.0
chr1:173677847	2_ad	0	0.0009306515792106943	0.013687872067780906	0.0
chr1:173677847	1_h	0	0.0009812590528052703	0.009922466544255873	0.0
chr1:173678946	4_lc	0	0.0010018069125233371	0.010233692351563621	0.0
chr1:173678946	3_ec	0	0.0004663146437780502	0.00944852085767592	0.0
chr1:173678946	2_ad	0	0.0006352870031426629	0.005520333067519755	0.0
chr1:173678946	1_h	0	0.0008738798081442067	0.008025116927177034	0.0
chr1:173683103	4_lc	0	0.000988517516109367	0.010280043329895181	0.0
chr1:173683103	3_ec	0	0.0004530387785941908	0.007971764806579627	0.0
chr1:173683103	2_ad	0	0.00116834943171599	0.018122391743585226	0.0
chr1:173683103	1_h	0	0.0008675254591106719	0.006907624198091203	0.0
chr1:173695597	4_lc	0	0.0009345590619952841	0.008755592815753081	0.0
chr1:173695597	3_ec	0	0.0005523889933378705	0.010609051699148409	0.0
chr1:173695597	2_ad	0	0.0005809815077471677	0.0015758611770601814	0.0
chr1:173695597	1_h	0	0.0011114346131278815	0.013017816652662838	0.0
chr1:173727761	4_lc	0	0.0009374247655949818	0.008991703059283526	0.0
chr1:173727761	3_ec	0	0.00045313892984179727	0.008137909871282656	0.0
chr1:173727761	2_ad	0	0.0007243089724216536	0.009051372811555124	0.0
chr1:173727761	1_h	0	0.0007911634691662085	0.003630645071141446	0.0
chr1:173732280	4_lc	0	0.0009265838688414634	0.008206243972101937	0.0
chr1:173732280	3_ec	0	0.00046879739725217453	0.00967592627355386	0.0
chr1:173732280	2_ad	0	0.0007801105174785432	0.010622915752263658	0.0
chr1:173732280	1_h	0	0.0009005184999995534	0.00819250447916264	0.0
chr1:173732310	4_lc	0	0.0010224446816745841	0.010382398004642723	0.0
chr1:173732310	3_ec	0	0.00041220187132322235	0.003890992710749494	0.0
chr1:173732310	2_ad	0	0.0007004666551056983	0.009310153171818129	0.0
chr1:173732310	1_h	0	0.0008651736911583571	0.009561380031735997	0.0
chr1:173732408	4_lc	0	0.0008992107794668472	0.0067090147065993816	0.0
chr1:173732408	3_ec	0	0.0004997127863565937	0.00935236772509037	0.0
chr1:173732408	2_ad	0	0.0007368572896351999	0.009693528210631004	0.0
chr1:173732408	1_h	0	0.0009888321659990932	0.011867224133886363	0.0
chr1:173751632	4_lc	0	0.0009092782786226848	0.007178248333747163	0.0
chr1:173751632	3_ec	0	0.0004073966834352616	0.003632947843368938	0.0
chr1:173751632	2_ad	0	0.0006405279626816295	0.007135372227199084	0.0
chr1:173751632	1_h	0	0.0008702116633440022	0.007835243473326413	0.0
chr1:173752015	4_lc	0	0.0009173108543641142	0.007595412622403044	0.0
chr1:173752015	3_ec	0	0.00047846122245212504	0.007665675941000805	0.0
chr1:173752015	2_ad	0	0.0007993121046185156	0.011516544002952704	0.0
chr1:173752015	1_h	0	0.001143944010904725	0.013149441339759078	0.0
chr1:173752043	4_lc	0	0.0009921050448195342	0.009992249149304612	0.0
chr1:173752043	3_ec	0	0.0005990348153527994	0.011272510027113866	0.0
chr1:173752043	2_ad	0	0.000872266782234059	0.01395215485317829	0.0
chr1:173752043	1_h	0	0.0010566431523171401	0.011917460532894546	0.0
chr1:173755645	4_lc	0	0.001020154784216549	0.012214967073249842	0.0
chr1:173755645	3_ec	0	0.0004424250373831456	0.005670376009594146	0.0
chr1:173755645	2_ad	0	0.0008350015962529175	0.011932716633618215	0.0
chr1:173755645	1_h	0	0.0009936022450524526	0.012393856342566921	0.0
chr1:173755683	4_lc	0	0.0009096441475666197	0.007223286401225847	0.0
chr1:173755683	3_ec	0	0.0004655189155946106	0.006678631155311078	0.0
chr1:173755683	2_ad	0	0.0008533239015028755	0.01217814125809691	0.0
chr1:173755683	1_h	0	0.000986317160221445	0.010441087837343571	0.0
chr1:173755714	4_lc	0	0.0009626756324719077	0.008927435880167287	0.0
chr1:173755714	3_ec	0	0.0004117384391675312	0.0038489505730780753	0.0
chr1:173755714	2_ad	0	0.0006718810715467744	0.007232021322070879	0.0
chr1:173755714	1_h	0	0.0012077782039576481	0.014883867843612886	0.0
chr1:173759476	4_lc	0	0.0009532338650720362	0.00857084003044931	0.0
chr1:173759476	3_ec	0	0.0004012177129399056	0.0029595847301049035	0.0
chr1:173759476	2_ad	0	0.0007864410607531323	0.010866475986956932	0.0
chr1:173759476	1_h	0	0.0009734598729623427	0.010899569754797554	0.0
chr1:173759539	4_lc	0	0.0009573271733118199	0.008496334013415582	0.0
chr1:173759539	3_ec	0	0.0005026048407956698	0.007307808109660135	0.0
chr1:173759539	2_ad	0	0.0012401938197174336	0.019634588308223636	0.0
chr1:173759539	1_h	0	0.001982193469756308	0.024382592065917617	0.0
chr1:173924127	4_lc	0	0.0009563177863302186	0.01039303657837199	0.0
chr1:173924127	3_ec	0	0.00046379746575846224	0.0091976567218509	0.0
chr1:173924127	2_ad	0	0.0008317878811892381	0.011800418876209183	0.0
chr1:173924127	1_h	0	0.0008668951477104567	0.007667310524360375	0.0
chr1:173926985	4_lc	0	0.0010247057760821862	0.012609430793522638	0.0
chr1:173926985	3_ec	0	0.0004437944735783354	0.007172507892035539	0.0
chr1:173926985	2_ad	0	0.0006306192248101817	0.006241785444291155	0.0
chr1:173926985	1_h	0	0.0009448561607105914	0.00944364062012288	0.0
chr1:173937851	4_lc	0	0.0009710013261123642	0.00933942245842634	0.0
chr1:173937851	3_ec	0	0.00042565914715324873	0.005366550897375806	0.0
chr1:173937851	2_ad	0	0.000772472533212036	0.012284523975317098	0.0
chr1:173937851	1_h	0	0.0008809513399454221	0.008536835105511224	0.0
chr1:173938005	4_lc	0	0.001045629546722358	0.011777952242395622	0.0
chr1:173938005	3_ec	0	0.0004242121937983602	0.005012100097680304	0.0
chr1:173938005	2_ad	0	0.000987794374812902	0.014793607635734615	0.0
chr1:173938005	1_h	0	0.001027842780149431	0.011366408566413523	0.0
chr1:173963817	4_lc	0	0.0009404045990862935	0.008379594706930577	0.0
chr1:173963817	3_ec	0	0.0004158823982357541	0.004428526890526234	0.0
chr1:173963817	2_ad	0	0.0008479439355448403	0.012009262853266978	0.0
chr1:173963817	1_h	0	0.0009348845717424217	0.010490810142901397	0.0
chr1:173963976	4_lc	0	0.0009391505460604698	0.009083334086556741	0.0
chr1:173963976	3_ec	0	0.0004359277480729423	0.006412441765636301	0.0
chr1:173963976	2_ad	0	0.0006605572155163898	0.0065028119486637845	0.0
chr1:173963976	1_h	0	0.0008671239931125169	0.006972562729455098	0.0
chr1:173971432	4_lc	0	0.0010758831165629033	0.013718109252703906	0.0
chr1:173971432	3_ec	0	0.00044851182747060437	0.007649587600933372	0.0
chr1:173971432	2_ad	0	0.0005877189339589633	0.0021918875034513076	0.0
chr1:173971432	1_h	0	0.0008351816996929859	0.007239514583164529	0.0
chr1:173972304	4_lc	0	0.0010302416104985392	0.012497239193219377	0.0
chr1:173972304	3_ec	0	0.0005106281409172245	0.009973999559093569	0.0
chr1:173972304	2_ad	0	0.0007543117024748132	0.00971589827055464	0.0
chr1:173972304	1_h	0	0.0009069540655147684	0.008249146060042654	0.0
chr1:173974843	4_lc	0	0.0010379466437493263	0.011483156168360724	0.0
chr1:173974843	3_ec	0	0.0004082423102069088	0.003684638754679313	0.0
chr1:173974843	2_ad	0	0.0006927931502386766	0.008871040838150088	0.0
chr1:173974843	1_h	0	0.0009325030717601353	0.008845822831746637	0.0
chr1:173974844	4_lc	0	0.0009154506764210092	0.007520371994838228	0.0
chr1:173974844	3_ec	0	0.00037625606576551006	0.000854380877317222	0.0
chr1:173974844	2_ad	0	0.0007023078625467323	0.009639161105119172	0.0
chr1:173974844	1_h	0	0.0009293517587114062	0.008669521773605623	0.0
chr1:173977342	4_lc	0	0.0009658211754764658	0.009232993606247786	0.0
chr1:173977342	3_ec	0	0.00045636658353792267	0.00844717914996205	0.0
chr1:173977342	2_ad	0	0.0006395102444605248	0.005886211154199036	0.0
chr1:173977342	1_h	0	0.0008761067282652277	0.008280783379029353	0.0
chr1:173977345	4_lc	0	0.000900085218547477	0.006759907183502937	0.0
chr1:173977345	3_ec	0	0.000391460004270548	0.002065627232893893	0.0
chr1:173977345	2_ad	0	0.0006844470329421095	0.008035558095183432	0.0
chr1:173977345	1_h	0	0.0009076832149545197	0.01068678556258934	0.0
chr1:173977346	4_lc	0	0.000972324787274276	0.009350652227716829	0.0
chr1:173977346	3_ec	0	0.00046902699735963384	0.009680533654892092	0.0
chr1:173977346	2_ad	0	0.000716779585028556	0.00889156926183647	0.0
chr1:173977346	1_h	0	0.0009192789002786	0.009214943022788023	0.0
chr1:174027285	4_lc	0	0.0009657795098946435	0.011223559226951584	0.0
chr1:174027285	3_ec	0	0.0004440619698667151	0.00721688310245984	0.0
chr1:174027285	2_ad	0	0.0006819115127157138	0.008006733749474354	0.0
chr1:174027285	1_h	0	0.0010160225259668021	0.01182816653385782	0.0
chr1:174027320	4_lc	0	0.0009399802936992583	0.009185027983685541	0.0
chr1:174027320	3_ec	0	0.0004439350907301765	0.007235875960881333	0.0
chr1:174027320	2_ad	0	0.0006585678020617031	0.008846712301870901	0.0
chr1:174027320	1_h	0	0.0009014173674652675	0.008312270010365443	0.0
chr1:174028272	4_lc	0	0.001015046715366296	0.01209904324034615	0.0
chr1:174028272	3_ec	0	0.0004610643433408776	0.008871498182070572	0.0
chr1:174028272	2_ad	0	0.0007990989239372065	0.011573024052560384	0.0
chr1:174028272	1_h	0	0.0008198718944918198	0.00492182618310198	0.0
chr1:174042217	4_lc	0	0.0009918262066332512	0.009671067680044393	0.0
chr1:174042217	3_ec	0	0.00038424941270135033	0.0013100152402560216	0.0
chr1:174042217	2_ad	0	0.000742144546979519	0.00986410321245259	0.0
chr1:174042217	1_h	0	0.0009614403363936669	0.009234965101927648	0.0
chr1:174042510	4_lc	0	0.0009187019882519217	0.0072904885216666555	0.0
chr1:174042510	3_ec	0	0.0004108583481068372	0.0037801867897914654	0.0
chr1:174042510	2_ad	0	0.0006276104254371105	0.005777823131466023	0.0
chr1:174042510	1_h	0	0.0008215385326487203	0.005608019832372077	0.0
chr1:174042763	4_lc	0	0.0009699561755527556	0.009287132916332803	0.0
chr1:174042763	3_ec	0	0.0004727301457005789	0.006703164362904971	0.0
chr1:174042763	2_ad	0	0.0006343690929674461	0.006567332188747901	0.0
chr1:174042763	1_h	0	0.0008367230150979693	0.005788257079822125	0.0
chr1:174050519	4_lc	0	0.001003538955281541	0.009861487709157667	0.0
chr1:174050519	3_ec	0	0.0006054661208458006	0.010868990702523595	0.0
chr1:174050519	2_ad	0	0.0006305457582868475	0.006186178953611862	0.0
chr1:174050519	1_h	0	0.0008651392662787304	0.00733038805625001	0.0
chr1:174051310	4_lc	0	0.0009726618102374779	0.009398097431528661	0.0
chr1:174051310	3_ec	0	0.00044452050988095604	0.007230440088489427	0.0
chr1:174051310	2_ad	0	0.0008458065709631336	0.011794375414256935	0.0
chr1:174051310	1_h	0	0.0009439008670787197	0.009206692378358113	0.0
chr1:174069533	4_lc	0	0.000942218964156609	0.008185352824186488	0.0
chr1:174069533	3_ec	0	0.0005117248316075116	0.010382896763251456	0.0
chr1:174069533	2_ad	0	0.0006299231071216734	0.006049535228280484	0.0
chr1:174069533	1_h	0	0.0010123512671532454	0.011384822778529582	0.0
chr1:174089147	4_lc	0	0.0009021988220097999	0.006832239276053243	0.0
chr1:174089147	3_ec	0	0.00044039036821520006	0.006855584791989879	0.0
chr1:174089147	2_ad	0	0.0006706467171761928	0.007236415524591759	0.0
chr1:174089147	1_h	0	0.0009462596341357165	0.009380592571373182	0.0
chr1:174099583	4_lc	0	0.0010586440294964117	0.012681366324268894	0.0
chr1:174099583	3_ec	0	0.0003840023073323456	0.0010749619773426534	0.0
chr1:174099583	2_ad	0	0.0009113440005225426	0.013916846383181341	0.0
chr1:174099583	1_h	0	0.0015311264239753351	0.01874052772045411	0.0
chr1:174099589	4_lc	0	0.00110193496234503	0.013241796366716447	0.0
chr1:174099589	3_ec	0	0.0006020842275588507	0.011566375031082264	0.0
chr1:174099589	2_ad	0	0.0007238415391119227	0.008878569125542302	0.0
chr1:174099589	1_h	0	0.001147530616552502	0.013812921176465801	0.0
chr1:174099602	4_lc	0	0.0009136087076352222	0.007429326564283459	0.0
chr1:174099602	3_ec	0	0.0004714818746378606	0.009971547763976808	0.0
chr1:174099602	2_ad	0	0.0006396911577119601	0.0069423523260242585	0.0
chr1:174099602	1_h	0	0.0009103446074534542	0.008060851609744795	0.0
chr1:174099842	4_lc	0	0.0008787000581015295	0.006171070793481737	0.0
chr1:174099842	3_ec	0	0.0004206242185792422	0.004906989568819761	0.0
chr1:174099842	2_ad	0	0.0005909885107011806	0.002467084264100252	0.0
chr1:174099842	1_h	0	0.0009110858321753398	0.008447942017405655	0.0
chr1:174099904	4_lc	0	0.0009489554073444644	0.00866521989768461	0.0
chr1:174099904	3_ec	0	0.00043685700558861244	0.006460900036697571	0.0
chr1:174099904	2_ad	0	0.0007109289871766862	0.008631130784041754	0.0
chr1:174099904	1_h	0	0.0009590547329719041	0.01191628601534343	0.0
chr1:174100009	4_lc	0	0.001023995940247241	0.010746718055539966	0.0
chr1:174100009	3_ec	0	0.00040682054093925363	0.003529138712255088	0.0
chr1:174100009	2_ad	0	0.0005710434912486277	0.001423610408873252	0.0
chr1:174100009	1_h	0	0.0008384958143950289	0.005923763802762115	0.0
chr1:174100057	4_lc	0	0.0009263085613071928	0.00821371091564252	0.0
chr1:174100057	3_ec	0	0.00047340257423376437	0.007214423204137951	0.0
chr1:174100057	2_ad	0	0.0005866790895983992	0.0021031108902955136	0.0
chr1:174100057	1_h	0	0.0008586062197490154	0.00705636047699475	0.0
chr1:174100309	4_lc	0	0.0009472500901679203	0.009754394211795563	0.0
chr1:174100309	3_ec	0	0.0003963940423855108	0.0025666928893290936	0.0
chr1:174100309	2_ad	0	0.0006504057706417224	0.006241084819179658	0.0
chr1:174100309	1_h	0	0.0008994381013309814	0.009915556278525237	0.0
chr1:174117696	4_lc	0	0.0008970769536034404	0.006639692052563914	0.0
chr1:174117696	3_ec	0	0.00040570324014683014	0.0034361918850624182	0.0
chr1:174117696	2_ad	0	0.0007825272513496341	0.010689794969056267	0.0
chr1:174117696	1_h	0	0.0008453367056109437	0.006177590663486059	0.0
chr1:174136762	4_lc	0	0.0011210255487298514	0.014265027073957808	0.0
chr1:174136762	3_ec	0	0.00047346118571017586	0.007293785383764737	0.0
chr1:174136762	2_ad	0	0.0006682218690154342	0.006903015396832684	0.0
chr1:174136762	1_h	0	0.0009999732174542676	0.010784230972802645	0.0
chr1:174136992	4_lc	0	0.0009655335687410446	0.008671677997140656	0.0
chr1:174136992	3_ec	0	0.000432646716634444	0.005867644943309806	0.0
chr1:174136992	2_ad	0	0.000588690568575851	0.0022666129787288704	0.0
chr1:174136992	1_h	0	0.0008290714135752445	0.0050880050740573	0.0
chr1:174137174	4_lc	0	0.000891524939465414	0.006441767523150489	0.0
chr1:174137174	3_ec	0	0.0004579179293202606	0.008609080784387834	0.0
chr1:174137174	2_ad	0	0.0006440103120366313	0.005737908248843051	0.0
chr1:174137174	1_h	0	0.0008805518716641567	0.007181736100520852	0.0
chr1:174159625	4_lc	0	0.0010128930033397364	0.011891746427462104	0.0
chr1:174159625	3_ec	0	0.00044847985097581195	0.005469239800161439	0.0
chr1:174159625	2_ad	0	0.0007076675508569582	0.009958866291357718	0.0
chr1:174159625	1_h	0	0.0007755454791981797	0.002898648799304382	0.0
chr1:174198368	4_lc	0	0.0010553809411921076	0.012428457495427571	0.0
chr1:174198368	3_ec	0	0.0005850270514375167	0.01275455473646468	0.0
chr1:174198368	2_ad	0	0.0008229686223253694	0.013155302204255148	0.0
chr1:174198368	1_h	0	0.0011213524045513878	0.014295857594288029	0.0
chr1:174207137	4_lc	0	0.0009139910845573793	0.007547345721133437	0.0
chr1:174207137	3_ec	0	0.00046670877733465756	0.00902983109860655	0.0
chr1:174207137	2_ad	0	0.001270861600982601	0.018995005208599317	0.0
chr1:174207137	1_h	0	0.0009443610691664583	0.009297161748144716	0.0
chr1:174214134	4_lc	0	0.0009306170979623148	0.008013212545821925	0.0
chr1:174214134	3_ec	0	0.0003850915902243886	0.001470683676334244	0.0
chr1:174214134	2_ad	0	0.000671701367917584	0.0072443331842070805	0.0
chr1:174214134	1_h	0	0.0008556021515596677	0.006758558714740817	0.0
chr1:174240192	4_lc	0	0.0010078709855150677	0.011709477231413884	0.0
chr1:174240192	3_ec	0	0.00040315502079978056	0.0031732919431190242	0.0
chr1:174240192	2_ad	0	0.0006260039785886391	0.005404860344502413	0.0
chr1:174240192	1_h	0	0.0009287519532807294	0.009824748368872342	0.0
chr1:174249989	4_lc	0	0.0008961672040659591	0.0065937910057536015	0.0
chr1:174249989	3_ec	0	0.0004995206670899321	0.009067299101794185	0.0
chr1:174249989	2_ad	0	0.000731332978000015	0.009475234895362226	0.0
chr1:174249989	1_h	0	0.000898063999549878	0.00802962569229282	0.0
chr1:174250364	4_lc	0	0.0010100874832545182	0.011948251529804112	0.0
chr1:174250364	3_ec	0	0.0004247185425784984	0.0052919649728426135	0.0
chr1:174250364	2_ad	0	0.0006685818709461645	0.007121277727739862	0.0
chr1:174250364	1_h	0	0.0009024309907587774	0.00823043254122495	0.0
chr1:174330630	4_lc	0	0.0009279170576413868	0.008294661694548858	0.0
chr1:174330630	3_ec	0	0.00044955892862898325	0.006095782966454526	0.0
chr1:174330630	2_ad	0	0.0008186693342084894	0.012950713966407578	0.0
chr1:174330630	1_h	0	0.0009512991873182946	0.01177052853422001	0.0
chr1:174332767	4_lc	0	0.0009523216158420782	0.010124105467303047	0.0
chr1:174332767	3_ec	0	0.00046442817283833497	0.006668233290586083	0.0
chr1:174332767	2_ad	0	0.000681875429090167	0.007997076279290515	0.0
chr1:174332767	1_h	0	0.0009976242352836722	0.012355865512537293	0.0
chr1:174369670	4_lc	0	0.0010140411228185871	0.012057773267949129	0.0
chr1:174369670	3_ec	0	0.00037900506089561924	0.000987819336975932	0.0
chr1:174369670	2_ad	0	0.0006155902600189885	0.0046600331327395815	0.0
chr1:174369670	1_h	0	0.0008503146109165591	0.006610397788989594	0.0
chr1:174391176	4_lc	0	0.0009567047778293952	0.010494978346296544	0.0
chr1:174391176	3_ec	0	0.0004002705681133344	0.002947294816961367	0.0
chr1:174391176	2_ad	0	0.0006420540537236234	0.007268416931988956	0.0
chr1:174391176	1_h	0	0.0008254749636961662	0.006377144656409244	0.0
chr1:174391779	4_lc	0	0.0009253021623508606	0.008142573925896287	0.0
chr1:174391779	3_ec	0	0.0004076590025291425	0.003622540852879877	0.0
chr1:174391779	2_ad	0	0.0006894029504651732	0.007845419264970309	0.0
chr1:174391779	1_h	0	0.0009792605224407665	0.011147120385389949	0.0
chr1:174391896	4_lc	0	0.0009499344961000678	0.009953564537465985	0.0
chr1:174391896	3_ec	0	0.0005267792879170119	0.011142019522706974	0.0
chr1:174391896	2_ad	0	0.0006737015716600091	0.007397107839031708	0.0
chr1:174391896	1_h	0	0.000849400116565915	0.006377162765031097	0.0
chr1:174391965	4_lc	0	0.0009996374870086249	0.011127266657590954	0.0
chr1:174391965	3_ec	0	0.00045371312699126067	0.008218129717408706	0.0
chr1:174391965	2_ad	0	0.0006060378424469665	0.0038311579884203794	0.0
chr1:174391965	1_h	0	0.0008559916713971818	0.006825362375680878	0.0
chr1:174431342	4_lc	0	0.0009868952802188733	0.01019942167647297	0.0
chr1:174431342	3_ec	0	0.0004484363545589649	0.007498837840051376	0.0
chr1:174431342	2_ad	0	0.000725873144311829	0.011458787565970477	0.0
chr1:174431342	1_h	0	0.0009244545278721333	0.008772578622255828	0.0
chr1:174502143	4_lc	0	0.0009244814492472285	0.008085643454679829	0.0
chr1:174502143	3_ec	0	0.00046571464633787487	0.006743310077640736	0.0
chr1:174502143	2_ad	0	0.0006725307672925838	0.007338330713187014	0.0
chr1:174502143	1_h	0	0.0010800389588389698	0.013436465868399894	0.0
chr1:174503087	4_lc	0	0.0010257210624130349	0.012817332166502654	0.0
chr1:174503087	3_ec	0	0.00042186253807623196	0.004983311155500445	0.0
chr1:174503087	2_ad	0	0.0006896793934894829	0.008546480456018165	0.0
chr1:174503087	1_h	0	0.0008666101783999825	0.010233303682236424	0.0
chr1:174503160	4_lc	0	0.0009243203720756821	0.008032579302572451	0.0
chr1:174503160	3_ec	0	0.00045092796730975346	0.00788130656275244	0.0
chr1:174503160	2_ad	0	0.0007816598624141708	0.010650744019534147	0.0
chr1:174503160	1_h	0	0.0009067164162999525	0.008487116506650018	0.0
chr1:174503334	4_lc	0	0.0009068731177821518	0.007080503209238118	0.0
chr1:174503334	3_ec	0	0.00040360168290682464	0.0032499312843794026	0.0
chr1:174503334	2_ad	0	0.0007188814329287418	0.011064487656253988	0.0
chr1:174503334	1_h	0	0.0008973019757278743	0.009799686532864504	0.0
chr1:174503339	4_lc	0	0.0009189864515257359	0.007726142475282019	0.0
chr1:174503339	3_ec	0	0.00043779348987692967	0.004979632399126348	0.0
chr1:174503339	2_ad	0	0.0006101445056359458	0.0041261385327481795	0.0
chr1:174503339	1_h	0	0.0009452241462719718	0.009265952852907067	0.0
chr1:174608698	4_lc	0	0.0009079820140500686	0.007135502745398863	0.0
chr1:174608698	3_ec	0	0.0003980150680219668	0.0027117255483446344	0.0
chr1:174608698	2_ad	0	0.0007236167547631352	0.008973622344840766	0.0
chr1:174608698	1_h	0	0.0008408075071783106	0.007713408320293441	0.0
chr1:174609889	4_lc	0	0.0009136998230832763	0.007436496325911957	0.0
chr1:174609889	3_ec	0	0.0004059566134888452	0.003469868525145743	0.0
chr1:174609889	2_ad	0	0.0006395458721293147	0.006972931639804837	0.0
chr1:174609889	1_h	0	0.000906992789794367	0.008504990710413236	0.0
chr1:175609646	4_lc	0	0.0009959881579747767	0.010883225478008775	0.0
chr1:175609646	3_ec	0	0.000475665535644396	0.007381385655327779	0.0
chr1:175609646	2_ad	0	0.0006293304204176645	0.005852106897651139	0.0
chr1:175609646	1_h	0	0.0009033276789174405	0.010586296642191283	0.0
chr1:176782254	4_lc	4	0.0020251479721172163	0.005709436683101836	0.0
chr1:176782254	3_ec	4	0.0027149473055255342	0.008280637590996643	0.0
chr1:176782254	2_ad	4	0.00259410774593249	0.010790885451903856	0.0
chr1:176782254	1_h	4	0.45763987617348584	0.06767323460838627	0.3511450381679389
chr1:176826202	4_lc	4	0.0020331576267829774	0.005660254009592059	0.0
chr1:176826202	3_ec	4	0.00277715509665538	0.009460340822893008	0.0
chr1:176826202	2_ad	4	0.0025081822854591744	0.006083708112147413	0.0
chr1:176826202	1_h	4	0.4578311214723304	0.06709199406439097	0.3560606060606061
chr1:176840343	4_lc	4	0.0020751935659921827	0.006462323979891706	0.0
chr1:176840343	3_ec	4	0.002670870174960586	0.006687560530488501	0.0
chr1:176840343	2_ad	4	0.00257722499934338	0.008786648858964713	0.0
chr1:176840343	1_h	4	0.4626423229858215	0.049149367343240664	0.4631578947368421
chr1:179043861	4_lc	4	0.0020820737860958918	0.009587554901967745	0.0
chr1:179043861	3_ec	4	0.002674543562051534	0.006491884006246696	0.0
chr1:179043861	2_ad	4	0.002461559296310286	0.00422233458231946	0.0
chr1:179043861	1_h	4	0.4497625993537539	0.08884509803424835	0.2796610169491525
chr1:179609803	4_lc	4	0.0018961958960001944	0.006616003888492504	0.0
chr1:179609803	3_ec	4	0.002247241528850316	0.008254836407756464	0.0
chr1:179609803	2_ad	4	0.00202495441906839	0.0031963235164136888	0.0
chr1:179609803	1_h	4	0.3568565969705053	0.1964330388636113	0.11952191235059761
chr1:179748643	4_lc	4	0.0020636832318009736	0.006295467364053669	0.0
chr1:179748643	3_ec	4	0.002651170850356182	0.005782103242968966	0.0
chr1:179748643	2_ad	4	0.002528959688432891	0.005727571973587873	0.0
chr1:179748643	1_h	4	0.4600576954587894	0.060130497328443895	0.39429928741092635
chr1:179752948	4_lc	4	0.002145074747394256	0.011402521609890281	0.0
chr1:179752948	3_ec	4	0.0027026438164666827	0.009936717951811022	0.0
chr1:179752948	2_ad	4	0.002504563879544002	0.004021367360998389	0.0
chr1:179752948	1_h	4	0.46159793267628363	0.05345962436678913	0.4562899786780384
chr1:179753766	4_lc	4	0.0021081638341271932	0.007798577048657452	0.0
chr1:179753766	3_ec	4	0.0026611994958157725	0.0056012518159227285	0.0
chr1:179753766	2_ad	4	0.002512133383475118	0.004248671731295531	0.0
chr1:179753766	1_h	4	0.4625676472802462	0.04959021522549604	0.44924406047516197
chr1:179762572	4_lc	4	0.002053490322166344	0.006776346846597632	0.0
chr1:179762572	3_ec	4	0.002639555698676125	0.0040554287452658315	0.0
chr1:179762572	2_ad	4	0.002474335457964485	0.00509059511678726	0.0
chr1:179762572	1_h	4	0.45314076567821204	0.08028748486119931	0.3
chr1:179763595	4_lc	4	0.002109011860375148	0.008113657868214785	0.0
chr1:179763595	3_ec	4	0.002615840340286714	0.0025941071197850564	0.0
chr1:179763595	2_ad	4	0.002513143035598663	0.005079698652384774	0.0
chr1:179763595	1_h	4	0.45931568188938	0.061782366853071806	0.375
chr1:180084420	4_lc	4	0.0019214430790540575	0.007274842590598929	0.0
chr1:180084420	3_ec	4	0.0022437920211002996	0.007748377338870177	0.0
chr1:180084420	2_ad	4	0.002038543581122804	0.0033706132641940214	0.0
chr1:180084420	1_h	4	0.3575022256545043	0.1965070941723261	0.12
chr1:180333341	4_lc	4	0.002094980991356515	0.007466275274919686	0.0
chr1:180333341	3_ec	4	0.002673654409015533	0.0070390885745183875	0.0
chr1:180333341	2_ad	4	0.0025889815689739584	0.01024997104878363	0.0
chr1:180333341	1_h	4	0.46216193877568357	0.05136170156568884	0.4420131291028446
chr1:180333680	4_lc	4	0.00212217723736887	0.009718505169556446	0.0
chr1:180333680	3_ec	4	0.0026322513871928723	0.0038830375833912726	0.0
chr1:180333680	2_ad	4	0.002484542695122303	0.004009812789951157	0.0
chr1:180333680	1_h	4	0.45999065239122544	0.05996464537778222	0.39858490566037735
chr1:181055314	4_lc	4	0.002118303141604016	0.009277947689584062	0.0
chr1:181055314	3_ec	4	0.0026518790385876736	0.005638972899903307	0.0
chr1:181055314	2_ad	4	0.0025368692939754136	0.006106371495155676	0.0
chr1:181055314	1_h	4	0.4602915586458831	0.05882384647007376	0.4028103044496487
chr1:181117471	4_lc	4	0.0021894764885981156	0.011427342484849211	0.0
chr1:181117471	3_ec	4	0.0026509724431611217	0.004351665177894425	0.0
chr1:181117471	2_ad	4	0.0025684197113268075	0.007902079711425912	0.0
chr1:181117471	1_h	4	0.46317409898158424	0.046489576327082435	0.5
chr1:181409714	4_lc	4	0.0021308961819460313	0.009924231344932756	0.0
chr1:181409714	3_ec	4	0.0026358431912587733	0.0032065985596830423	0.0
chr1:181409714	2_ad	4	0.0025637573846375114	0.007470518633285674	0.0
chr1:181409714	1_h	4	0.4627370098745385	0.048712146674320486	0.4698544698544699
chr1:181831695	4_lc	4	0.0019967577441939673	0.005685362011301433	0.0
chr1:181831695	3_ec	4	0.0026678546374634747	0.01024267656723898	0.0
chr1:181831695	2_ad	4	0.0023851488102032744	0.0028443064911237185	0.0
chr1:181831695	1_h	4	0.4383347888939157	0.1122694912759884	0.23423423423423423
chr1:184801966	4_lc	4	0.0020530113595367185	0.006066867014817953	0.0
chr1:184801966	3_ec	4	0.002661412746080104	0.006764163516256211	0.0
chr1:184801966	2_ad	4	0.0026216724459674134	0.011083323386458956	0.0
chr1:184801966	1_h	4	0.4600447510294605	0.059875819153927784	0.39858490566037735
chr1:184804018	4_lc	4	0.002061652821572724	0.006129386444446481	0.0
chr1:184804018	3_ec	4	0.002678686745727536	0.007499867095774969	0.0
chr1:184804018	2_ad	4	0.0025777716915418437	0.008750404818602902	0.0
chr1:184804018	1_h	4	0.4624330171494471	0.050565926637496816	0.48897795591182364
chr1:184841383	4_lc	4	0.0021275950553975532	0.010121837749387201	0.0
chr1:184841383	3_ec	4	0.0026824440031006803	0.008954551045304432	0.0
chr1:184841383	2_ad	4	0.002577834721130379	0.009848129462340755	0.0
chr1:184841383	1_h	4	0.45880127836033835	0.06462571412763228	0.3765281173594132
chr1:185259500	4_lc	4	0.0021043241796686978	0.007964812974765834	0.0
chr1:185259500	3_ec	4	0.0026294226270606067	0.0029270455722788806	0.0
chr1:185259500	2_ad	4	0.002497838665586968	0.004012018509646054	0.0
chr1:185259500	1_h	4	0.4623296970041304	0.050462492860632646	0.4698544698544699
chr1:185260433	4_lc	4	0.0021457358662080998	0.010909892694404162	0.0
chr1:185260433	3_ec	4	0.0026366611752152713	0.0031304306631496854	0.0
chr1:185260433	2_ad	4	0.0025042716392051226	0.0040033774275215536	0.0
chr1:185260433	1_h	4	0.46320628732647845	0.046511598131874665	0.5
chr1:185263644	4_lc	4	0.0021014784757801175	0.008140517804991598	0.0
chr1:185263644	3_ec	4	0.0026803186727334463	0.008273949441648602	0.0
chr1:185263644	2_ad	4	0.0025153049840871276	0.004410632337737683	0.0
chr1:185263644	1_h	4	0.46078858585872	0.05707418617843606	0.39429928741092635
chr1:185352198	4_lc	4	0.002137910340466768	0.010681991296643607	0.0
chr1:185352198	3_ec	4	0.0026733173705177807	0.007029880301041089	0.0
chr1:185352198	2_ad	4	0.002551248836284439	0.006677917291097574	0.0
chr1:185352198	1_h	4	0.4621216494394423	0.05166708772155516	0.44924406047516197
chr1:185352276	4_lc	4	0.002073001010307335	0.006442791926909937	0.0
chr1:185352276	3_ec	4	0.002605468915207987	0.001890210223709782	0.0
chr1:185352276	2_ad	4	0.002589338932880415	0.010250065178697431	0.0
chr1:185352276	1_h	4	0.46164560393548165	0.053710028853967945	0.42953020134228187
chr1:185370937	4_lc	4	0.0021418038175860976	0.011189231566867708	0.0
chr1:185370937	3_ec	4	0.0026030535202577736	0.0020370552100738015	0.0
chr1:185370937	2_ad	4	0.002552764366164948	0.0077433834111543965	0.0
chr1:185370937	1_h	4	0.45972599853355195	0.060928546750538416	0.39429928741092635
chr1:185373044	4_lc	4	0.0020616470237917253	0.008960916102861049	0.0
chr1:185373044	3_ec	4	0.0025847419956542285	0.0040466412604312305	0.0
chr1:185373044	2_ad	4	0.002393755173061394	0.0028645954496690786	0.0
chr1:185373044	1_h	4	0.44038254080758626	0.10832241463906521	0.24107142857142858
chr1:185397169	4_lc	4	0.0020466154162959356	0.00776054304663474	0.0
chr1:185397169	3_ec	4	0.002490458395527669	0.0024764805129541888	0.0
chr1:185397169	2_ad	4	0.0023912037517484306	0.005912494214421105	0.0
chr1:185397169	1_h	4	0.428844454309955	0.12737830031770533	0.205607476635514
chr1:186100241	4_lc	4	0.002045212781708607	0.006036179449542297	0.0
chr1:186100241	3_ec	4	0.0027165854884824378	0.008760004786377139	0.0
chr1:186100241	2_ad	4	0.002524593778569272	0.007086076999959731	0.0
chr1:186100241	1_h	4	0.457373026632099	0.06823683146892685	0.3511450381679389
chr1:186114285	4_lc	4	0.002099771978495199	0.007652446805721963	0.0
chr1:186114285	3_ec	4	0.00263537970523509	0.003478813398254655	0.0
chr1:186114285	2_ad	4	0.002539093557762457	0.00563916590492949	0.0
chr1:186114285	1_h	4	0.4625587709029425	0.0495994302836434	0.4720496894409938
chr1:186739660	4_lc	4	0.0019574235665179613	0.0070367864194329395	0.0
chr1:186739660	3_ec	4	0.0023432384767913548	0.006308079955697869	0.0
chr1:186739660	2_ad	4	0.0022177639135666743	0.0073715451378020495	0.0
chr1:186739660	1_h	4	0.38419830090474705	0.17717923101379754	0.14181818181818182
chr1:186739764	4_lc	4	0.0020847581575772945	0.007104050204038799	0.0
chr1:186739764	3_ec	4	0.002614192124969992	0.0022354225680001	0.0
chr1:186739764	2_ad	4	0.0025097980495155533	0.004405665269326195	0.0
chr1:186739764	1_h	4	0.46084735608606225	0.05693660012140952	0.4151376146788991
chr1:188576187	4_lc	4	0.002145954949882022	0.01117637095351379	0.0
chr1:188576187	3_ec	4	0.002638428928878721	0.0036733512552560295	0.0
chr1:188576187	2_ad	4	0.0024985674360378522	0.004003447098107131	0.0
chr1:188576187	1_h	4	0.4625884590799401	0.0494060247747903	0.4827586206896552
chr1:188626705	4_lc	4	0.002116357188218311	0.00865548899648843	0.0
chr1:188626705	3_ec	4	0.002618417508477549	0.00207349462917049	0.0
chr1:188626705	2_ad	4	0.002572809784184857	0.008365078723016806	0.0
chr1:188626705	1_h	4	0.4631550857011174	0.04671751452293642	0.4827586206896552
chr1:188628608	4_lc	4	0.0021458390972960407	0.011551991598201503	0.0
chr1:188628608	3_ec	4	0.002618698980528545	0.002976866292323072	0.0
chr1:188628608	2_ad	4	0.0025684675228761045	0.008923579596516483	0.0
chr1:188628608	1_h	4	0.45989860823007783	0.060633397557694216	0.3765281173594132
chr1:188628654	4_lc	4	0.002060182150712971	0.00712879426490421	0.0
chr1:188628654	3_ec	4	0.0026821096416648166	0.00519171313371975	0.0
chr1:188628654	2_ad	4	0.002541803180609191	0.009651782145330329	0.0
chr1:188628654	1_h	4	0.45571598964640925	0.07320809759450914	0.33070866141732286
chr1:188633717	4_lc	4	0.0020164422203172217	0.006541902033693536	0.0
chr1:188633717	3_ec	4	0.002507867166094922	0.002693556826635312	0.0
chr1:188633717	2_ad	4	0.0023672477874597487	0.003626766980881776	0.0
chr1:188633717	1_h	4	0.43180359743415503	0.12316655045998752	0.21296296296296297
chr1:188864735	4_lc	4	0.002075117661350985	0.006484133210846979	0.0
chr1:188864735	3_ec	4	0.002656827290476164	0.005378901954851827	0.0
chr1:188864735	2_ad	4	0.0025833846976503557	0.009419206838292256	0.0
chr1:188864735	1_h	4	0.462216775750716	0.050829053014874996	0.4631578947368421
chr1:26687400	4_lc	0	0.0010318928787247932	0.011055717014357215	0.0
chr1:26687400	3_ec	0	0.0005171806645717759	0.008512106916296718	0.0
chr1:26687400	2_ad	0	0.0007465578773150201	0.009626873667252452	0.0
chr1:26687400	1_h	0	0.0008577412116812365	0.006752618066063871	0.0
chr1:85099620	4_lc	0	0.0008787898311988196	0.006166063596460733	0.0
chr1:85099620	3_ec	0	0.0005278085812900616	0.011458149763777742	0.0
chr1:85099620	2_ad	0	0.0006097735646247627	0.004045311954801567	0.0
chr1:85099620	1_h	0	0.000968970604980625	0.010725405687813635	0.0
chr1:85247131	4_lc	0	0.0008849345656718182	0.006277829826809735	0.0
chr1:85247131	3_ec	0	0.00044304120179772076	0.007147408740511746	0.0
chr1:85247131	2_ad	0	0.0006559836102375834	0.008613207744318575	0.0
chr1:85247131	1_h	0	0.0008855954414082727	0.009089435343087775	0.0
chr1:85270052	4_lc	0	0.0008879994768986744	0.006336323398534436	0.0
chr1:85270052	3_ec	0	0.000449928153921753	0.00781364411068566	0.0
chr1:85270052	2_ad	0	0.0007041802242589147	0.009719920355877808	0.0
chr1:85270052	1_h	0	0.000932318858532807	0.009159447916832644	0.0
chr1:85584926	4_lc	0	0.0012412286332114883	0.015279338062469262	0.0
chr1:85584926	3_ec	0	0.0005586477746090155	0.011151079751787297	0.0
chr1:85584926	2_ad	0	0.0009033957337227373	0.013494369075845069	0.0
chr1:85584926	1_h	0	0.001040343977767789	0.013068794121367371	0.0
chr1:85584939	4_lc	1	0.5575853988024252	0.0719769804278751	0.34782608695652173
chr1:85584939	3_ec	1	0.5409336140246245	0.07528159566059917	0.18900343642611683
chr1:85584939	2_ad	1	0.548101664981658	0.0677638890261238	0.3342036553524804
chr1:85584939	1_h	1	0.5503193126949244	0.07258310126957637	0.3795620437956204
chr1:85586250	4_lc	0	0.0008976159148805424	0.006628001680726626	0.0
chr1:85586250	3_ec	0	0.0004600975166396948	0.0062111727802618	0.0
chr1:85586250	2_ad	0	0.0006746544737401763	0.0074332087121829465	0.0
chr1:85586250	1_h	0	0.0009983691947197072	0.010682737025281152	0.0
chr1:85586254	4_lc	0	0.0009713167795441309	0.010902830132980025	0.0
chr1:85586254	3_ec	0	0.000399966845678238	0.0027155192388165416	0.0
chr1:85586254	2_ad	0	0.0006760064558508546	0.007563582163084366	0.0
chr1:85586254	1_h	0	0.0008778370546896696	0.007954354688194902	0.0
chr1:85586281	4_lc	0	0.0009540610874446567	0.01026531245503738	0.0
chr1:85586281	3_ec	0	0.00046097782523941045	0.0066610569913132895	0.0
chr1:85586281	2_ad	0	0.0009213859431634493	0.014720475216425773	0.0
chr1:85586281	1_h	0	0.0009523315510687652	0.011854054228890519	0.0
chr1:85587494	4_lc	0	0.0010729022424781063	0.011798485583340452	0.0
chr1:85587494	3_ec	0	0.00041261648485326494	0.004004569183995995	0.0
chr1:85587494	2_ad	0	0.0007860115450823311	0.01078779732655087	0.0
chr1:85587494	1_h	0	0.0009126002145406334	0.008739452577413952	0.0
chr1:85591555	4_lc	1	0.5627634817194069	0.07955224684355269	0.5
chr1:85591555	3_ec	1	0.5589686595319258	0.0834041398300873	0.5
chr1:85591555	2_ad	1	0.5482855969616588	0.05831798948432744	0.5
chr1:85591555	1_h	1	0.5469576819755083	0.06275996925489077	0.5
chr1:85591619	4_lc	0	0.000969888370123593	0.009316518581656366	0.0
chr1:85591619	3_ec	0	0.0003821682960743179	0.0012631884807637029	0.0
chr1:85591619	2_ad	0	0.0006676146696710738	0.006964321307548139	0.0
chr1:85591619	1_h	0	0.0008974642532319256	0.010013733435240257	0.0
chr1:85595989	4_lc	0	0.0011094839894174257	0.012418993963309737	0.0
chr1:85595989	3_ec	0	0.0004803294148088634	0.0076319747832826286	0.0
chr1:85595989	2_ad	0	0.0006653755422320024	0.006909312184065248	0.0
chr1:85595989	1_h	0	0.0008848084102529505	0.007475346106046164	0.0
chr1:85601172	4_lc	0	0.0009868571149744074	0.010153172117033489	0.0
chr1:85601172	3_ec	0	0.000408618822940666	0.0036240719232026436	0.0
chr1:85601172	2_ad	0	0.0006573490331265008	0.008786094232041375	0.0
chr1:85601172	1_h	0	0.000996425206811759	0.012527057737020493	0.0
chr1:85615212	4_lc	0	0.0009562982232933116	0.010367917619876947	0.0
chr1:85615212	3_ec	0	0.0004950956573094809	0.00876326028447332	0.0
chr1:85615212	2_ad	0	0.0007227850741808076	0.011150780792859425	0.0
chr1:85615212	1_h	0	0.0009142068126676968	0.008660523686317027	0.0
chr1:85621656	4_lc	0	0.000970288841794663	0.011559803226252972	0.0
chr1:85621656	3_ec	0	0.0003822464814260698	0.0012088716521510764	0.0
chr1:85621656	2_ad	0	0.0008657133773277467	0.013548141214493981	0.0
chr1:85621656	1_h	0	0.0008543789115505642	0.006673034333234653	0.0
chr1:85643221	4_lc	0	0.0009397972548736968	0.009098725103957633	0.0
chr1:85643221	3_ec	0	0.0004578239094036043	0.006423614577756488	0.0
chr1:85643221	2_ad	0	0.0008151581711286228	0.011098511678490224	0.0
chr1:85643221	1_h	0	0.000903497921519015	0.010329297256473165	0.0
chr1:88212093	4_lc	0	0.0010226625848785264	0.012635677886387793	0.0
chr1:88212093	3_ec	0	0.0004684140563947711	0.009662916549571438	0.0
chr1:88212093	2_ad	0	0.0006963760693731262	0.009142828260678536	0.0
chr1:88212093	1_h	0	0.0009059335344979224	0.01096185704423353	0.0
chr1:88212141	4_lc	0	0.001013581822278528	0.01215222200821127	0.0
chr1:88212141	3_ec	0	0.00042515806034040826	0.004656477869402621	0.0
chr1:88212141	2_ad	0	0.0008212839808005311	0.012939637876501854	0.0
chr1:88212141	1_h	0	0.0009111947795846077	0.011146391400536151	0.0
chr1:88212317	4_lc	0	0.0009825049857515773	0.0099459961765216	0.0
chr1:88212317	3_ec	0	0.00040481292706093	0.0033681381319798326	0.0
chr1:88212317	2_ad	0	0.000824571609577073	0.013348465965342577	0.0
chr1:88212317	1_h	0	0.0008332633154654593	0.005764766613861094	0.0
chr1:88212696	4_lc	0	0.0010595194150584198	0.012984288124381965	0.0
chr1:88212696	3_ec	0	0.00043503397633621113	0.005724612988621692	0.0
chr1:88212696	2_ad	0	0.0008263802876220614	0.011427095445083019	0.0
chr1:88212696	1_h	0	0.0009515850594223892	0.009543923241235229	0.0
chr1:88212740	4_lc	0	0.001053558593411001	0.012216090510930273	0.0
chr1:88212740	3_ec	0	0.0004369914151906049	0.0060260829780209866	0.0
chr1:88212740	2_ad	0	0.000630913136208139	0.006207065839317515	0.0
chr1:88212740	1_h	0	0.0008453674230642239	0.006113720416561092	0.0
chr1:88215174	4_lc	0	0.0012822781156104487	0.015851461153600786	0.0
chr1:88215174	3_ec	0	0.00046270108916858456	0.006345886740418097	0.0
chr1:88215174	2_ad	0	0.0007992998301764631	0.010983988848237097	0.0
chr1:88215174	1_h	0	0.0015533352187538931	0.020250460087108027	0.0
chr1:88216213	4_lc	0	0.0009605700898732655	0.010809071831772833	0.0
chr1:88216213	3_ec	0	0.0004998453918130456	0.009436681609306939	0.0
chr1:88216213	2_ad	0	0.000602093942355082	0.0033824197808674473	0.0
chr1:88216213	1_h	0	0.0007911834005730151	0.003630827355691297	0.0
chr1:88218146	4_lc	3	0.0018037825532034877	0.011396103777033774	0.0
chr1:88218146	3_ec	3	0.2969911075607498	0.2671323043208894	0.10204081632653061
chr1:88218146	2_ad	3	0.0023793675339580027	0.007289791826080771	0.0
chr1:88218146	1_h	3	0.0020288049927672277	0.00842430363927105	0.0
chr1:88218240	4_lc	0	0.0009809986252493383	0.009895910128625158	0.0
chr1:88218240	3_ec	0	0.000401753043312758	0.003049808203503864	0.0
chr1:88218240	2_ad	0	0.00070463649619935	0.009803682154324901	0.0
chr1:88218240	1_h	0	0.0008332694056818827	0.005728064585149518	0.0
chr1:88218245	4_lc	0	0.0010214057501072976	0.012649572785995421	0.0
chr1:88218245	3_ec	0	0.0005143936521621288	0.010311125491303481	0.0
chr1:88218245	2_ad	0	0.0007060643910876142	0.01005024632291186	0.0
chr1:88218245	1_h	0	0.0008231029547875547	0.005481486485164004	0.0
chr1:88218279	4_lc	0	0.0010178525816770412	0.012370174747685581	0.0
chr1:88218279	3_ec	0	0.0005085813065913155	0.009836825315479452	0.0
chr1:88218279	2_ad	0	0.0006950747035025044	0.00909118271793039	0.0
chr1:88218279	1_h	0	0.0009671618904353527	0.0103820122608609	0.0
chr1:88218283	4_lc	0	0.001048384537968672	0.012145933704499632	0.0
chr1:88218283	3_ec	0	0.0004527103291687246	0.008039857149954905	0.0
chr1:88218283	2_ad	0	0.0007909375866585292	0.011113242237286323	0.0
chr1:88218283	1_h	0	0.0008424280778570331	0.006122804831193277	0.0
chr1:88218360	4_lc	0	0.0011811776802277342	0.014113052646782245	0.0
chr1:88218360	3_ec	0	0.0003831171949981595	0.0011430445587052695	0.0
chr1:88218360	2_ad	0	0.0007422118251165165	0.009429290516580004	0.0
chr1:88218360	1_h	0	0.0008742579590242373	0.0070321093941266895	0.0
chr1:88230746	4_lc	0	0.0008729291219322079	0.006137155010456628	0.0
chr1:88230746	3_ec	0	0.000414674780509366	0.004295323998934815	0.0
chr1:88230746	2_ad	0	0.0006828371229045433	0.00807375909275179	0.0
chr1:88230746	1_h	0	0.000936677699862551	0.010562530278480024	0.0
chr1:88232324	4_lc	0	0.0013075029860526563	0.009498519511091423	0.0
chr1:88232324	3_ec	0	0.0013194987672301493	0.0027722001093211093	0.0
chr1:88232324	2_ad	0	0.0014920303483548314	0.00397055065631683	0.0
chr1:88232324	1_h	0	0.19360513192756237	0.22819220282618066	0.05904059040590406
chr1:88233442	4_lc	0	0.0009208812779611142	0.0073577151982743335	0.0
chr1:88233442	3_ec	0	0.0004381327239982789	0.00640432968422105	0.0
chr1:88233442	2_ad	0	0.0006087502001063222	0.003915145752705888	0.0
chr1:88233442	1_h	0	0.0010289467965324964	0.012394009262252755	0.0
chr1:88234120	4_lc	0	0.0009669078418791631	0.011270461614167537	0.0
chr1:88234120	3_ec	0	0.0004817840358885528	0.007925439147512656	0.0
chr1:88234120	2_ad	0	0.0005723551765261817	0.0014359207598630195	0.0
chr1:88234120	1_h	0	0.0008442479307536641	0.006299237474648301	0.0
chr1:88234137	4_lc	0	0.0009122287266212601	0.00736045061064458	0.0
chr1:88234137	3_ec	0	0.00038117511954191015	0.0011768480029955245	0.0
chr1:88234137	2_ad	0	0.0005946488988627769	0.002791109313306212	0.0
chr1:88234137	1_h	0	0.0008907418729386937	0.0077404958216130155	0.0
chr1:88235254	4_lc	0	0.000893671223050234	0.00651265601294215	0.0
chr1:88235254	3_ec	0	0.0004718658962671548	0.010000512426288433	0.0
chr1:88235254	2_ad	0	0.0006585253291833111	0.006464644032282326	0.0
chr1:88235254	1_h	0	0.0009675586056599917	0.010582039574982606	0.0
chr1:88235442	4_lc	0	0.0009288247075783582	0.007818638193360216	0.0
chr1:88235442	3_ec	0	0.00041393625619870456	0.004223920123559716	0.0
chr1:88235442	2_ad	0	0.0007070390032633812	0.009872793406355319	0.0
chr1:88235442	1_h	0	0.0008514971582796317	0.00873433885337113	0.0
chr1:88236665	4_lc	0	0.0008874142684622946	0.006339833997982117	0.0
chr1:88236665	3_ec	0	0.0003924047642612642	0.0021732038656351997	0.0
chr1:88236665	2_ad	0	0.0007323458148965711	0.00952507982092704	0.0
chr1:88236665	1_h	0	0.0008863062282231734	0.00898785685775114	0.0
chr1:88239006	4_lc	0	0.000952938665787479	0.010186516863548378	0.0
chr1:88239006	3_ec	0	0.0004929025715542688	0.008801121492897957	0.0
chr1:88239006	2_ad	0	0.0007249103888694229	0.009057497087910045	0.0
chr1:88239006	1_h	0	0.0009036837536648227	0.010262911996603785	0.0
chr1:88240149	4_lc	0	0.0008999901880178191	0.006764675635067802	0.0
chr1:88240149	3_ec	0	0.00042864100108795926	0.005602761410597894	0.0
chr1:88240149	2_ad	0	0.0007799660549482175	0.012611481189387961	0.0
chr1:88240149	1_h	0	0.0008272937937426415	0.0065386054935836204	0.0
chr1:88240703	4_lc	0	0.0011324589942718949	0.014835342771892713	0.0
chr1:88240703	3_ec	0	0.0004577635321515778	0.008529173339382232	0.0
chr1:88240703	2_ad	0	0.0006272916591595811	0.005845539897452995	0.0
chr1:88240703	1_h	0	0.0008238683968556142	0.0061732543731613885	0.0
chr1:88242417	4_lc	0	0.0011173377703929596	0.013871114224187764	0.0
chr1:88242417	3_ec	0	0.00038897334105649796	0.0017670522694153217	0.0
chr1:88242417	2_ad	0	0.0007665383258439409	0.009868412697510575	0.0
chr1:88242417	1_h	0	0.0009143370090680869	0.008981597404016476	0.0
chr1:88242418	4_lc	0	0.0010133287957023226	0.011979045684617008	0.0
chr1:88242418	3_ec	0	0.0004624028146250071	0.006420213698492297	0.0
chr1:88242418	2_ad	0	0.0007898330154122914	0.010393387853840405	0.0
chr1:88242418	1_h	0	0.0008699638234822464	0.007721736422980118	0.0
chr1:88242760	4_lc	0	0.0008995239898219378	0.006742627303080297	0.0
chr1:88242760	3_ec	0	0.0004238632009235672	0.005263056107791226	0.0
chr1:88242760	2_ad	0	0.0006182809406019671	0.004959046181812961	0.0
chr1:88242760	1_h	0	0.0008327378262600508	0.0070355522070002	0.0
chr1:88244970	4_lc	0	0.0009461324539845352	0.008416380916067443	0.0
chr1:88244970	3_ec	0	0.00042882146750570555	0.005739578635635872	0.0
chr1:88244970	2_ad	0	0.0006393937908951736	0.006977660975718326	0.0
chr1:88244970	1_h	0	0.0008841231238396892	0.008700093217041115	0.0
chr1:88245989	4_lc	0	0.0009418117406847426	0.008395557724310002	0.0
chr1:88245989	3_ec	0	0.00040906388465706606	0.003724867974072518	0.0
chr1:88245989	2_ad	0	0.000664265365370592	0.006746197965765296	0.0
chr1:88245989	1_h	0	0.0010718880007931527	0.01314463877869413	0.0
chr1:88247140	4_lc	0	0.0008906873274673112	0.006417284844671757	0.0
chr1:88247140	3_ec	0	0.0004127154919941587	0.004119047618324776	0.0
chr1:88247140	2_ad	0	0.0007529426466652973	0.010845238062919272	0.0
chr1:88247140	1_h	0	0.0008749317285820275	0.008121461610054536	0.0
chr1:88247237	4_lc	0	0.0009299322014151649	0.008428752922748084	0.0
chr1:88247237	3_ec	0	0.00046835761450631733	0.006921299192060949	0.0
chr1:88247237	2_ad	0	0.000706589861512058	0.008116370858345141	0.0
chr1:88247237	1_h	0	0.000830282918984131	0.0067780656312521476	0.0
chr1:88247763	4_lc	0	0.0009677924701441267	0.011412979602114296	0.0
chr1:88247763	3_ec	0	0.00040256063528568386	0.0031692680670596086	0.0
chr1:88247763	2_ad	0	0.0006483235683206126	0.007884183668278403	0.0
chr1:88247763	1_h	0	0.0007832131061908959	0.003195501450609425	0.0
chr1:88248621	4_lc	0	0.001052916149049207	0.011442675105196977	0.0
chr1:88248621	3_ec	0	0.0004466014965187907	0.0057218968823143845	0.0
chr1:88248621	2_ad	0	0.0007119853998408389	0.010393879648431028	0.0
chr1:88248621	1_h	0	0.0009312056600011008	0.01022469856890334	0.0
chr1:88251267	4_lc	0	0.0009082780485125098	0.006852996714598234	0.0
chr1:88251267	3_ec	0	0.0004650031387424728	0.009115610304818975	0.0
chr1:88251267	2_ad	0	0.0007063250661969597	0.008378770891952691	0.0
chr1:88251267	1_h	0	0.0008776670163600294	0.007192309951550876	0.0
chr1:88251385	4_lc	0	0.0010141733365417887	0.011362044533986369	0.0
chr1:88251385	3_ec	0	0.00041676797055170694	0.004284608984886536	0.0
chr1:88251385	2_ad	0	0.0006751109302212318	0.007434523340066375	0.0
chr1:88251385	1_h	0	0.0011360513169817715	0.014743705818851979	0.0
chr1:88256127	4_lc	0	0.0010162547806321844	0.010515333834055736	0.0
chr1:88256127	3_ec	0	0.00043366903661632794	0.006181820535366013	0.0
chr1:88256127	2_ad	0	0.0008320860205898526	0.01178039898380688	0.0
chr1:88256127	1_h	0	0.0008779304199563715	0.007128816944511976	0.0
chr1:88256705	4_lc	0	0.0009046239315452657	0.006912596083551432	0.0
chr1:88256705	3_ec	0	0.00047764249204982267	0.007573830656299542	0.0
chr1:88256705	2_ad	0	0.0007189503634930016	0.01082549382446944	0.0
chr1:88256705	1_h	0	0.000956383875242438	0.009269771713897429	0.0
chr1:88256727	4_lc	0	0.0009203583875805649	0.007823399095086416	0.0
chr1:88256727	3_ec	0	0.00037682160075969633	0.0009026347832511032	0.0
chr1:88256727	2_ad	0	0.0006262394584385769	0.005723741587325445	0.0
chr1:88256727	1_h	0	0.0008211182132331111	0.005159597386123579	0.0
chr1:88256798	4_lc	0	0.0009178701401378808	0.007687860195054097	0.0
chr1:88256798	3_ec	0	0.0003904932379615056	0.0020070124777702347	0.0
chr1:88256798	2_ad	0	0.0006251256406475953	0.005614991792315273	0.0
chr1:88256798	1_h	0	0.0008611224653760576	0.007146706867813887	0.0
chr1:88260004	4_lc	0	0.0009060625979972546	0.006752027429682689	0.0
chr1:88260004	3_ec	0	0.0004590628499404816	0.008548578159167083	0.0
chr1:88260004	2_ad	0	0.0007099133687337028	0.008200533667366764	0.0
chr1:88260004	1_h	0	0.0007967406574391429	0.0037026135840146236	0.0
chr1:88265258	4_lc	0	0.000979026939786715	0.009763485123565625	0.0
chr1:88265258	3_ec	0	0.0003940512494890332	0.0022587558054263327	0.0
chr1:88265258	2_ad	0	0.0007002748144189753	0.009344495664312424	0.0
chr1:88265258	1_h	0	0.00098899713200341	0.01169720736949662	0.0
chr1:88265309	4_lc	0	0.0009763950892082759	0.00963830844384975	0.0
chr1:88265309	3_ec	0	0.0004693296348350259	0.0097283503553862	0.0
chr1:88265309	2_ad	0	0.0005988177750787814	0.0031428032769688025	0.0
chr1:88265309	1_h	0	0.0008366648881376534	0.007397190395005998	0.0
chr1:88265570	4_lc	0	0.001071523000021759	0.013461960088052642	0.0
chr1:88265570	3_ec	0	0.0004494137364774364	0.007641082316242665	0.0
chr1:88265570	2_ad	0	0.000684150892638327	0.008119932799135863	0.0
chr1:88265570	1_h	0	0.0008774581745976537	0.007373936005990012	0.0
chr1:88265846	4_lc	0	0.0009679781694231153	0.011432734583889778	0.0
chr1:88265846	3_ec	0	0.0004482339882671602	0.007665368046087965	0.0
chr1:88265846	2_ad	0	0.0007067602102487561	0.009826491617725494	0.0
chr1:88265846	1_h	0	0.0008454661916750161	0.008207395543443345	0.0
chr1:88265980	4_lc	0	0.0009724393359814851	0.010967025629792265	0.0
chr1:88265980	3_ec	0	0.0005324947666862682	0.009238811003197721	0.0
chr1:88265980	2_ad	0	0.0005771373478963177	0.0015160972987036086	0.0
chr1:88265980	1_h	0	0.0008284585225778384	0.005412503303881001	0.0
chr1:88269331	4_lc	0	0.0009350357126627504	0.008208213786462958	0.0
chr1:88269331	3_ec	0	0.00043244888327531486	0.005996614000247289	0.0
chr1:88269331	2_ad	0	0.0007668817264529505	0.011859277376851711	0.0
chr1:88269331	1_h	0	0.0008649559821075806	0.006802120309898121	0.0
chr1:88270269	4_lc	0	0.0008814946241589432	0.006214294808142848	0.0
chr1:88270269	3_ec	0	0.0004345861616340026	0.006307640232288617	0.0
chr1:88270269	2_ad	0	0.0007647352142500425	0.01145857799416722	0.0
chr1:88270269	1_h	0	0.0008188158258881554	0.005735264869108087	0.0
chr1:88277413	4_lc	0	0.0009783184620555977	0.009742173090623044	0.0
chr1:88277413	3_ec	0	0.00039325315502340913	0.0021995938640443514	0.0
chr1:88277413	2_ad	0	0.0006521934089072206	0.005959791757516056	0.0
chr1:88277413	1_h	0	0.0009115619235564919	0.008736242606496532	0.0
chr1:88277422	4_lc	0	0.0009475539342996441	0.0097610552441315	0.0
chr1:88277422	3_ec	0	0.00045703439133793904	0.006044960991844213	0.0
chr1:88277422	2_ad	0	0.0008839432756036167	0.012934827580562048	0.0
chr1:88277422	1_h	0	0.0008405277016384355	0.007645195514532204	0.0
chr3:15411410	4_lc	0	0.0011145707689841165	0.012862237235464083	0.0
chr3:15411410	3_ec	0	0.0005043140453018581	0.009580343164640742	0.0
chr3:15411410	2_ad	0	0.0007956571689932983	0.011451731093426726	0.0
chr3:15411410	1_h	0	0.0010385410011589827	0.013271481390076658	0.0
chr4:125071333	4_lc	0	0.0009000075841333113	0.006745298975687927	0.0
chr4:125071333	3_ec	0	0.0005405554945818974	0.009803653828702106	0.0
chr4:125071333	2_ad	0	0.0005720661649363434	0.0014313503284146536	0.0
chr4:125071333	1_h	0	0.0009534662503129525	0.011995638856822533	0.0
chr4:125072825	4_lc	0	0.0009830984467950317	0.010003706252907554	0.0
chr4:125072825	3_ec	0	0.00042779936475224813	0.005624702087809446	0.0
chr4:125072825	2_ad	0	0.0006815798803257354	0.0079087319078283	0.0
chr4:125072825	1_h	0	0.000914667062635701	0.008934145813964239	0.0
chr4:145622166	4_lc	0	0.0009841329656224984	0.010053818842732497	0.0
chr4:145622166	3_ec	0	0.0004750343597990839	0.0072542565838413136	0.0
chr4:145622166	2_ad	0	0.0008869382566299963	0.01289793292182553	0.0
chr4:145622166	1_h	0	0.0009360750801239076	0.010230385147348356	0.0
chr4:145622476	4_lc	0	0.0008881085205917488	0.006361055312906252	0.0
chr4:145622476	3_ec	0	0.00040528910934836215	0.003134523349238432	0.0
chr4:145622476	2_ad	0	0.001084664981522023	0.01753750015534045	0.0
chr4:145622476	1_h	0	0.0009967762573966548	0.012217323828511498	0.0
chr4:147581328	4_lc	0	0.0009271268445038103	0.00810504175950177	0.0
chr4:147581328	3_ec	0	0.0004316321398886191	0.005964986588932767	0.0
chr4:147581328	2_ad	0	0.0008118463134851227	0.011300131021859958	0.0
chr4:147581328	1_h	0	0.0008897306650106298	0.009337405303431927	0.0
chr4:147583197	4_lc	0	0.0010271300174530327	0.010866619149256955	0.0
chr4:147583197	3_ec	0	0.00046760888990797847	0.006721074932711927	0.0
chr4:147583197	2_ad	0	0.0008117701979459554	0.011219342223912469	0.0
chr4:147583197	1_h	0	0.001056477100933866	0.011666966661125128	0.0
chr4:152377125	4_lc	3	0.0025791400251363797	0.009407146267798388	0.0
chr4:152377125	3_ec	3	0.5367306564552269	0.05685514737537685	0.5
chr4:152377125	2_ad	3	0.003847225205869644	0.008752176711746398	0.0
chr4:152377125	1_h	3	0.0030273671915308914	0.009845454143696438	0.0
chr4:21873684	4_lc	4	0.0019196421149307074	0.006392540750921876	0.0
chr4:21873684	3_ec	4	0.0022354981194843996	0.0021501633659517317	0.0
chr4:21873684	2_ad	4	0.0021587702403770693	0.007467061536406164	0.0
chr4:21873684	1_h	4	0.37627615863061914	0.18365121039843282	0.1326530612244898
chr4:3184971	4_lc	0	0.0010365797956517304	0.011328263697001534	0.0
chr4:3184971	3_ec	0	0.0005146950126702445	0.01027358709460325	0.0
chr4:3184971	2_ad	0	0.0007416869044894467	0.009715916030225268	0.0
chr4:3184971	1_h	0	0.0012906777817780206	0.015546764117643823	0.0
chr5:13570208	4_lc	1	0.5629743108959571	0.08103563295616938	0.5
chr5:13570208	3_ec	1	0.5587771907804878	0.08395206748378405	0.5
chr5:13570208	2_ad	1	0.5464031392127601	0.05957561057773775	0.2608695652173913
chr5:13570208	1_h	1	0.5467310346512373	0.06358733608070728	0.5
chr5:14914768	4_lc	2	0.0011614688926740926	0.005968189467758733	0.0
chr5:14914768	3_ec	2	0.0011262911820017246	0.003306510222416713	0.0
chr5:14914768	2_ad	2	0.5155230657110449	0.10239965135433939	0.22878228782287824
chr5:14914768	1_h	2	0.006862138309963984	0.04698909338645854	0.021645021645021644
chr5:14914799	4_lc	0	0.0010239557914703125	0.0107498591551447	0.0
chr5:14914799	3_ec	0	0.00045588528164172503	0.008367553051549735	0.0
chr5:14914799	2_ad	0	0.0006600650251499441	0.009014030516635445	0.0
chr5:14914799	1_h	0	0.0009077753986810706	0.010845253467402236	0.0
chr5:25950723	4_lc	0	0.0011517253578680123	0.014108605274753598	0.0
chr5:25950723	3_ec	0	0.00043847758757225376	0.006415684267611852	0.0
chr5:25950723	2_ad	0	0.0012620383350932577	0.019308254376126592	0.0
chr5:25950723	1_h	0	0.0009048020858444966	0.0082360924305146	0.0
chr5:26000324	4_lc	0	0.0009421336155000425	0.009351646938534078	0.0
chr5:26000324	3_ec	0	0.0004436694101702928	0.007228912338686354	0.0
chr5:26000324	2_ad	0	0.0005749197995676082	0.0014825241716636627	0.0
chr5:26000324	1_h	0	0.0007884970712359603	0.003473515818972131	0.0
chr5:26035024	4_lc	0	0.0009652400525874263	0.01119508383944366	0.0
chr5:26035024	3_ec	0	0.0003974179848763429	0.0026446897661850126	0.0
chr5:26035024	2_ad	0	0.000673288836100603	0.007477319248061332	0.0
chr5:26035024	1_h	0	0.0008623327405078035	0.007227596207690459	0.0
chr5:26035916	4_lc	0	0.0010245188146575067	0.012412275710112866	0.0
chr5:26035916	3_ec	0	0.000459115559282555	0.00608224559404098	0.0
chr5:26035916	2_ad	0	0.0007215439442644797	0.008788015458500274	0.0
chr5:26035916	1_h	0	0.001000084543384938	0.011981129217171801	0.0
chr5:26035943	4_lc	0	0.0010352137166247885	0.01126135925240304	0.0
chr5:26035943	3_ec	0	0.0003773955417607502	0.0008993578918646321	0.0
chr5:26035943	2_ad	0	0.0006408606887019191	0.006208889737816846	0.0
chr5:26035943	1_h	0	0.000898615747142709	0.008103001736888653	0.0
chr5:26089095	4_lc	0	0.0009988384587340886	0.010858842231767507	0.0
chr5:26089095	3_ec	0	0.0004535462546823065	0.006121643957357065	0.0
chr5:26089095	2_ad	0	0.0006357685715854574	0.006124808542786718	0.0
chr5:26089095	1_h	0	0.0008799008315881214	0.007445543762939442	0.0
chr5:26089122	4_lc	0	0.000938959577689149	0.009126220818673952	0.0
chr5:26089122	3_ec	0	0.0004499028959095142	0.00784387441284559	0.0
chr5:26089122	2_ad	0	0.0006553610890445496	0.006424751491817274	0.0
chr5:26089122	1_h	0	0.0008152368093865486	0.005307222568007751	0.0
chr5:26089127	4_lc	0	0.0009219060789096531	0.007914392219616633	0.0
chr5:26089127	3_ec	0	0.0003796352167273845	0.0009933377470225829	0.0
chr5:26089127	2_ad	0	0.0007239320993726516	0.008985527185674835	0.0
chr5:26089127	1_h	0	0.0009297734758386024	0.008645607058218652	0.0
chr5:27501274	4_lc	0	0.0009705590591839544	0.011640456972385199	0.0
chr5:27501274	3_ec	0	0.000427748631025229	0.005616905721975299	0.0
chr5:27501274	2_ad	0	0.0006701236925149319	0.009988720988526595	0.0
chr5:27501274	1_h	0	0.0009214083509662224	0.00934411536086747	0.0
chr5:38300085	4_lc	1	0.5634413655433277	0.08120616807758456	0.5
chr5:38300085	3_ec	1	0.5587746004238275	0.08327999118347902	0.5
chr5:38300085	2_ad	1	0.5483978271584127	0.059706214985046545	0.5
chr5:38300085	1_h	1	0.5464159678249224	0.06366469462602725	0.3765281173594132
chr5:93636401	4_lc	0	0.0008819962073931918	0.006217287305391854	0.0
chr5:93636401	3_ec	0	0.0004410465535548581	0.00543172101252193	0.0
chr5:93636401	2_ad	0	0.0005788977535678612	0.0016533021218978225	0.0
chr5:93636401	1_h	0	0.0009638288206467484	0.010320376749745567	0.0
chr5:93636477	4_lc	0	0.0009212841644050459	0.007790656369459072	0.0
chr5:93636477	3_ec	0	0.0004272376819941846	0.004950548958073427	0.0
chr5:93636477	2_ad	0	0.000776149462709235	0.012397868870749361	0.0
chr5:93636477	1_h	0	0.0010099305214510282	0.01044252526169504	0.0
chr5:93637618	4_lc	0	0.0008750328749808902	0.0061417535362864204	0.0
chr5:93637618	3_ec	0	0.00041118412976554443	0.003980601511812745	0.0
chr5:93637618	2_ad	0	0.0007903271278830163	0.011136518652508878	0.0
chr5:93637618	1_h	0	0.0009483840652881183	0.011570109130556895	0.0
chr5:93637765	4_lc	0	0.000986430145376578	0.010231708487363118	0.0
chr5:93637765	3_ec	0	0.0004976256618781508	0.00889121681466193	0.0
chr5:93637765	2_ad	0	0.0006544132248358898	0.008404029672819982	0.0
chr5:93637765	1_h	0	0.0008858914580330046	0.0077520433571463395	0.0
chr5:93638901	4_lc	0	0.000921443382730085	0.007818673526533142	0.0
chr5:93638901	3_ec	0	0.0004355340895406289	0.006291315533691455	0.0
chr5:93638901	2_ad	0	0.0006967327516500981	0.007803392616965436	0.0
chr5:93638901	1_h	0	0.001091276992476347	0.012576892978020527	0.0
chr5:93638902	4_lc	0	0.0009981108112637016	0.01084538636820278	0.0
chr5:93638902	3_ec	0	0.00038178241901811187	0.001216683337925401	0.0
chr5:93638902	2_ad	0	0.0006851930658922366	0.008246493100318858	0.0
chr5:93638902	1_h	0	0.0008785530336467692	0.008296356869026977	0.0
chr7:126864803	4_lc	0	0.0008897148005095273	0.006373283925993102	0.0
chr7:126864803	3_ec	0	0.0004602902566806759	0.008526115579750856	0.0
chr7:126864803	2_ad	0	0.0007234433539994841	0.01115199271012823	0.0
chr7:126864803	1_h	0	0.0009231109727851804	0.009363562767029081	0.0
chr7:131065072	4_lc	1	0.5630559312444805	0.08045319133110732	0.5
chr7:131065072	3_ec	1	0.5592430051343001	0.08393355102731709	0.5
chr7:131065072	2_ad	1	0.548033268947144	0.05826288792037281	0.5
chr7:131065072	1_h	1	0.5467600033759602	0.062436665663047695	0.5
chr7:141858623	4_lc	0	0.0009588619214201082	0.010646360339476862	0.0
chr7:141858623	3_ec	0	0.0004973369578675288	0.009443265493836558	0.0
chr7:141858623	2_ad	0	0.0007498424588842894	0.010465707442353386	0.0
chr7:141858623	1_h	0	0.0007932776850803627	0.003700596132454083	0.0
chr7:141858900	4_lc	0	0.0010383996961972888	0.011488131144491744	0.0
chr7:141858900	3_ec	0	0.0004613200709973216	0.008909489820556105	0.0
chr7:141858900	2_ad	0	0.0006328207814571512	0.006310840612104223	0.0
chr7:141858900	1_h	0	0.0008458274977375413	0.008256915467805007	0.0
chr7:24104830	4_lc	0	0.0009023090306794357	0.006868268190569274	0.0
chr7:24104830	3_ec	0	0.00046678574926939403	0.009527428704974365	0.0
chr7:24104830	2_ad	0	0.0007248661129982017	0.011410604129391922	0.0
chr7:24104830	1_h	0	0.0008064209811216996	0.004747329994127712	0.0
chr7:24104972	4_lc	0	0.000980739702740413	0.009841036025462711	0.0
chr7:24104972	3_ec	0	0.0004196620058072182	0.004714999394789376	0.0
chr7:24104972	2_ad	0	0.0009075450237185233	0.014036296876092334	0.0
chr7:24104972	1_h	0	0.0009594374378554282	0.010012580566271556	0.0
chr7:24104995	4_lc	0	0.000957383555857042	0.008683465624856637	0.0
chr7:24104995	3_ec	0	0.00042657163654771064	0.00547338635921583	0.0
chr7:24104995	2_ad	0	0.0006294550524847135	0.0060078497016956	0.0
chr7:24104995	1_h	0	0.0008698048529033112	0.007713926786707054	0.0
chr7:38519610	4_lc	0	0.0008906609704400293	0.006432931901014467	0.0
chr7:38519610	3_ec	0	0.000394811745492461	0.0023911924297188676	0.0
chr7:38519610	2_ad	0	0.0007704386177431239	0.010263468851858673	0.0
chr7:38519610	1_h	0	0.0008301759040820542	0.005440080982226154	0.0
chr7:38519625	4_lc	0	0.0010209206578830176	0.010758548909771404	0.0
chr7:38519625	3_ec	0	0.00046601808220726813	0.009312998795963858	0.0
chr7:38519625	2_ad	0	0.000657192612492257	0.008627080969550583	0.0
chr7:38519625	1_h	0	0.0010316288256778147	0.011131076236777494	0.0
chr7:38520007	4_lc	0	0.0009321908271303254	0.008594197252542944	0.0
chr7:38520007	3_ec	0	0.0004557191181369741	0.006060549570650054	0.0
chr7:38520007	2_ad	0	0.000824307473841446	0.013016641612844961	0.0
chr7:38520007	1_h	0	0.0008468260652336406	0.0061890252328093386	0.0
chr7:38520414	4_lc	0	0.0009386383606531185	0.009073374131290007	0.0
chr7:38520414	3_ec	0	0.0004461741677866077	0.0074427357143988385	0.0
chr7:38520414	2_ad	0	0.0007237533639946037	0.008943299905106596	0.0
chr7:38520414	1_h	0	0.0009151727981042673	0.00908482409962818	0.0
chr7:38520435	4_lc	0	0.0009225719735838366	0.007477929101283254	0.0
chr7:38520435	3_ec	0	0.0004896064935662912	0.008221047192476585	0.0
chr7:38520435	2_ad	0	0.0006179023499974351	0.004893843255524412	0.0
chr7:38520435	1_h	0	0.0008456366429287161	0.005833410753378617	0.0
chr7:38520490	4_lc	0	0.0011703287248058607	0.013578610717863348	0.0
chr7:38520490	3_ec	0	0.0005299803883141907	0.008804479731815073	0.0
chr7:38520490	2_ad	0	0.0007637937104851458	0.009982615559059266	0.0
chr7:38520490	1_h	0	0.0009134937504967079	0.008635410121101132	0.0
chr7:79694304	4_lc	0	0.0009025999087788783	0.006846026824164308	0.0
chr7:79694304	3_ec	0	0.0004301982834913415	0.005792301442527027	0.0
chr7:79694304	2_ad	0	0.0005827668260967848	0.001815545837370037	0.0
chr7:79694304	1_h	0	0.0009520573227324976	0.00907897478741379	0.0
chr7:79694560	4_lc	0	0.0010094686775033214	0.010154054284486909	0.0
chr7:79694560	3_ec	0	0.00039362288323076873	0.002229676735480769	0.0
chr7:79694560	2_ad	0	0.0006419633072192153	0.005663187679556116	0.0
chr7:79694560	1_h	0	0.0008838909075972791	0.008834589809384308	0.0
chr7:79694655	4_lc	0	0.0010131192018776537	0.010401038979434899	0.0
chr7:79694655	3_ec	0	0.00043242889914992064	0.0052120940101734415	0.0
chr7:79694655	2_ad	0	0.0007139053788657476	0.010566315171772091	0.0
chr7:79694655	1_h	0	0.0009501953466761762	0.009571062319433056	0.0
chr7:79694677	4_lc	0	0.0009928409673041446	0.010528327386483696	0.0
chr7:79694677	3_ec	0	0.00042719617782634796	0.0052291479062362475	0.0
chr7:79694677	2_ad	0	0.000824944156359509	0.01142435102616852	0.0
chr7:79694677	1_h	0	0.0008768423637221197	0.008227639700720303	0.0
chr7:79695003	4_lc	0	0.0009246321492256909	0.008103388567066327	0.0
chr7:79695003	3_ec	0	0.0005019741442601965	0.009265986154384445	0.0
chr7:79695003	2_ad	0	0.0006887252363040796	0.008385623561232547	0.0
chr7:79695003	1_h	0	0.0007891971153504523	0.0035041091617493063	0.0
chr7:79695130	4_lc	0	0.0009958391526447008	0.010732274231978693	0.0
chr7:79695130	3_ec	0	0.0004644483773019006	0.006695237781776875	0.0
chr7:79695130	2_ad	0	0.0006668365596075002	0.006860981017684231	0.0
chr7:79695130	1_h	0	0.0010966099346660077	0.01298267421425469	0.0
chr8:102674037	4_lc	0	0.00102474038491202	0.012771384182808562	0.0
chr8:102674037	3_ec	0	0.000482434876158928	0.00788775800494276	0.0
chr8:102674037	2_ad	0	0.0006953792605337932	0.009100650639254124	0.0
chr8:102674037	1_h	0	0.001083869226943247	0.013557360413886964	0.0
chr8:26160882	4_lc	0	0.0009800986576160504	0.011602030099328751	0.0
chr8:26160882	3_ec	0	0.0004597625210330833	0.008593969857956296	0.0
chr8:26160882	2_ad	0	0.0006936319184798189	0.008801725821921505	0.0
chr8:26160882	1_h	0	0.0008844956288592721	0.008428596917870262	0.0
chrX:124128539	4_lc	0	0.0009349316201011278	0.008783478811775013	0.0
chrX:124128539	3_ec	0	0.00041914141425649395	0.004783636375616773	0.0
chrX:124128539	2_ad	0	0.000683547287273522	0.008169482570861239	0.0
chrX:124128539	1_h	0	0.0008872951806887188	0.009412399913425337	0.0
