mutation_id	sample_id	cluster_id	cellular_prevalence	cellular_prevalence_std	variant_allele_frequency
chr10:100087361	4_lc	0	0.001258291298377096	0.010077934168656703	0.0
chr10:100087361	3_ec	0	0.0006390684339716343	0.004961420199160594	0.0
chr10:100087361	2_ad	0	0.0004854981584939097	0.005874498344268725	0.0
chr10:100087361	1_h	0	0.0013386651979420117	0.010954394411035882	0.0
chr10:100341470	4_lc	0	0.001183088138020092	0.007348836687546718	0.0
chr10:100341470	3_ec	0	0.0006423789109761958	0.004846663580839079	0.0
chr10:100341470	2_ad	0	0.0005835145418119671	0.010951824708760459	0.0
chr10:100341470	1_h	0	0.0014784851213481825	0.013276314239873093	0.0
chr10:100447185	4_lc	0	0.0012362741821012508	0.009433975745935234	0.0
chr10:100447185	3_ec	0	0.0006695137587241352	0.006032994851795069	0.0
chr10:100447185	2_ad	0	0.000907066872600089	0.01588558296703068	0.0
chr10:100447185	1_h	0	0.0014651823798425697	0.012910215686639094	0.0
chr10:100451428	4_lc	0	0.0011802887476424	0.007202532450675731	0.0
chr10:100451428	3_ec	0	0.0006398488336941119	0.004641024104098865	0.0
chr10:100451428	2_ad	0	0.0004528366883230456	0.005327509136415136	0.0
chr10:100451428	1_h	0	0.0013729310529464794	0.010122318884598958	0.0
chr10:100488594	4_lc	0	0.001196214385227918	0.008459235631858622	0.0
chr10:100488594	3_ec	0	0.0006894278722945987	0.009899612804057548	0.0
chr10:100488594	2_ad	0	0.0006535395912653555	0.011034087160699724	0.0
chr10:100488594	1_h	0	0.0013043209762950774	0.008446861667585067	0.0
chr10:100513965	4_lc	0	0.0014727899006278624	0.014921084726632608	0.0
chr10:100513965	3_ec	0	0.0007197099467671274	0.008106602572018642	0.0
chr10:100513965	2_ad	0	0.0005077858212510516	0.007575250447529657	0.0
chr10:100513965	1_h	0	0.0016565710911821126	0.01603228842283348	0.0
chr10:100523240	4_lc	0	0.0012058423452028398	0.008478036420260134	0.0
chr10:100523240	3_ec	0	0.0007119795620371768	0.008848000121709887	0.0
chr10:100523240	2_ad	0	0.0008281477214244979	0.014987307724026675	0.0
chr10:100523240	1_h	0	0.001534214094429409	0.013624504247752897	0.0
chr10:100523321	4_lc	0	0.0013444930806626048	0.012162004862747232	0.0
chr10:100523321	3_ec	0	0.0007769518373004481	0.011030650039707289	0.0
chr10:100523321	2_ad	0	0.0006556103784612412	0.010703716443156963	0.0
chr10:100523321	1_h	0	0.0012888827715963724	0.009882623532956459	0.0
chr10:100540459	4_lc	0	0.0012359004477508026	0.01124984906950715	0.0
chr10:100540459	3_ec	0	0.0007181167745577938	0.008835455183383887	0.0
chr10:100540459	2_ad	0	0.0005244049219081311	0.00754086925353322	0.0
chr10:100540459	1_h	0	0.0013957945855838172	0.010367499202669082	0.0
chr10:100541729	4_lc	0	0.001099140497729034	0.005140656400465592	0.0
chr10:100541729	3_ec	0	0.0006955876373721624	0.008195478623178609	0.0
chr10:100541729	2_ad	0	0.0005384655456735975	0.00927779549422582	0.0
chr10:100541729	1_h	0	0.0014365802360338993	0.010715495018365875	0.0
chr10:100541761	4_lc	0	0.0012145312066230783	0.010500711289778083	0.0
chr10:100541761	3_ec	0	0.0006634456102871394	0.006035690225435989	0.0
chr10:100541761	2_ad	0	0.0004936853130498601	0.008311850914361714	0.0
chr10:100541761	1_h	0	0.001575794030636818	0.015110885824382816	0.0
chr10:100541806	4_lc	0	0.0011413351269423818	0.0060306519728948885	0.0
chr10:100541806	3_ec	0	0.0007810078561352394	0.011146069375774798	0.0
chr10:100541806	2_ad	0	0.0006007183176714068	0.0119070011449029	0.0
chr10:100541806	1_h	0	0.0012955591884673582	0.00947549803008024	0.0
chr10:100544978	4_lc	0	0.0012972617351955141	0.012897747857607762	0.0
chr10:100544978	3_ec	0	0.000629848024859068	0.0036884733156578374	0.0
chr10:100544978	2_ad	0	0.00041461007695748774	0.0018557896582402492	0.0
chr10:100544978	1_h	0	0.0012996267775269412	0.0079239628660896	0.0
chr10:100554526	4_lc	0	0.0011788108130533742	0.008340054319661236	0.0
chr10:100554526	3_ec	0	0.000647166549717971	0.006744365280532874	0.0
chr10:100554526	2_ad	0	0.0006877145266835953	0.01249038309216243	0.0
chr10:100554526	1_h	0	0.0015880503517501443	0.014154388146802484	0.0
chr10:100568831	4_lc	0	0.0011630684317628414	0.006513899805248934	0.0
chr10:100568831	3_ec	0	0.0006408041705140828	0.00511454918247399	0.0
chr10:100568831	2_ad	0	0.0005321239316474697	0.008279844253817477	0.0
chr10:100568831	1_h	0	0.0013053178629612208	0.008157108108627988	0.0
chr10:100572117	4_lc	0	0.0013398978582568237	0.013495618367109458	0.0
chr10:100572117	3_ec	0	0.000657315145635122	0.006328989841497481	0.0
chr10:100572117	2_ad	0	0.000599759192441118	0.010080720508493776	0.0
chr10:100572117	1_h	0	0.001478194862347901	0.013396953974157437	0.0
chr10:100575803	4_lc	0	0.0012499279074120655	0.009770535326918831	0.0
chr10:100575803	3_ec	0	0.0006238933552007945	0.0031097204025105902	0.0
chr10:100575803	2_ad	0	0.000635364993448488	0.010757141744297191	0.0
chr10:100575803	1_h	0	0.001351090585659606	0.009350545457430267	0.0
chr10:100603521	4_lc	0	0.0012447146848402792	0.009008665859479995	0.0
chr10:100603521	3_ec	0	0.0006111832001616357	0.002090982020816816	0.0
chr10:100603521	2_ad	0	0.0006325755188060036	0.011784936158677891	0.0
chr10:100603521	1_h	0	0.001334256948797638	0.008817011633439446	0.0
chr10:100610640	4_lc	0	0.001242381249854554	0.009413890757918488	0.0
chr10:100610640	3_ec	0	0.000695641817102068	0.007338190119490416	0.0
chr10:100610640	2_ad	0	0.0004019787163586378	0.0012027458685945423	0.0
chr10:100610640	1_h	0	0.0013913362609294445	0.011984474813077269	0.0
chr10:105842702	4_lc	0	0.001173562754702681	0.007018148271749368	0.0
chr10:105842702	3_ec	0	0.0007362965972577829	0.010662643352427082	0.0
chr10:105842702	2_ad	0	0.0004854572402336348	0.006287176168169924	0.0
chr10:105842702	1_h	0	0.0012689030502377684	0.0071435147772388975	0.0
chr10:119985534	4_lc	3	0.0025812655503872125	0.004094909673674225	0.0
chr10:119985534	3_ec	3	0.5339390094455061	0.05236449301345345	0.5
chr10:119985534	2_ad	3	0.0025183714441482682	0.008176751124406741	0.0
chr10:119985534	1_h	3	0.003039676640237159	0.005565533329124478	0.0
chr10:121266896	4_lc	3	0.0025770136940322184	0.0038586278118589246	0.0
chr10:121266896	3_ec	3	0.532078341197956	0.061089313165722636	0.5
chr10:121266896	2_ad	3	0.002475643820613964	0.004719057271467042	0.0
chr10:121266896	1_h	3	0.0031237767521016474	0.010829674970115236	0.0
chr10:121601341	4_lc	3	0.0026469178899551854	0.010107035360583666	0.0
chr10:121601341	3_ec	3	0.5302833721721164	0.06840212717005008	0.42696629213483145
chr10:121601341	2_ad	3	0.002448763234847411	0.0037049545590795664	0.0
chr10:121601341	1_h	3	0.0030272332303698194	0.005497857571061807	0.0
chr10:121667584	4_lc	3	0.002581437693865561	0.003936131103802833	0.0
chr10:121667584	3_ec	3	0.5333136409887951	0.05535190347483589	0.5
chr10:121667584	2_ad	3	0.0025139402009510797	0.007815896516489432	0.0
chr10:121667584	1_h	3	0.003059407682838852	0.006348513024138069	0.0
chr10:121667639	4_lc	3	0.002634291107703931	0.008866534639432856	0.0
chr10:121667639	3_ec	3	0.5327258623428858	0.05808387294944439	0.5
chr10:121667639	2_ad	3	0.002522045392522798	0.008801904306637963	0.0
chr10:121667639	1_h	3	0.003033843847359387	0.005584705707808155	0.0
chr10:121677356	4_lc	3	0.00265720243264335	0.010362446314004336	0.0
chr10:121677356	3_ec	3	0.5336339057105797	0.054004682344176796	0.5
chr10:121677356	2_ad	3	0.002502332362962994	0.00638184728737015	0.0
chr10:121677356	1_h	3	0.00307760407232489	0.007690486584702476	0.0
chr10:127003427	4_lc	3	0.002637596259743392	0.008092334613161181	0.0
chr10:127003427	3_ec	3	0.5331128600960917	0.05638284995566571	0.5
chr10:127003427	2_ad	3	0.002535741677651904	0.009921507149748692	0.0
chr10:127003427	1_h	3	0.0030643809454752014	0.006300085260399404	0.0
chr10:127033026	4_lc	3	0.0026173451530760294	0.006162262134089144	0.0
chr10:127033026	3_ec	3	0.5335575214492656	0.05459831587995167	0.5
chr10:127033026	2_ad	3	0.0025246495392206646	0.008634822193631826	0.0
chr10:127033026	1_h	3	0.0030721139200426714	0.007251149036666689	0.0
chr10:127080762	4_lc	3	0.0025902018106694026	0.008220177006600075	0.0
chr10:127080762	3_ec	3	0.5142352574349652	0.11236530076817333	0.30327868852459017
chr10:127080762	2_ad	3	0.002431406742017642	0.007432438906336667	0.0
chr10:127080762	1_h	3	0.003081527035198469	0.010334710186806212	0.0
chr10:127174816	4_lc	3	0.0026286512922852625	0.007188306556094729	0.0
chr10:127174816	3_ec	3	0.5330115342361096	0.05684214369837101	0.5
chr10:127174816	2_ad	3	0.0024801981450254308	0.004713841096636576	0.0
chr10:127174816	1_h	3	0.0030319999513113345	0.005515890837516368	0.0
chr10:127175011	4_lc	3	0.0026066973152644854	0.006154394590756514	0.0
chr10:127175011	3_ec	3	0.5335061322750866	0.05485221274932039	0.5
chr10:127175011	2_ad	3	0.0024699821055537423	0.004070224622494768	0.0
chr10:127175011	1_h	3	0.003038817144881779	0.005640073018372826	0.0
chr10:127242712	4_lc	3	0.002619184549002943	0.006887780428054038	0.0
chr10:127242712	3_ec	3	0.5326072378204095	0.05887269609762698	0.5
chr10:127242712	2_ad	3	0.002510239157603421	0.007503812540094473	0.0
chr10:127242712	1_h	3	0.003086352251209612	0.0072057634915331445	0.0
chr10:127310081	4_lc	3	0.002595485319491036	0.005108487932039138	0.0
chr10:127310081	3_ec	3	0.5328955406489492	0.057331801782413434	0.5
chr10:127310081	2_ad	3	0.0025151680220793825	0.008067930847779155	0.0
chr10:127310081	1_h	3	0.0030466888070103944	0.005907841182833568	0.0
chr10:127337039	4_lc	3	0.0026311396644174622	0.007056041451427371	0.0
chr10:127337039	3_ec	3	0.5327051224821464	0.058552256939703375	0.5
chr10:127337039	2_ad	3	0.002521753946970517	0.008637602096775906	0.0
chr10:127337039	1_h	3	0.0031353992345772392	0.010903439324628063	0.0
chr10:127338481	4_lc	3	0.002654768509532696	0.009754335445721303	0.0
chr10:127338481	3_ec	3	0.5329841405559426	0.056918186423195696	0.5
chr10:127338481	2_ad	3	0.0024743849455876868	0.004389820345319754	0.0
chr10:127338481	1_h	3	0.0030310491102628666	0.0054913416719775355	0.0
chr10:127519393	4_lc	3	0.002637069847164522	0.00828006441327154	0.0
chr10:127519393	3_ec	3	0.530687029443868	0.06679561176689487	0.43832599118942733
chr10:127519393	2_ad	3	0.00248763836954761	0.006596761388568671	0.0
chr10:127519393	1_h	3	0.003061843115511761	0.006891650109895147	0.0
chr10:127521031	4_lc	3	0.002559799789099244	0.0033141733604955146	0.0
chr10:127521031	3_ec	3	0.5309156469909342	0.06631675099486364	0.44924406047516197
chr10:127521031	2_ad	3	0.0024959564920967437	0.007438513710721731	0.0
chr10:127521031	1_h	3	0.0030708759369838666	0.006384381322346328	0.0
chr10:127742253	4_lc	3	0.002654617962578108	0.009811185220156185	0.0
chr10:127742253	3_ec	3	0.5329274379840762	0.05742511350202314	0.5
chr10:127742253	2_ad	3	0.002500753000966235	0.006698389043997516	0.0
chr10:127742253	1_h	3	0.0031251250850217465	0.01090998143761988	0.0
chr10:127742453	4_lc	3	0.002574291125800323	0.0034587579726287495	0.0
chr10:127742453	3_ec	3	0.5332575868777168	0.05595506430528173	0.5
chr10:127742453	2_ad	3	0.0024966539437834083	0.006008615409998878	0.0
chr10:127742453	1_h	3	0.0030905098572011564	0.007718596496785705	0.0
chr10:127813546	4_lc	3	0.002576791108594514	0.003711357506556502	0.0
chr10:127813546	3_ec	3	0.5321667112331301	0.060504143324007394	0.5
chr10:127813546	2_ad	3	0.0024842271395795028	0.005293221413537747	0.0
chr10:127813546	1_h	3	0.0030968509175974715	0.009101194170479894	0.0
chr10:127866821	4_lc	3	0.002612203329791259	0.006779096421737164	0.0
chr10:127866821	3_ec	3	0.532634912951558	0.05908883870735931	0.5
chr10:127866821	2_ad	3	0.002539693346897439	0.00796666101351084	0.0
chr10:127866821	1_h	3	0.0030924475008996593	0.0088001278527172	0.0
chr10:128209385	4_lc	3	0.0025945743964111215	0.004797916660168043	0.0
chr10:128209385	3_ec	3	0.5320945453925793	0.06113519147290544	0.5
chr10:128209385	2_ad	3	0.0024751313965589573	0.005008579919278592	0.0
chr10:128209385	1_h	3	0.0030862975875569935	0.007297482486738332	0.0
chr10:58231225	4_lc	0	0.0012470183886783889	0.009829628262728651	0.0
chr10:58231225	3_ec	0	0.0006768091587435653	0.006327288548079262	0.0
chr10:58231225	2_ad	0	0.0004385011760828191	0.003004279068458117	0.0
chr10:58231225	1_h	0	0.0013285112344417172	0.009953853981051149	0.0
chr10:58231226	4_lc	0	0.001261067884016245	0.009905529237053335	0.0
chr10:58231226	3_ec	0	0.000685971321252154	0.0096109767506227	0.0
chr10:58231226	2_ad	0	0.0005146633200444906	0.009681174515251838	0.0
chr10:58231226	1_h	0	0.0013623809544607306	0.010432535303732358	0.0
chr10:58231344	4_lc	1	0.5624835645327755	0.081210993287408	0.5
chr10:58231344	3_ec	1	0.55689264349297	0.07209343134848442	0.5
chr10:58231344	2_ad	1	0.5525640287619311	0.05973565216552267	0.5
chr10:58231344	1_h	1	0.5477520110293218	0.06538472361040118	0.5
chr10:58231793	4_lc	5	0.46345490886700047	0.18998297719381407	0.175
chr10:58231793	3_ec	5	0.0026829147777954693	0.004331341240017454	0.0
chr10:58231793	2_ad	5	0.0019902905021066653	0.0046291246745278755	0.0
chr10:58231793	1_h	5	0.002832133850967497	0.0056777140518879474	0.0
chr10:58231924	4_lc	0	0.0011790944145763408	0.007141202955750968	0.0
chr10:58231924	3_ec	0	0.000647501876184885	0.005414623181598411	0.0
chr10:58231924	2_ad	0	0.0004720262897849324	0.0057692903748528005	0.0
chr10:58231924	1_h	0	0.0012636266536290581	0.0069605655205849494	0.0
chr10:58231988	4_lc	0	0.0015358146262356728	0.008407643719984292	0.0
chr10:58231988	3_ec	0	0.10379738151251974	0.2097524771153566	0.05172413793103448
chr10:58231988	2_ad	0	0.0008391336994681633	0.0029416403413527674	0.0
chr10:58231988	1_h	0	0.001762823123548722	0.010446605005403698	0.0
chr10:82492194	4_lc	0	0.0012316072505098236	0.011533153900983391	0.0
chr10:82492194	3_ec	0	0.0007863118588427387	0.009933484961370111	0.0
chr10:82492194	2_ad	0	0.0006155500466718066	0.009653859363296729	0.0
chr10:82492194	1_h	0	0.0012482026781852186	0.006870073084648039	0.0
chr10:82638847	4_lc	0	0.0012301302845332924	0.009159533627093895	0.0
chr10:82638847	3_ec	0	0.0007404511200168521	0.00876830464111638	0.0
chr10:82638847	2_ad	0	0.0006058397222433292	0.010072666896301194	0.0
chr10:82638847	1_h	0	0.0013810258090464452	0.011653544500885018	0.0
chr10:82647345	4_lc	0	0.0011832281394444622	0.007578883436915922	0.0
chr10:82647345	3_ec	0	0.0007145596883264638	0.008845676781125463	0.0
chr10:82647345	2_ad	0	0.000509164453758602	0.009134964611285667	0.0
chr10:82647345	1_h	0	0.0013663631810154355	0.010521562236596255	0.0
chr10:82670307	4_lc	0	0.0011918812245688508	0.007878115552634903	0.0
chr10:82670307	3_ec	0	0.0006043534016690656	0.001735290553695778	0.0
chr10:82670307	2_ad	0	0.0006785009189089552	0.0117660427944142	0.0
chr10:82670307	1_h	0	0.0014129093774508997	0.01128948878645168	0.0
chr10:83508124	4_lc	0	0.001241938754874882	0.009488246612537523	0.0
chr10:83508124	3_ec	0	0.0006634665675252373	0.006958370198117044	0.0
chr10:83508124	2_ad	0	0.00045834344122627736	0.00585870166895627	0.0
chr10:83508124	1_h	0	0.001268637117649182	0.007139455365852665	0.0
chr10:86467097	4_lc	0	0.001276869050136728	0.010187094362725548	0.0
chr10:86467097	3_ec	0	0.0006162768816223354	0.0024660994940986195	0.0
chr10:86467097	2_ad	0	0.0004499806916223858	0.004982979993115485	0.0
chr10:86467097	1_h	0	0.0013628188723044002	0.00918623107522175	0.0
chr10:86691704	4_lc	0	0.001232959572928253	0.00886227838047325	0.0
chr10:86691704	3_ec	0	0.000662559696452168	0.0060547975076611985	0.0
chr10:86691704	2_ad	0	0.00042962279444515	0.0031039255156806254	0.0
chr10:86691704	1_h	0	0.0013852608447066596	0.011092349272423196	0.0
chr10:86731086	4_lc	0	0.0012468638211002182	0.009849869361939925	0.0
chr10:86731086	3_ec	0	0.0005977704778617494	0.0015091364493006272	0.0
chr10:86731086	2_ad	0	0.0006509121012336131	0.011775169707710849	0.0
chr10:86731086	1_h	0	0.0012202790619730355	0.005224633707304119	0.0
chr10:86776504	4_lc	0	0.0012966261761720738	0.010941706276829812	0.0
chr10:86776504	3_ec	0	0.0006549330064183959	0.005304680065472449	0.0
chr10:86776504	2_ad	0	0.00052080333762404	0.00861367289997891	0.0
chr10:86776504	1_h	0	0.0013786310613978822	0.010991258188120094	0.0
chr10:86776652	4_lc	0	0.001233897578256243	0.011129561776403299	0.0
chr10:86776652	3_ec	0	0.0007748898844064714	0.0107479063069015	0.0
chr10:86776652	2_ad	0	0.0004160823218944407	0.001981468533986653	0.0
chr10:86776652	1_h	0	0.0013548970340111902	0.011720433973718173	0.0
chr10:86776664	4_lc	0	0.0012242922769755704	0.01033469381302789	0.0
chr10:86776664	3_ec	0	0.0006124982235378404	0.00221561718002072	0.0
chr10:86776664	2_ad	0	0.0005168555389509019	0.00819652169555573	0.0
chr10:86776664	1_h	0	0.0013008579019899247	0.010006693526218463	0.0
chr10:86779267	4_lc	0	0.0010966629889773124	0.005080197985317036	0.0
chr10:86779267	3_ec	0	0.0006140694956696981	0.0034755719285039315	0.0
chr10:86779267	2_ad	0	0.0005731926344947606	0.009499348923980666	0.0
chr10:86779267	1_h	0	0.001517001568538071	0.01240202608695585	0.0
chr10:86848120	4_lc	0	0.0011668835898902424	0.006580631173445039	0.0
chr10:86848120	3_ec	0	0.0006390409626166548	0.004567347379686666	0.0
chr10:86848120	2_ad	0	0.00046104683147232876	0.0054080747193290665	0.0
chr10:86848120	1_h	0	0.0012700538448430188	0.0074843100036094245	0.0
chr10:86850628	4_lc	0	0.0013356352569282401	0.013162866043592602	0.0
chr10:86850628	3_ec	0	0.0007410006322921247	0.010892397427288324	0.0
chr10:86850628	2_ad	0	0.0005153679090533782	0.007450390277912848	0.0
chr10:86850628	1_h	0	0.0012698030049598118	0.006773819289579287	0.0
chr10:86850851	4_lc	0	0.00114061164550244	0.0059896192454216785	0.0
chr10:86850851	3_ec	0	0.0006542999363779313	0.00643454057095622	0.0
chr10:86850851	2_ad	0	0.0004778874181371327	0.006232357953164843	0.0
chr10:86850851	1_h	0	0.0013009213075030773	0.008285684580675046	0.0
chr10:86858183	4_lc	0	0.0012729610715604656	0.011229084805462353	0.0
chr10:86858183	3_ec	0	0.00066251130042634	0.0068026926195859615	0.0
chr10:86858183	2_ad	0	0.00047475179481131765	0.005820788351577537	0.0
chr10:86858183	1_h	0	0.001337786333295614	0.009037307011585246	0.0
chr10:86865017	4_lc	0	0.0012753646755670881	0.010823778933537507	0.0
chr10:86865017	3_ec	0	0.0006346188802570214	0.003931836798252006	0.0
chr10:86865017	2_ad	0	0.0006497716141835628	0.012691607074324785	0.0
chr10:86865017	1_h	0	0.001252587767687023	0.006645148601975916	0.0
chr10:86872653	4_lc	0	0.00122128062099108	0.010367659825882797	0.0
chr10:86872653	3_ec	0	0.00072473272939504	0.00971890194406558	0.0
chr10:86872653	2_ad	0	0.0004905830647502068	0.006364072814433207	0.0
chr10:86872653	1_h	0	0.001307812100792057	0.008700642462806564	0.0
chr10:86872728	4_lc	0	0.0011598363705381076	0.006316782760422428	0.0
chr10:86872728	3_ec	0	0.0006635291794664396	0.006810265453065336	0.0
chr10:86872728	2_ad	0	0.0005062367564880236	0.007616048983781488	0.0
chr10:86872728	1_h	0	0.0015526523343958561	0.013795034997706441	0.0
chr10:86873894	4_lc	0	0.0012342397281850934	0.009154621306958205	0.0
chr10:86873894	3_ec	0	0.0006658167267725408	0.005672457544456911	0.0
chr10:86873894	2_ad	0	0.000544141338798909	0.009151692265315222	0.0
chr10:86873894	1_h	0	0.0013485365291573	0.01152456101070232	0.0
chr10:86897981	4_lc	0	0.0011693850549794002	0.0066777391378676125	0.0
chr10:86897981	3_ec	0	0.0006859899789235511	0.009168634359304843	0.0
chr10:86897981	2_ad	0	0.0004351698512536274	0.0037056075560268154	0.0
chr10:86897981	1_h	0	0.0013802016742369262	0.011042032366427682	0.0
chr10:86905631	4_lc	0	0.0012854567311746088	0.012190108192241597	0.0
chr10:86905631	3_ec	0	0.0006332770353182795	0.003943925961195388	0.0
chr10:86905631	2_ad	0	0.0005211313870918139	0.00873863925490216	0.0
chr10:86905631	1_h	0	0.001373631246775673	0.010033526264078014	0.0
chr10:86933327	4_lc	0	0.001255383479536163	0.00949213678969592	0.0
chr10:86933327	3_ec	0	0.0006373070828954653	0.004774725454531627	0.0
chr10:86933327	2_ad	0	0.0006078107910811889	0.011327353964737458	0.0
chr10:86933327	1_h	0	0.0012534428953611765	0.006718974744761917	0.0
chr10:86938052	4_lc	0	0.00119110154264612	0.010198617429953524	0.0
chr10:86938052	3_ec	0	0.0006256635626233625	0.004183770770280336	0.0
chr10:86938052	2_ad	0	0.0005429311092091817	0.007994055853379804	0.0
chr10:86938052	1_h	0	0.0015717114554026435	0.014232284703865838	0.0
chr10:86969772	4_lc	0	0.0011603774291228887	0.0063203915186066115	0.0
chr10:86969772	3_ec	0	0.0006016322530900872	0.0015418450760460315	0.0
chr10:86969772	2_ad	0	0.0004101725646178172	0.0015617977540604703	0.0
chr10:86969772	1_h	0	0.0013751806578633267	0.0106228698181423	0.0
chr10:86979990	4_lc	0	0.0012240004770323791	0.010271090675071929	0.0
chr10:86979990	3_ec	0	0.0006372269417978354	0.004354441568609316	0.0
chr10:86979990	2_ad	0	0.0004752841704901409	0.005867149560247735	0.0
chr10:86979990	1_h	0	0.001443433396715587	0.012875987667536995	0.0
chr10:87165105	4_lc	0	0.0012295550054133018	0.008906778303510252	0.0
chr10:87165105	3_ec	0	0.0006667784454498578	0.007693316530402798	0.0
chr10:87165105	2_ad	0	0.0006674361758734915	0.011380003100499591	0.0
chr10:87165105	1_h	0	0.0012804869603606703	0.008807610244989241	0.0
chr10:87225901	4_lc	0	0.0012904646670306938	0.013270958558251143	0.0
chr10:87225901	3_ec	0	0.0006123075302919341	0.003603011977000676	0.0
chr10:87225901	2_ad	0	0.0007373409905777329	0.012824046057583778	0.0
chr10:87225901	1_h	0	0.0016014699155694108	0.01381814428360706	0.0
chr10:87226012	4_lc	0	0.0012318885655901429	0.010911158551457118	0.0
chr10:87226012	3_ec	0	0.0007239703367007285	0.009419098335084352	0.0
chr10:87226012	2_ad	0	0.0005260238661413179	0.00823620041601059	0.0
chr10:87226012	1_h	0	0.0013356398810249717	0.00852295674131954	0.0
chr10:88091308	4_lc	0	0.0011831609811290735	0.007583106511121262	0.0
chr10:88091308	3_ec	0	0.0005964648894442803	0.0014517344278379592	0.0
chr10:88091308	2_ad	0	0.0004990479282841983	0.006557757635549837	0.0
chr10:88091308	1_h	0	0.0012924914784144428	0.00801889005613348	0.0
chr10:88093169	4_lc	0	0.0012808190234659725	0.012058365605816749	0.0
chr10:88093169	3_ec	0	0.0006008726274156348	0.0015202696158442637	0.0
chr10:88093169	2_ad	0	0.0005338537259149774	0.008003202372464411	0.0
chr10:88093169	1_h	0	0.0013793930761737	0.010945043277711546	0.0
chr10:88133128	4_lc	0	0.001196852027411936	0.008220834902352663	0.0
chr10:88133128	3_ec	0	0.0006191401556077392	0.0027439224506257166	0.0
chr10:88133128	2_ad	0	0.00048235831603402757	0.008274812299508933	0.0
chr10:88133128	1_h	0	0.0013725961659473047	0.010496129860155306	0.0
chr10:88245799	4_lc	0	0.0012343535572176562	0.011141365870104855	0.0
chr10:88245799	3_ec	0	0.0006021320163449807	0.001572511084545804	0.0
chr10:88245799	2_ad	0	0.0004032943394861314	0.0012462412639209289	0.0
chr10:88245799	1_h	0	0.0012645157589136217	0.006742482956675398	0.0
chr10:88778418	4_lc	0	0.0011469287576925955	0.0060606345265759665	0.0
chr10:88778418	3_ec	0	0.0005957851159860428	0.0014360011595815096	0.0
chr10:88778418	2_ad	0	0.00043243376997586304	0.0027093751545929417	0.0
chr10:88778418	1_h	0	0.0014237130206815813	0.012315026258154723	0.0
chr10:88926259	4_lc	0	0.0012148763247884463	0.009884381863607163	0.0
chr10:88926259	3_ec	0	0.0007365613994233126	0.010788875732487753	0.0
chr10:88926259	2_ad	0	0.0006748550089368022	0.011655069383279695	0.0
chr10:88926259	1_h	0	0.0012763295017673168	0.007048965264264242	0.0
chr10:89480555	4_lc	0	0.001277366197915164	0.011368028776229314	0.0
chr10:89480555	3_ec	0	0.0006687763724310135	0.006265371500782873	0.0
chr10:89480555	2_ad	0	0.0005033962677895993	0.00967110575400648	0.0
chr10:89480555	1_h	0	0.0016662767389376092	0.016121829981930867	0.0
chr10:89483407	4_lc	0	0.0011563988947660955	0.006219558490454224	0.0
chr10:89483407	3_ec	0	0.0006702801917105854	0.007573223704225275	0.0
chr10:89483407	2_ad	0	0.00043022402847356166	0.0032637828124975955	0.0
chr10:89483407	1_h	0	0.0013445513594500507	0.010564112604488573	0.0
chr10:89506533	4_lc	0	0.00118764295448433	0.007876834819702581	0.0
chr10:89506533	3_ec	0	0.0006439481302274823	0.005472456007864201	0.0
chr10:89506533	2_ad	0	0.0004962664173904404	0.006231335807261405	0.0
chr10:89506533	1_h	0	0.0013559058950631002	0.00924820474383861	0.0
chr10:89717207	4_lc	0	0.0012114496232473952	0.008687026104113505	0.0
chr10:89717207	3_ec	0	0.000736830821823603	0.010481910315320562	0.0
chr10:89717207	2_ad	0	0.0005755638949396808	0.009665671322949241	0.0
chr10:89717207	1_h	0	0.0012468641961245687	0.006002976774205268	0.0
chr10:89805511	4_lc	0	0.0011964615942423886	0.00821961590095507	0.0
chr10:89805511	3_ec	0	0.000721451868224125	0.009218729198247039	0.0
chr10:89805511	2_ad	0	0.0006037879683313579	0.012133764301664773	0.0
chr10:89805511	1_h	0	0.0012981667928280184	0.009624202908917861	0.0
chr10:89805549	4_lc	0	0.0011804440807566055	0.007234945657206537	0.0
chr10:89805549	3_ec	0	0.0006614385082095455	0.006085129529435541	0.0
chr10:89805549	2_ad	0	0.0005076009782337852	0.007697187485233628	0.0
chr10:89805549	1_h	0	0.0013013336968454743	0.008015505686344397	0.0
chr10:89808612	4_lc	0	0.0011993349939880072	0.008448193073375415	0.0
chr10:89808612	3_ec	0	0.00072584634495967	0.009477291021749523	0.0
chr10:89808612	2_ad	0	0.00047952937453087997	0.00594114443349393	0.0
chr10:89808612	1_h	0	0.0013180138416733205	0.008104887349025267	0.0
chr10:91083278	4_lc	0	0.0012598041396642205	0.009914523648381182	0.0
chr10:91083278	3_ec	0	0.000601024227782444	0.0014952776549082242	0.0
chr10:91083278	2_ad	0	0.0005302898311250519	0.009477191989579544	0.0
chr10:91083278	1_h	0	0.0012809849241636527	0.008185083385446032	0.0
chr10:91095828	4_lc	0	0.0012549973296878973	0.010130933099021109	0.0
chr10:91095828	3_ec	0	0.000640760291926045	0.004771758276515669	0.0
chr10:91095828	2_ad	0	0.0005581149490931178	0.008886220414468975	0.0
chr10:91095828	1_h	0	0.0013531685989984176	0.011481462653535937	0.0
chr10:91095986	4_lc	0	0.0011894370218181194	0.007363528152609961	0.0
chr10:91095986	3_ec	0	0.0006987805980646444	0.0074701607756508205	0.0
chr10:91095986	2_ad	0	0.0004957225781253256	0.006645372781331485	0.0
chr10:91095986	1_h	0	0.001414435642339906	0.011787288083895226	0.0
chr10:91096507	4_lc	0	0.001210084670425344	0.009480560667521834	0.0
chr10:91096507	3_ec	0	0.0006177105281498205	0.002980838426013856	0.0
chr10:91096507	2_ad	0	0.0005651968803139477	0.008705016821444674	0.0
chr10:91096507	1_h	0	0.0013613961790165518	0.010198219975615532	0.0
chr10:91102056	4_lc	0	0.0012415179520406322	0.011054404959166375	0.0
chr10:91102056	3_ec	0	0.0007872255385583019	0.011248515404330537	0.0
chr10:91102056	2_ad	0	0.0005338150123990574	0.008100157321428334	0.0
chr10:91102056	1_h	0	0.0013751638023398736	0.011236739482042877	0.0
chr10:92691895	4_lc	0	0.001220536034216827	0.010018629760564314	0.0
chr10:92691895	3_ec	0	0.0006627367251920127	0.006872007062226903	0.0
chr10:92691895	2_ad	0	0.00047849384738981053	0.006021428774781387	0.0
chr10:92691895	1_h	0	0.0012757655200530695	0.007839827143728766	0.0
chr10:93265081	4_lc	0	0.001261295710837566	0.01048324615560994	0.0
chr10:93265081	3_ec	0	0.0006579271772513963	0.006424567501317873	0.0
chr10:93265081	2_ad	0	0.0006205455963553414	0.011141905002301914	0.0
chr10:93265081	1_h	0	0.0012772773683821744	0.007913708820373946	0.0
chr10:93265185	4_lc	0	0.001297336673006862	0.012925699636334106	0.0
chr10:93265185	3_ec	0	0.0006626307276697735	0.005862110913084728	0.0
chr10:93265185	2_ad	0	0.0005057058116744443	0.0075555221476187925	0.0
chr10:93265185	1_h	0	0.0012176219187091024	0.005200780581107249	0.0
chr10:93265293	4_lc	0	0.001268777588678262	0.011125209971726767	0.0
chr10:93265293	3_ec	0	0.0006813040667851587	0.009060845671443865	0.0
chr10:93265293	2_ad	0	0.0004921154924917019	0.006323388961979506	0.0
chr10:93265293	1_h	0	0.0013328749564179992	0.008755769293429768	0.0
chr10:93474948	4_lc	0	0.0012115412655928027	0.009326428666401956	0.0
chr10:93474948	3_ec	0	0.0007360338197322419	0.010432272075887213	0.0
chr10:93474948	2_ad	0	0.0005251132592921082	0.00901674271560614	0.0
chr10:93474948	1_h	0	0.0012321313029327377	0.005439068942636679	0.0
chr10:93484722	4_lc	0	0.0013080256827311897	0.01159426861751954	0.0
chr10:93484722	3_ec	0	0.0006009124419199969	0.0016671574165256031	0.0
chr10:93484722	2_ad	0	0.0005157162035347039	0.007214384281088166	0.0
chr10:93484722	1_h	0	0.0012937108794785262	0.00785141891968341	0.0
chr10:93567732	4_lc	0	0.0014462817567570628	0.015343685977327262	0.0
chr10:93567732	3_ec	0	0.0006867464907503645	0.006662039466438158	0.0
chr10:93567732	2_ad	0	0.0005106646939039157	0.00782061761674649	0.0
chr10:93567732	1_h	0	0.001359151616813658	0.012031866333937396	0.0
chr10:93734207	4_lc	0	0.0011629872712691708	0.006435721120442502	0.0
chr10:93734207	3_ec	0	0.00071629193188763	0.009092626033550325	0.0
chr10:93734207	2_ad	0	0.0004964817360115946	0.009725957467549654	0.0
chr10:93734207	1_h	0	0.0013287461280007953	0.009507089583193011	0.0
chr10:93846041	4_lc	0	0.0011562441459314291	0.006228924625583948	0.0
chr10:93846041	3_ec	0	0.0007888344293345786	0.011461457818064623	0.0
chr10:93846041	2_ad	0	0.0004435148172205194	0.004333034358183222	0.0
chr10:93846041	1_h	0	0.0014965821923097363	0.01291908051786955	0.0
chr10:93846147	4_lc	0	0.0012219619237023678	0.010119396660190681	0.0
chr10:93846147	3_ec	0	0.0006929470373312213	0.009826163428011618	0.0
chr10:93846147	2_ad	0	0.00046310311946002664	0.006441432704252023	0.0
chr10:93846147	1_h	0	0.0012539272728057924	0.006360515675752282	0.0
chr10:93846485	4_lc	0	0.0011880472357543098	0.007262045600724558	0.0
chr10:93846485	3_ec	0	0.0006326248611789057	0.0037900630380495646	0.0
chr10:93846485	2_ad	0	0.000448594502932362	0.004651189436510995	0.0
chr10:93846485	1_h	0	0.0015012998594121302	0.013069683595085568	0.0
chr10:93846678	4_lc	0	0.0011625240697352196	0.006515521570336202	0.0
chr10:93846678	3_ec	0	0.0007333710585100629	0.010416114117518822	0.0
chr10:93846678	2_ad	0	0.0005713461643297691	0.009164382833336452	0.0
chr10:93846678	1_h	0	0.0012958556349170337	0.00800953434518385	0.0
chr10:93846720	4_lc	0	0.0012403649070948672	0.009433660591515496	0.0
chr10:93846720	3_ec	0	0.0006827423968428519	0.009261568408538902	0.0
chr10:93846720	2_ad	0	0.0005423209676495775	0.009018435494412108	0.0
chr10:93846720	1_h	0	0.0013364724547608765	0.009041682158827382	0.0
chr10:93847307	4_lc	0	0.0012888398627074824	0.01261118080702807	0.0
chr10:93847307	3_ec	0	0.0005971990760777062	0.001449320886583854	0.0
chr10:93847307	2_ad	0	0.0005822234077970694	0.01072793683997688	0.0
chr10:93847307	1_h	0	0.001354102402887851	0.009500503519887888	0.0
chr10:93984320	4_lc	0	0.0012572384873330011	0.010364439132214237	0.0
chr10:93984320	3_ec	0	0.0006669051134519658	0.00577936595730516	0.0
chr10:93984320	2_ad	0	0.0005023581578377643	0.006945562738490939	0.0
chr10:93984320	1_h	0	0.0015751336662448662	0.01352061810798052	0.0
chr10:93984418	4_lc	0	0.0012174391919717478	0.00847283912784648	0.0
chr10:93984418	3_ec	0	0.0006547272709430676	0.005945542505040226	0.0
chr10:93984418	2_ad	0	0.0004775688732557148	0.005743431205821455	0.0
chr10:93984418	1_h	0	0.0013341209377363912	0.010690639936806672	0.0
chr10:93997017	4_lc	0	0.00129757239338329	0.012262816619926103	0.0
chr10:93997017	3_ec	0	0.0007019058372067974	0.0075492523812605945	0.0
chr10:93997017	2_ad	0	0.0006515180546619792	0.012919511431080818	0.0
chr10:93997017	1_h	0	0.0013452576861724904	0.01117326214975512	0.0
chr10:94004034	4_lc	0	0.0012875186631364595	0.011148152558201304	0.0
chr10:94004034	3_ec	0	0.0007480940831377953	0.009344714624737828	0.0
chr10:94004034	2_ad	0	0.0007438678314826062	0.012948899723302931	0.0
chr10:94004034	1_h	0	0.0017054968040988968	0.01622013142821092	0.0
chr10:94006961	4_lc	0	0.00122613289742657	0.010793352390587303	0.0
chr10:94006961	3_ec	0	0.0006362269174825266	0.00473844763114955	0.0
chr10:94006961	2_ad	0	0.0006048107834610785	0.009921273720849852	0.0
chr10:94006961	1_h	0	0.0012940626512280876	0.00752424240776408	0.0
chr10:94043662	4_lc	0	0.001295830540259181	0.012896650552576557	0.0
chr10:94043662	3_ec	0	0.0006855505999483946	0.006538452568211095	0.0
chr10:94043662	2_ad	0	0.0004976034891200425	0.009749762268151514	0.0
chr10:94043662	1_h	0	0.0013141747944599132	0.008084696569356321	0.0
chr10:94044070	4_lc	0	0.0011777623718568946	0.007252738462874452	0.0
chr10:94044070	3_ec	0	0.0006219683220921186	0.0032851145334614	0.0
chr10:94044070	2_ad	0	0.0006163461074411228	0.010354608613321326	0.0
chr10:94044070	1_h	0	0.0015099952929100169	0.014982237272953065	0.0
chr10:94044142	4_lc	0	0.0011624102071933994	0.006414570602865717	0.0
chr10:94044142	3_ec	0	0.0006266626030147998	0.003414598297862618	0.0
chr10:94044142	2_ad	0	0.0004696700855073285	0.005627235789509868	0.0
chr10:94044142	1_h	0	0.0012340748205925767	0.0054905096407172	0.0
chr10:94044388	4_lc	0	0.0013739599404769874	0.013521319924297883	0.0
chr10:94044388	3_ec	0	0.0007211625701532518	0.009414755503865472	0.0
chr10:94044388	2_ad	0	0.0004372143234262645	0.0028625648834533827	0.0
chr10:94044388	1_h	0	0.0015034189157232226	0.014443139428762745	0.0
chr10:94044834	4_lc	0	0.0012512858890034308	0.010091515590478998	0.0
chr10:94044834	3_ec	0	0.0005976845093636057	0.0015239465456877458	0.0
chr10:94044834	2_ad	0	0.000614218974137781	0.01029777207257989	0.0
chr10:94044834	1_h	0	0.0014862011436399842	0.014001550085893768	0.0
chr10:94045194	4_lc	0	0.0011763724401257615	0.0071835264804716	0.0
chr10:94045194	3_ec	0	0.0006527297238165578	0.006283412180613996	0.0
chr10:94045194	2_ad	0	0.0004407039474787028	0.0031794790482231124	0.0
chr10:94045194	1_h	0	0.001259172678206388	0.006824336209696819	0.0
chr10:94074205	4_lc	0	0.001196114162043219	0.00843098201782625	0.0
chr10:94074205	3_ec	0	0.0006532802683576902	0.006330835181856269	0.0
chr10:94074205	2_ad	0	0.0004370872300702846	0.0029615805695179798	0.0
chr10:94074205	1_h	0	0.0013752721041277805	0.009708886496382945	0.0
chr10:94163743	4_lc	0	0.0012232591586918938	0.010213016886590072	0.0
chr10:94163743	3_ec	0	0.0006368388314500105	0.00430307097307798	0.0
chr10:94163743	2_ad	0	0.0005401287462759608	0.008356467813051478	0.0
chr10:94163743	1_h	0	0.0013377326845341645	0.008894184350031328	0.0
chr10:94172021	4_lc	0	0.0012255711549488317	0.01042514338129132	0.0
chr10:94172021	3_ec	0	0.0006838948473949813	0.008937152389752847	0.0
chr10:94172021	2_ad	0	0.0004577698615734614	0.005227460174055967	0.0
chr10:94172021	1_h	0	0.0013053496282557833	0.01031861529994308	0.0
chr10:94172024	4_lc	0	0.0011541931886484209	0.00617148224840798	0.0
chr10:94172024	3_ec	0	0.0006956465939455221	0.0073512990152399165	0.0
chr10:94172024	2_ad	0	0.0005066853650602663	0.007224738212712439	0.0
chr10:94172024	1_h	0	0.001321621470778682	0.008339916677524853	0.0
chr11:12253960	4_lc	5	0.539461057657767	0.04942634206868963	0.5
chr11:12253960	3_ec	5	0.0030596104156063804	0.004893174757127986	0.0
chr11:12253960	2_ad	5	0.0023039346095173915	0.004028999828128214	0.0
chr11:12253960	1_h	5	0.003084320721300277	0.007528465572387357	0.0
chr11:14599447	4_lc	5	0.5389518664879764	0.051422655148477416	0.5
chr11:14599447	3_ec	5	0.003111292713907327	0.00811096021669522	0.0
chr11:14599447	2_ad	5	0.0023405985928996536	0.00768290892560736	0.0
chr11:14599447	1_h	5	0.0030658672132738143	0.006133295453393394	0.0
chr11:14600005	4_lc	5	0.5385917394783584	0.0528686396860617	0.47530864197530864
chr11:14600005	3_ec	5	0.003087772963855063	0.006685808228561022	0.0
chr11:14600005	2_ad	5	0.0023021293607652124	0.004264435778772803	0.0
chr11:14600005	1_h	5	0.003045540566133131	0.005125543703656671	0.0
chr11:17945963	4_lc	5	0.5390339291310318	0.051309196696405907	0.5
chr11:17945963	3_ec	5	0.003130982917273113	0.009647301413587021	0.0
chr11:17945963	2_ad	5	0.002281524274230526	0.0026230165729903407	0.0
chr11:17945963	1_h	5	0.003111769227976394	0.009834471750421524	0.0
chr11:17946041	4_lc	5	0.5387970596288612	0.05203395053011647	0.5
chr11:17946041	3_ec	5	0.0031356446836898417	0.010430913486844228	0.0
chr11:17946041	2_ad	5	0.0023022624835292776	0.004221949235482565	0.0
chr11:17946041	1_h	5	0.0030626700507443614	0.006093421414005353	0.0
chr11:3133098	4_lc	1	0.5620783694188665	0.0797714553383662	0.5
chr11:3133098	3_ec	1	0.5575547526907575	0.07264253361350669	0.5
chr11:3133098	2_ad	1	0.5521584835657024	0.06022511323726788	0.5
chr11:3133098	1_h	1	0.547834173507797	0.06415996539426676	0.5
chr11:3133133	4_lc	1	0.5622126209547429	0.0806181808817988	0.5
chr11:3133133	3_ec	1	0.5569150348620187	0.07238204670169807	0.5
chr11:3133133	2_ad	1	0.5529987321735728	0.06038638445359846	0.5
chr11:3133133	1_h	1	0.5478862087176527	0.06501211182408533	0.5
chr11:3134472	4_lc	1	0.5629073263060815	0.08074692585632935	0.5
chr11:3134472	3_ec	1	0.5570498604076358	0.07201873653244088	0.5
chr11:3134472	2_ad	1	0.5525619955242207	0.06056015330196898	0.5
chr11:3134472	1_h	1	0.5475958679647398	0.06424251692053538	0.5
chr11:3135671	4_lc	0	0.0011494920896178962	0.006119647463674284	0.0
chr11:3135671	3_ec	0	0.0006383921795894195	0.004909598671059426	0.0
chr11:3135671	2_ad	0	0.0006502039228919792	0.011762412740164017	0.0
chr11:3135671	1_h	0	0.0012507388741230603	0.006555717966131315	0.0
chr11:3136635	4_lc	1	0.5622859705584159	0.07940724360827964	0.5
chr11:3136635	3_ec	1	0.556722662994376	0.07143691132196678	0.49803149606299213
chr11:3136635	2_ad	1	0.5522782552724113	0.059803628442793154	0.5
chr11:3136635	1_h	1	0.5473012342157857	0.0639236888555125	0.5
chr11:3136657	4_lc	1	0.5628282401982576	0.08068639576066948	0.5
chr11:3136657	3_ec	1	0.5570566873577271	0.07209152603471536	0.5
chr11:3136657	2_ad	1	0.5527884521531697	0.06047150987182238	0.5
chr11:3136657	1_h	1	0.5477113283294992	0.06447657018085638	0.5
chr11:3137013	4_lc	1	0.5617217845825381	0.07916186119774236	0.5
chr11:3137013	3_ec	1	0.5574055015077408	0.07270714573170944	0.5
chr11:3137013	2_ad	1	0.5522053918572318	0.059087174168749944	0.5
chr11:3137013	1_h	1	0.5473544838040433	0.06372037305708568	0.5
chr11:3137040	4_lc	1	0.5627017755245668	0.08017515758856723	0.5
chr11:3137040	3_ec	1	0.5574230172364859	0.07216943418223926	0.5
chr11:3137040	2_ad	1	0.5524914319928226	0.06073725092138798	0.5
chr11:3137040	1_h	1	0.5482284093313319	0.0655664298774113	0.5
chr11:3143747	4_lc	1	0.5624167425041742	0.0805922181053326	0.5
chr11:3143747	3_ec	1	0.5569151666480532	0.07289799197190128	0.5
chr11:3143747	2_ad	1	0.5525223614988839	0.06026241709939086	0.5
chr11:3143747	1_h	1	0.5476669739503551	0.06493891285801495	0.5
chr11:3156809	4_lc	1	0.5623888197963574	0.08051116384215426	0.5
chr11:3156809	3_ec	1	0.5568897243328583	0.0724464910506649	0.5
chr11:3156809	2_ad	1	0.552412338076918	0.059819995886100284	0.5
chr11:3156809	1_h	1	0.5478326157498227	0.06513721292802024	0.5
chr11:3157903	4_lc	1	0.5621711091472573	0.07970327602615351	0.5
chr11:3157903	3_ec	1	0.55694511446774	0.07198466664737918	0.5
chr11:3157903	2_ad	1	0.5526687082456091	0.06028393041083965	0.5
chr11:3157903	1_h	1	0.5474809734345816	0.06486160874091415	0.43458980044345896
chr11:3160122	4_lc	1	0.5622119305671331	0.07963256484779455	0.5
chr11:3160122	3_ec	1	0.5570605290451678	0.07242489154121542	0.5
chr11:3160122	2_ad	1	0.5525519520624048	0.06065724627257643	0.5
chr11:3160122	1_h	1	0.5480638855714592	0.06567856637350027	0.5
chr11:3160125	4_lc	1	0.5619764134953712	0.07978827471501798	0.5
chr11:3160125	3_ec	1	0.5566844783007299	0.07237482569093945	0.5
chr11:3160125	2_ad	1	0.5524773272218693	0.06051277924043193	0.5
chr11:3160125	1_h	1	0.5471886031294025	0.06473667122192743	0.5
chr11:3170601	4_lc	1	0.5620213416030483	0.07906020316567855	0.5
chr11:3170601	3_ec	1	0.5570001484284025	0.07220891995900275	0.5
chr11:3170601	2_ad	1	0.5525940638865616	0.06066085098240548	0.5
chr11:3170601	1_h	1	0.5472896697993045	0.06469063341319715	0.48588709677419356
chr11:3179430	4_lc	1	0.5630541224152663	0.08037267432226126	0.5
chr11:3179430	3_ec	1	0.5567931390320913	0.07207125742326842	0.5
chr11:3179430	2_ad	1	0.5525376073900479	0.05951736312583979	0.5
chr11:3179430	1_h	1	0.5478662953302869	0.06542008498395313	0.5
chr11:3187367	4_lc	1	0.5620538519710624	0.07879441494504368	0.5
chr11:3187367	3_ec	1	0.5571137907354798	0.07178784335299188	0.5
chr11:3187367	2_ad	1	0.5523729690345817	0.0591090021113301	0.5
chr11:3187367	1_h	1	0.5474860338436941	0.06403457827241242	0.5
chr11:3254620	4_lc	5	0.5384876589312356	0.05328524442304096	0.5
chr11:3254620	3_ec	5	0.003063659878272337	0.005385086762704256	0.0
chr11:3254620	2_ad	5	0.0022832580987783564	0.0029476796906268777	0.0
chr11:3254620	1_h	5	0.003143659137145772	0.009916405689278882	0.0
chr11:4435031	4_lc	5	0.5387083629976643	0.05262115905504689	0.5
chr11:4435031	3_ec	5	0.0030977345622793737	0.007251047778523544	0.0
chr11:4435031	2_ad	5	0.0023107975521520227	0.005065083176618919	0.0
chr11:4435031	1_h	5	0.003096459830559135	0.008540682732441624	0.0
chr11:4488107	4_lc	5	0.5390850024591469	0.05092728719024431	0.5
chr11:4488107	3_ec	5	0.0030699005206392617	0.005253233410282334	0.0
chr11:4488107	2_ad	5	0.002289461712439465	0.003052918951753829	0.0
chr11:4488107	1_h	5	0.0030419303232308904	0.004508766785199866	0.0
chr11:5281282	4_lc	5	0.5322296859084449	0.07791538997399292	0.35279187817258884
chr11:5281282	3_ec	5	0.0030502575395135643	0.005798871477757791	0.0
chr11:5281282	2_ad	5	0.002252239522728008	0.0028450670490875337	0.0
chr11:5281282	1_h	5	0.0030396512013941036	0.006381420833753387	0.0
chr11:5281389	4_lc	5	0.5371982573802285	0.05974133720060352	0.4230769230769231
chr11:5281389	3_ec	5	0.0030655320356558482	0.005228853441701345	0.0
chr11:5281389	2_ad	5	0.0022751478503677354	0.0027900611748087416	0.0
chr11:5281389	1_h	5	0.0030960263772339507	0.00891788384414159	0.0
chr11:5596752	4_lc	5	0.5387911283072541	0.052404748891475984	0.5
chr11:5596752	3_ec	5	0.003101958619590816	0.007598972619589926	0.0
chr11:5596752	2_ad	5	0.0022795984796466842	0.0027366057341471585	0.0
chr11:5596752	1_h	5	0.0030463130284616234	0.004874026131945196	0.0
chr11:5607418	4_lc	5	0.539057837565758	0.050611610742756434	0.5
chr11:5607418	3_ec	5	0.003081923823464294	0.006001392378852103	0.0
chr11:5607418	2_ad	5	0.002333013451794277	0.006935557350136122	0.0
chr11:5607418	1_h	5	0.0030690320170535875	0.006139496892156491	0.0
chr11:5615561	4_lc	5	0.5328394254097537	0.07619333918662577	0.3560606060606061
chr11:5615561	3_ec	5	0.003045584985982521	0.005608686297237466	0.0
chr11:5615561	2_ad	5	0.0023216305173122064	0.00839579498053188	0.0
chr11:5615561	1_h	5	0.0030751097458196286	0.008887610996165553	0.0
chr11:5635233	4_lc	5	0.5386492155653894	0.05275197146978396	0.5
chr11:5635233	3_ec	5	0.003076371892519699	0.0059218126993058305	0.0
chr11:5635233	2_ad	5	0.0022665592763688553	0.0024261330866463494	0.0
chr11:5635233	1_h	5	0.003051850458115886	0.005187152467616955	0.0
chr11:5635263	4_lc	5	0.5386645417131141	0.05277837092682381	0.5
chr11:5635263	3_ec	5	0.0030427749091403683	0.004717369699768152	0.0
chr11:5635263	2_ad	5	0.0023474716396589077	0.008501061834565733	0.0
chr11:5635263	1_h	5	0.0030891087161269643	0.008232892418088203	0.0
chr11:5862203	4_lc	5	0.5395001917338145	0.04868605440646317	0.5
chr11:5862203	3_ec	5	0.0031143251838178804	0.00831752096083144	0.0
chr11:5862203	2_ad	5	0.0022767813234801488	0.0024939215244827156	0.0
chr11:5862203	1_h	5	0.003103314166485201	0.009028973137378313	0.0
chr11:5862393	4_lc	5	0.5389958924072447	0.05111214454331612	0.5
chr11:5862393	3_ec	5	0.0030610472383417403	0.005127338141078121	0.0
chr11:5862393	2_ad	5	0.0022884417421014666	0.003109744286758319	0.0
chr11:5862393	1_h	5	0.0030432325995357725	0.004689567760147001	0.0
chr11:6514873	4_lc	5	0.5389314711031026	0.05188332533448847	0.5
chr11:6514873	3_ec	5	0.003053967832037491	0.004767312010781582	0.0
chr11:6514873	2_ad	5	0.002302220174776571	0.0037322291220431257	0.0
chr11:6514873	1_h	5	0.003070833686409266	0.006081848551834101	0.0
chr11:6600038	4_lc	5	0.5392399800996033	0.04974967467514473	0.5
chr11:6600038	3_ec	5	0.003131768250965332	0.009856685217035838	0.0
chr11:6600038	2_ad	5	0.002298262028327099	0.0036983550192306613	0.0
chr11:6600038	1_h	5	0.0031135258451911894	0.009687968602059371	0.0
chr11:6600161	4_lc	5	0.5392410338130853	0.049685552621369554	0.5
chr11:6600161	3_ec	5	0.0030778411767920576	0.005793454723402341	0.0
chr11:6600161	2_ad	5	0.002314769506894671	0.0052576919807411256	0.0
chr11:6600161	1_h	5	0.003113811128770032	0.01012528983021426	0.0
chr11:6600357	4_lc	5	0.5388756946397353	0.05166153439354313	0.5
chr11:6600357	3_ec	5	0.0031305185872355476	0.010008086247129924	0.0
chr11:6600357	2_ad	5	0.0022793134209482457	0.002686338474877919	0.0
chr11:6600357	1_h	5	0.00309699483278028	0.008688509030230177	0.0
chr11:6600714	4_lc	5	0.5392114824137271	0.0508586635000296	0.5
chr11:6600714	3_ec	5	0.0031182580207143934	0.008942341240593442	0.0
chr11:6600714	2_ad	5	0.0023773299939700092	0.008802905886603235	0.0
chr11:6600714	1_h	5	0.0030819717899973308	0.006825712555715525	0.0
chr11:7198314	4_lc	5	0.5387935834335708	0.05238161473131168	0.5
chr11:7198314	3_ec	5	0.003117783218141125	0.00898943689932892	0.0
chr11:7198314	2_ad	5	0.002281333973985698	0.0028676987992802003	0.0
chr11:7198314	1_h	5	0.0030502379232549915	0.005154598743376306	0.0
chr11:9269151	4_lc	5	0.5391754825117315	0.05001247030485457	0.5
chr11:9269151	3_ec	5	0.0030791266555804217	0.0057799330360789	0.0
chr11:9269151	2_ad	5	0.0023320255584934903	0.006931162567302008	0.0
chr11:9269151	1_h	5	0.003034246690013677	0.004420630309235648	0.0
chr11:9277013	4_lc	5	0.5391589037809288	0.05027529120588289	0.5
chr11:9277013	3_ec	5	0.0030909998401604023	0.006558748337849859	0.0
chr11:9277013	2_ad	5	0.002272630019191681	0.00242929110664277	0.0
chr11:9277013	1_h	5	0.0031092225370171088	0.00767213110794205	0.0
chr11:9293499	4_lc	5	0.5390213457901275	0.05090176816964693	0.5
chr11:9293499	3_ec	5	0.0030734538494827978	0.00563001477418425	0.0
chr11:9293499	2_ad	5	0.0022987455116716964	0.0038363424284809248	0.0
chr11:9293499	1_h	5	0.0031196892391414516	0.01072322593388369	0.0
chr11:9293617	4_lc	5	0.5391460376203138	0.050148877809141505	0.5
chr11:9293617	3_ec	5	0.0030607802658970317	0.004943832247662762	0.0
chr11:9293617	2_ad	5	0.0023662612654860955	0.009875585342782604	0.0
chr11:9293617	1_h	5	0.0030300735366783475	0.00424453031757608	0.0
chr11:9294545	4_lc	5	0.5392307680879992	0.04981754916640737	0.5
chr11:9294545	3_ec	5	0.0031329077820412905	0.010104556933309352	0.0
chr11:9294545	2_ad	5	0.002353038301303116	0.008510180041274365	0.0
chr11:9294545	1_h	5	0.0030738579859665373	0.0067880323117344874	0.0
chr11:9294559	4_lc	5	0.5392532929112546	0.04967852311240219	0.5
chr11:9294559	3_ec	5	0.0030483955440874615	0.00480224478634675	0.0
chr11:9294559	2_ad	5	0.0023437343896791935	0.0064728125199073495	0.0
chr11:9294559	1_h	5	0.003048731979659918	0.0051667681147508126	0.0
chr11:9294781	4_lc	5	0.5384979830236077	0.053301632680565404	0.5
chr11:9294781	3_ec	5	0.003109214455125418	0.008562291809931618	0.0
chr11:9294781	2_ad	5	0.0023356069166164855	0.007219927466641082	0.0
chr11:9294781	1_h	5	0.003095040246396628	0.008645295222637222	0.0
chr11:9297261	4_lc	5	0.5392111802073565	0.05006450435839612	0.5
chr11:9297261	3_ec	5	0.0030956547040213497	0.00689594959044606	0.0
chr11:9297261	2_ad	5	0.0023433398795204316	0.007825922594351989	0.0
chr11:9297261	1_h	5	0.003079460107241736	0.0072085175278683656	0.0
chr11:9298539	4_lc	5	0.5392852474277658	0.04941364503777568	0.5
chr11:9298539	3_ec	5	0.0031244638236641743	0.00941343916104133	0.0
chr11:9298539	2_ad	5	0.0023581840948911	0.009275202701721505	0.0
chr11:9298539	1_h	5	0.0031231505122762677	0.010674707735772159	0.0
chr11:9316166	4_lc	5	0.5339400688294488	0.07255967660719165	0.37192118226600984
chr11:9316166	3_ec	5	0.003110344323211832	0.009770559774114212	0.0
chr11:9316166	2_ad	5	0.0022529242077478093	0.0024587715344464006	0.0
chr11:9316166	1_h	5	0.003024614472944437	0.004760809868260841	0.0
chr11:9328117	4_lc	5	0.5394253780503893	0.0489381484587892	0.5
chr11:9328117	3_ec	5	0.003065887154435575	0.005148881143999284	0.0
chr11:9328117	2_ad	5	0.0023615989525607446	0.009480660104334808	0.0
chr11:9328117	1_h	5	0.003082204621241628	0.007341296980117817	0.0
chr11:9331615	4_lc	5	0.539181859535909	0.04991532078547056	0.5
chr11:9331615	3_ec	5	0.0031264755860816963	0.009732681931597863	0.0
chr11:9331615	2_ad	5	0.002270425414072834	0.0024438475851232457	0.0
chr11:9331615	1_h	5	0.0030430459483648292	0.004762149537561349	0.0
chr11:9333176	4_lc	5	0.5139735110997508	0.11985276419633965	0.2537764350453172
chr11:9333176	3_ec	5	0.0030330533552615675	0.01029490065128259	0.0
chr11:9333176	2_ad	5	0.0022889617658469	0.009493638750329427	0.0
chr11:9333176	1_h	5	0.003088645466504535	0.010587928843939687	0.0
chr11:9333292	4_lc	5	0.5384424171761271	0.0535971004113449	0.5
chr11:9333292	3_ec	5	0.003063412021923025	0.005414667146695961	0.0
chr11:9333292	2_ad	5	0.0023435455839590984	0.008085327414944285	0.0
chr11:9333292	1_h	5	0.003024048714427341	0.0041606796677889244	0.0
chr11:9354911	4_lc	5	0.5392224940194298	0.05046555032695026	0.5
chr11:9354911	3_ec	5	0.0030741507613741086	0.005534289108689249	0.0
chr11:9354911	2_ad	5	0.002315799621496187	0.005299461699511042	0.0
chr11:9354911	1_h	5	0.003036635735245183	0.004443781823140667	0.0
chr11:9434299	4_lc	5	0.5391532425410517	0.05040993946882699	0.5
chr11:9434299	3_ec	5	0.0030699329001561072	0.005371080200017798	0.0
chr11:9434299	2_ad	5	0.0023215261488812545	0.005647817921217619	0.0
chr11:9434299	1_h	5	0.0030324584915930775	0.004262146693532917	0.0
chr11:9465004	4_lc	5	0.5383987542057702	0.053996873369933814	0.5
chr11:9465004	3_ec	5	0.0031241213792839962	0.00972769158685242	0.0
chr11:9465004	2_ad	5	0.0023462543542921116	0.008398923107654608	0.0
chr11:9465004	1_h	5	0.003089782523011315	0.008291523381145196	0.0
chr11:9466465	4_lc	5	0.5387597148939097	0.052271555370708815	0.5
chr11:9466465	3_ec	5	0.003138605880013369	0.010912635238411357	0.0
chr11:9466465	2_ad	5	0.0022886635947297024	0.003341990503511725	0.0
chr11:9466465	1_h	5	0.0030444075076561665	0.00492070222246463	0.0
chr13:49661807	4_lc	3	0.00261695995755075	0.006573179118998878	0.0
chr13:49661807	3_ec	3	0.5329910542361684	0.056727494405724894	0.5
chr13:49661807	2_ad	3	0.002464067212503321	0.0035341158618069413	0.0
chr13:49661807	1_h	3	0.0030678364012522883	0.0069703904618574255	0.0
chr13:53117204	4_lc	1	0.5625336554694645	0.07925545373552723	0.5
chr13:53117204	3_ec	1	0.5564173350938383	0.07033641159103247	0.5
chr13:53117204	2_ad	1	0.5527520596000004	0.060002114202741486	0.5
chr13:53117204	1_h	1	0.5456477116054577	0.06214285931134315	0.3089430894308943
chr13:64921972	4_lc	3	0.002573444711532289	0.0036711896230990507	0.0
chr13:64921972	3_ec	3	0.5326413018705701	0.058514973433900955	0.5
chr13:64921972	2_ad	3	0.0024928223894347236	0.005831858545800504	0.0
chr13:64921972	1_h	3	0.0031170493349478375	0.009574271689496684	0.0
chr14:19789772	4_lc	2	0.0009519619744220145	0.007981114946301987	0.0
chr14:19789772	3_ec	2	0.0005845019659162234	0.008589125345391819	0.0
chr14:19789772	2_ad	2	0.5364783753053427	0.03338007679227492	0.5
chr14:19789772	1_h	2	0.0014074219607042647	0.0038563206159226765	0.0
chr14:20448589	4_lc	2	0.0009787338635245503	0.010458204947315834	0.0
chr14:20448589	3_ec	2	0.0005351884399557952	0.004384105217796492	0.0
chr14:20448589	2_ad	2	0.5348060936237327	0.04454315659309339	0.3855421686746988
chr14:20448589	1_h	2	0.0014620376083923229	0.007549394165379218	0.0
chr14:20464940	4_lc	2	0.000946577749241616	0.007842649502256384	0.0
chr14:20464940	3_ec	2	0.0005562336830112101	0.005515985098130168	0.0
chr14:20464940	2_ad	2	0.5364837529611299	0.033812784762767056	0.5
chr14:20464940	1_h	2	0.001406740139926392	0.0038148052270278086	0.0
chr14:20686566	4_lc	2	0.0009009156771186492	0.004141719289874875	0.0
chr14:20686566	3_ec	2	0.0005458509488103879	0.004584193713148706	0.0
chr14:20686566	2_ad	2	0.5364486437863517	0.033441202244633594	0.5
chr14:20686566	1_h	2	0.0013946627274918069	0.0035583285967480485	0.0
chr14:20730049	4_lc	2	0.0008801685876805392	0.0033433507620986495	0.0
chr14:20730049	3_ec	2	0.0005780302490034898	0.00801772656852913	0.0
chr14:20730049	2_ad	2	0.5365382710055313	0.03271601963568518	0.5
chr14:20730049	1_h	2	0.0014607742554574737	0.006288627637357547	0.0
chr14:21668351	4_lc	2	0.000929505753369861	0.006312631385340767	0.0
chr14:21668351	3_ec	2	0.0005333287603430616	0.0035385966867023753	0.0
chr14:21668351	2_ad	2	0.536659431155941	0.031581003843982394	0.5
chr14:21668351	1_h	2	0.0014455340660446624	0.00648597881191195	0.0
chr14:21669506	4_lc	2	0.0009264808977024456	0.0057928830509611	0.0
chr14:21669506	3_ec	2	0.0005712836681723958	0.00730266911570582	0.0
chr14:21669506	2_ad	2	0.5366857870680619	0.03197700567790048	0.5
chr14:21669506	1_h	2	0.0014082357495823806	0.003960330915473096	0.0
chr14:21780153	4_lc	2	0.0009299662829815287	0.006086174540135737	0.0
chr14:21780153	3_ec	2	0.000537043557325223	0.004119735893417187	0.0
chr14:21780153	2_ad	2	0.5363677344051123	0.03469461190842236	0.5
chr14:21780153	1_h	2	0.0014041453760257813	0.0038056092189751186	0.0
chr14:26665940	4_lc	2	0.0009479230090321751	0.00598095708565821	0.0
chr14:26665940	3_ec	2	0.0005695183952151135	0.009888999278494898	0.0
chr14:26665940	2_ad	2	0.5246878555563751	0.08530443387790562	0.24324324324324326
chr14:26665940	1_h	2	0.0013820450989841875	0.003595513148154887	0.0
chr14:26669243	4_lc	2	0.0009769238438908508	0.009872692851113926	0.0
chr14:26669243	3_ec	2	0.0005812552343836038	0.009354698960787026	0.0
chr14:26669243	2_ad	2	0.5359692521023557	0.037166883667443494	0.4420131291028446
chr14:26669243	1_h	2	0.0014005727863321937	0.003680502231548255	0.0
chr14:26911851	4_lc	2	0.0009526384146520694	0.0071852195736187684	0.0
chr14:26911851	3_ec	2	0.0005555045440787637	0.005784159009718377	0.0
chr14:26911851	2_ad	2	0.5364159722500315	0.033738348294600234	0.5
chr14:26911851	1_h	2	0.0014758051092586563	0.008655434339238911	0.0
chr14:27000870	4_lc	2	0.0009782940083206896	0.010364969700580567	0.0
chr14:27000870	3_ec	2	0.0005390382331073863	0.0043764690464355984	0.0
chr14:27000870	2_ad	2	0.5366490749284384	0.03257564972361516	0.5
chr14:27000870	1_h	2	0.0014245247110992543	0.004988860094059358	0.0
chr14:27001378	4_lc	2	0.0008925259423032294	0.003583054655621775	0.0
chr14:27001378	3_ec	2	0.0005971301357078265	0.00985885442091745	0.0
chr14:27001378	2_ad	2	0.5365267990290141	0.033271977948492557	0.5
chr14:27001378	1_h	2	0.0014279565780332944	0.005239004554503318	0.0
chr14:27002073	4_lc	2	0.0009387728073645464	0.006860540462305616	0.0
chr14:27002073	3_ec	2	0.0005340547521702051	0.004348125266256164	0.0
chr14:27002073	2_ad	2	0.5359412540525461	0.0372412881139121	0.44924406047516197
chr14:27002073	1_h	2	0.001413746255279694	0.004224104401319042	0.0
chr14:27101312	4_lc	2	0.0009787806718042924	0.010462756778524986	0.0
chr14:27101312	3_ec	2	0.0005564591233343217	0.005865307880956114	0.0
chr14:27101312	2_ad	2	0.5362751588569543	0.035478365671289695	0.5
chr14:27101312	1_h	2	0.0014583579171952624	0.007682606458969205	0.0
chr14:28475705	4_lc	0	0.0012788045355088544	0.011578067126929265	0.0
chr14:28475705	3_ec	0	0.0006084446070521832	0.0019431687527685594	0.0
chr14:28475705	2_ad	0	0.0004585988223058642	0.005957073370442191	0.0
chr14:28475705	1_h	0	0.0012766178876111975	0.00697535319101602	0.0
chr14:30031171	4_lc	0	0.0013051131413586764	0.011026735096364152	0.0
chr14:30031171	3_ec	0	0.0006251700846844037	0.003586902129810508	0.0
chr14:30031171	2_ad	0	0.0007493875878760906	0.01409157604859543	0.0
chr14:30031171	1_h	0	0.0014131425134975286	0.01068974856251989	0.0
chr14:30031206	4_lc	0	0.0013218839017752333	0.010985469864400813	0.0
chr14:30031206	3_ec	0	0.000598426693497561	0.0014501315022470655	0.0
chr14:30031206	2_ad	0	0.0004899066021492634	0.0064233802692063476	0.0
chr14:30031206	1_h	0	0.0014416577421493043	0.011386312694881006	0.0
chr14:30896582	4_lc	0	0.0012705074751470171	0.011514484126028084	0.0
chr14:30896582	3_ec	0	0.000641622324712841	0.005167086543826593	0.0
chr14:30896582	2_ad	0	0.0005673237257912104	0.01098150281365101	0.0
chr14:30896582	1_h	0	0.0013857104091165352	0.012408260579558086	0.0
chr14:30911944	4_lc	0	0.0011962471003642906	0.008166523774000265	0.0
chr14:30911944	3_ec	0	0.0006792497533162268	0.008459560909158868	0.0
chr14:30911944	2_ad	0	0.000532926187654322	0.009557171191766075	0.0
chr14:30911944	1_h	0	0.0015194369367308744	0.012687553540106176	0.0
chr14:30923467	4_lc	0	0.0012368692195739001	0.011401027124578817	0.0
chr14:30923467	3_ec	0	0.0007078545613917938	0.008410415589951191	0.0
chr14:30923467	2_ad	0	0.000619628501445822	0.011068609316957917	0.0
chr14:30923467	1_h	0	0.0012908319044020028	0.007754270176851442	0.0
chr14:30937015	4_lc	0	0.0011688323439344613	0.006628690115476312	0.0
chr14:30937015	3_ec	0	0.000695598951902178	0.007237723582562892	0.0
chr14:30937015	2_ad	0	0.0005149518158447917	0.008252965150912965	0.0
chr14:30937015	1_h	0	0.0013075842767838793	0.008407733970223237	0.0
chr14:51455971	4_lc	0	0.0011539040116540996	0.006219547171103759	0.0
chr14:51455971	3_ec	0	0.0006535304638110621	0.005454903056190688	0.0
chr14:51455971	2_ad	0	0.0007676553182997341	0.014571107115146108	0.0
chr14:51455971	1_h	0	0.0012169714416725823	0.005162609649841559	0.0
chr14:51457493	4_lc	0	0.0012397464311661316	0.009375405893344844	0.0
chr14:51457493	3_ec	0	0.0007150650537739705	0.007693258546105027	0.0
chr14:51457493	2_ad	0	0.0007535392462865924	0.013480502301117548	0.0
chr14:51457493	1_h	0	0.00127538607563157	0.007200243743413339	0.0
chr14:7090770	4_lc	0	0.0012910532501487517	0.01210766676706603	0.0
chr14:7090770	3_ec	0	0.000738381201267236	0.008836748542145728	0.0
chr14:7090770	2_ad	0	0.0006196234220948466	0.010606330271405673	0.0
chr14:7090770	1_h	0	0.0015831726495066417	0.013461982086627	0.0
chr14:7884732	4_lc	2	0.0009510956430628406	0.007143792723773774	0.0
chr14:7884732	3_ec	2	0.0005575868866832172	0.006124248788681547	0.0
chr14:7884732	2_ad	2	0.5364148837129089	0.03428041058038579	0.5
chr14:7884732	1_h	2	0.001463887191135238	0.007955245269460632	0.0
chr14:7984145	4_lc	2	0.0009765859388720748	0.010239937063601235	0.0
chr14:7984145	3_ec	2	0.0005955618473180686	0.009693600232596763	0.0
chr14:7984145	2_ad	2	0.5365341056233704	0.0328049270524395	0.5
chr14:7984145	1_h	2	0.00141984838351179	0.004668687837180856	0.0
chr14:8164022	4_lc	2	0.0008961099128596725	0.003602475206130296	0.0
chr14:8164022	3_ec	2	0.0005992353968282164	0.008923795435459842	0.0
chr14:8164022	2_ad	2	0.5366768156474527	0.03218116361100066	0.5
chr14:8164022	1_h	2	0.0014197180578190232	0.0044168888072081	0.0
chr15:77638007	4_lc	2	0.0092298894533709	0.03187694787538341	0.0
chr15:77638007	3_ec	2	0.008947912611430188	0.031268781161798785	0.0
chr15:77638007	2_ad	2	0.36916157734357863	0.27574948996199683	0.5
chr15:77638007	1_h	2	0.24652808910049717	0.27759857441917524	0.5
chr15:91909288	4_lc	0	0.0012778693544354567	0.010479296251397001	0.0
chr15:91909288	3_ec	0	0.0006511030497972124	0.006199397688746411	0.0
chr15:91909288	2_ad	0	0.0010565517489538579	0.01893001057139414	0.0
chr15:91909288	1_h	0	0.001298952322238206	0.011096000429943633	0.0
chr16:20683460	4_lc	0	0.0012894207310661181	0.010560280163505307	0.0
chr16:20683460	3_ec	0	0.0006510536939070853	0.005689159249911541	0.0
chr16:20683460	2_ad	0	0.000532287025439822	0.007742510773022281	0.0
chr16:20683460	1_h	0	0.0014754004557007423	0.011800413071100151	0.0
chr16:29248140	4_lc	2	0.0009089811756293868	0.0044284090026686825	0.0
chr16:29248140	3_ec	2	0.000511407295999996	0.002411879948244949	0.0
chr16:29248140	2_ad	2	0.5363673138012265	0.034015151835827664	0.5
chr16:29248140	1_h	2	0.001445374353474788	0.006650385743653681	0.0
chr16:29421734	4_lc	2	0.0009585963581250779	0.008291072489699559	0.0
chr16:29421734	3_ec	2	0.0005593864125956612	0.005503098778550385	0.0
chr16:29421734	2_ad	2	0.5339710139694864	0.049602328747694394	0.3609022556390977
chr16:29421734	1_h	2	0.0014394831429874755	0.0064115159655517735	0.0
chr16:30309050	4_lc	2	0.0009014981094666197	0.0039854170121290155	0.0
chr16:30309050	3_ec	2	0.0005827793317917863	0.008460802817517507	0.0
chr16:30309050	2_ad	2	0.5362925107640575	0.034898965419162736	0.5
chr16:30309050	1_h	2	0.0014225680766438995	0.0047946964406391365	0.0
chr16:30343647	4_lc	2	0.0009364724205358772	0.006629752378033455	0.0
chr16:30343647	3_ec	2	0.000549818878643112	0.0052782846968184435	0.0
chr16:30343647	2_ad	2	0.536564275506309	0.0327218922486172	0.5
chr16:30343647	1_h	2	0.0014710085259497562	0.008982694387972629	0.0
chr16:30344539	4_lc	2	0.000941003118660606	0.007258375547228514	0.0
chr16:30344539	3_ec	2	0.0005948962983058538	0.009161867357832231	0.0
chr16:30344539	2_ad	2	0.5361262197876564	0.03582722884041106	0.4631578947368421
chr16:30344539	1_h	2	0.0014455442038882771	0.006397690167294057	0.0
chr16:31456705	4_lc	2	0.0008847539442154978	0.0033866951417100655	0.0
chr16:31456705	3_ec	2	0.0005671712235048006	0.006962923900644234	0.0
chr16:31456705	2_ad	2	0.5365474532169839	0.03254048145971641	0.5
chr16:31456705	1_h	2	0.001416163066830005	0.004376662475660543	0.0
chr16:32407881	4_lc	2	0.0009034738127795166	0.004297318332474722	0.0
chr16:32407881	3_ec	2	0.0005591147318393012	0.005809663900341377	0.0
chr16:32407881	2_ad	2	0.5363054768295933	0.03453430887265512	0.5
chr16:32407881	1_h	2	0.0014672272647958677	0.008335370661044833	0.0
chr16:32499104	4_lc	2	0.0009637995032616614	0.009029466852386325	0.0
chr16:32499104	3_ec	2	0.0005435578951547505	0.0047857545318245286	0.0
chr16:32499104	2_ad	2	0.5366235169549862	0.032002829721878276	0.5
chr16:32499104	1_h	2	0.0014450371580618782	0.0065792461095463385	0.0
chr16:32680733	4_lc	2	0.0009352940572446075	0.006521476656281097	0.0
chr16:32680733	3_ec	2	0.0005882737760849559	0.009592092454668619	0.0
chr16:32680733	2_ad	2	0.5348435789319919	0.0442349789160386	0.38995215311004783
chr16:32680733	1_h	2	0.001394593638992953	0.003518044797839339	0.0
chr16:32750328	4_lc	2	0.0009389906368100366	0.006786061619027631	0.0
chr16:32750328	3_ec	2	0.000504994858496772	0.0022078819773366913	0.0
chr16:32750328	2_ad	2	0.5366415722445773	0.03242894838124859	0.5
chr16:32750328	1_h	2	0.0014005556397367791	0.0037003925231004985	0.0
chr16:32751142	4_lc	2	0.0009539928168708682	0.008103090067198431	0.0
chr16:32751142	3_ec	2	0.000518714140412198	0.002786989347569132	0.0
chr16:32751142	2_ad	2	0.5364335534690531	0.033594462545717976	0.5
chr16:32751142	1_h	2	0.0014002178396012365	0.003619245477210515	0.0
chr16:32751208	4_lc	2	0.0009329399291876156	0.0063442939378658405	0.0
chr16:32751208	3_ec	2	0.0005432508438452592	0.004656115901336867	0.0
chr16:32751208	2_ad	2	0.5363902296698988	0.03472017470441749	0.5
chr16:32751208	1_h	2	0.0014218169453935176	0.004692446018170078	0.0
chr16:32751613	4_lc	2	0.0009179440022997043	0.005325788614638474	0.0
chr16:32751613	3_ec	2	0.0005387320114713529	0.003553287252471467	0.0
chr16:32751613	2_ad	2	0.5366520485876722	0.031842297240534036	0.5
chr16:32751613	1_h	2	0.001451065730853174	0.006243330914968482	0.0
chr16:32751763	4_lc	2	0.0009191326396443582	0.0051688244559215555	0.0
chr16:32751763	3_ec	2	0.0005419990240906319	0.004645766287808675	0.0
chr16:32751763	2_ad	2	0.5364106368585067	0.03404428736678112	0.5
chr16:32751763	1_h	2	0.001455997851717084	0.007505246192092006	0.0
chr16:32751915	4_lc	2	0.0009406178383616719	0.006946700582065223	0.0
chr16:32751915	3_ec	2	0.0005516969198345664	0.005456519114808618	0.0
chr16:32751915	2_ad	2	0.5365059786201809	0.03315318336733858	0.5
chr16:32751915	1_h	2	0.0014852716711901996	0.010000382775354071	0.0
chr16:32752096	4_lc	2	0.0008893752346257193	0.0034734054668403044	0.0
chr16:32752096	3_ec	2	0.0005511794349729632	0.005420455249722534	0.0
chr16:32752096	2_ad	2	0.5363126860977538	0.0350733678259136	0.5
chr16:32752096	1_h	2	0.0014538060725686477	0.007142859940302228	0.0
chr16:32752533	4_lc	0	0.0013276626197066732	0.012516037090039843	0.0
chr16:32752533	3_ec	0	0.000649457545392757	0.005588453217138539	0.0
chr16:32752533	2_ad	0	0.00045517900342311065	0.00560019362076074	0.0
chr16:32752533	1_h	0	0.0013454639040240781	0.009207823273550079	0.0
chr16:32752594	4_lc	2	0.00093309589007076	0.005999653408469106	0.0
chr16:32752594	3_ec	2	0.0005450312569761205	0.005777920864402409	0.0
chr16:32752594	2_ad	2	0.5345334374818994	0.04611323108463049	0.3795620437956204
chr16:32752594	1_h	2	0.0014086912027065056	0.003915267888570592	0.0
chr16:32752726	4_lc	2	0.0009084984948691045	0.0044101652045450265	0.0
chr16:32752726	3_ec	2	0.0005583494637188279	0.0060894392442659385	0.0
chr16:32752726	2_ad	2	0.5364679541876293	0.033672330653525456	0.5
chr16:32752726	1_h	2	0.0014355374002282984	0.005702077520387101	0.0
chr16:32752738	4_lc	2	0.0009448184282894307	0.007317007466199884	0.0
chr16:32752738	3_ec	2	0.0005630893836235739	0.006571996158734276	0.0
chr16:32752738	2_ad	2	0.5366706691113525	0.0318663086271482	0.49803149606299213
chr16:32752738	1_h	2	0.0014866141569558388	0.010361146003622517	0.0
chr16:32752970	4_lc	2	0.0008980361550836566	0.003822712217675852	0.0
chr16:32752970	3_ec	2	0.0005733984485125145	0.007587844038951645	0.0
chr16:32752970	2_ad	2	0.5365068271441109	0.03315526080587482	0.5
chr16:32752970	1_h	2	0.0014161966327554216	0.004479818763078103	0.0
chr16:32753063	4_lc	0	0.0011779310061257355	0.007095866398004499	0.0
chr16:32753063	3_ec	0	0.0006349500808440259	0.004172421600221002	0.0
chr16:32753063	2_ad	0	0.0005837623300699207	0.010841046941607898	0.0
chr16:32753063	1_h	0	0.001307233321508513	0.0080227783348785	0.0
chr16:32753466	4_lc	2	0.0009365089187922852	0.006261795112297959	0.0
chr16:32753466	3_ec	2	0.0005340501319542032	0.004684291055747553	0.0
chr16:32753466	2_ad	2	0.5352439130873435	0.04238555169011175	0.4069767441860465
chr16:32753466	1_h	2	0.001408973533538933	0.0040109231126116045	0.0
chr16:32753726	4_lc	0	0.0012339620454050921	0.01083564398632922	0.0
chr16:32753726	3_ec	0	0.0007240498131926363	0.00806503351510748	0.0
chr16:32753726	2_ad	0	0.0004763619860630742	0.006898340407023525	0.0
chr16:32753726	1_h	0	0.001703517564175377	0.016135027334122386	0.0
chr16:32754580	4_lc	2	0.000886640671790634	0.003494273234220678	0.0
chr16:32754580	3_ec	2	0.0006005080106744507	0.009717277295070863	0.0
chr16:32754580	2_ad	2	0.5361430774276711	0.03573182069670757	0.5
chr16:32754580	1_h	2	0.0014428189203194689	0.005927922404512763	0.0
chr16:32754794	4_lc	2	0.0009203341058733723	0.0052675583325642004	0.0
chr16:32754794	3_ec	2	0.000533140463162265	0.0038276930780727497	0.0
chr16:32754794	2_ad	2	0.5364182074414	0.03422648677360083	0.5
chr16:32754794	1_h	2	0.0014234114025565305	0.004858655100708253	0.0
chr16:32755039	4_lc	0	0.0012094226431170392	0.008565092779302097	0.0
chr16:32755039	3_ec	0	0.0007150401857773844	0.009338899478214696	0.0
chr16:32755039	2_ad	0	0.00041743229945689214	0.0019265222852721628	0.0
chr16:32755039	1_h	0	0.0014739704728886013	0.011921656630721807	0.0
chr16:32755337	4_lc	2	0.0009630908572417926	0.008976427984758258	0.0
chr16:32755337	3_ec	2	0.0005674599618680804	0.006963038177442896	0.0
chr16:32755337	2_ad	2	0.5363052269267453	0.034477013121912856	0.5
chr16:32755337	1_h	2	0.0014757176463890665	0.009322792375263428	0.0
chr16:32755474	4_lc	2	0.0008894773177468439	0.003583143339554682	0.0
chr16:32755474	3_ec	2	0.0005732170282868349	0.007000319828328352	0.0
chr16:32755474	2_ad	2	0.5364376888919093	0.03368911691451343	0.5
chr16:32755474	1_h	2	0.0014646464990315145	0.007846252009234937	0.0
chr16:32755886	4_lc	2	0.0009585957741539781	0.008524180111046274	0.0
chr16:32755886	3_ec	2	0.0005890491178670942	0.00949537807844668	0.0
chr16:32755886	2_ad	2	0.5349532351716356	0.04373135002338185	0.39858490566037735
chr16:32755886	1_h	2	0.0014355985795133548	0.005488298313991229	0.0
chr16:32755889	4_lc	2	0.000978232244214907	0.01001721480649919	0.0
chr16:32755889	3_ec	2	0.0005524276780484788	0.006475562688486813	0.0
chr16:32755889	2_ad	2	0.5356999214574204	0.03912581419134075	0.39858490566037735
chr16:32755889	1_h	2	0.0014588942914036999	0.008005914280967634	0.0
chr16:32756140	4_lc	2	0.0008906969791179122	0.003539113189959872	0.0
chr16:32756140	3_ec	2	0.0005963318334129775	0.009741580410650548	0.0
chr16:32756140	2_ad	2	0.5363265327362947	0.0344302500091078	0.49203187250996017
chr16:32756140	1_h	2	0.0014811287241479239	0.009539547354962475	0.0
chr16:32756159	4_lc	2	0.0009593852990316869	0.008654135319402602	0.0
chr16:32756159	3_ec	2	0.0005021420954022586	0.002175122856921309	0.0
chr16:32756159	2_ad	2	0.5366298970149823	0.03190455362638417	0.5
chr16:32756159	1_h	2	0.0013993559858226862	0.0037205880036496396	0.0
chr16:32756326	4_lc	2	0.0008936286205727904	0.003630599769242927	0.0
chr16:32756326	3_ec	2	0.0005370354468595379	0.004193986104074227	0.0
chr16:32756326	2_ad	2	0.5364434019850328	0.03357084733689548	0.5
chr16:32756326	1_h	2	0.001412853861281162	0.0042780418348397214	0.0
chr16:32756497	4_lc	2	0.000954436693710708	0.008238828573758046	0.0
chr16:32756497	3_ec	2	0.0005026959916080394	0.0021809773326414953	0.0
chr16:32756497	2_ad	2	0.5365058560723509	0.03315884293407302	0.5
chr16:32756497	1_h	2	0.0014720002657821784	0.009173086709796786	0.0
chr16:32756645	4_lc	2	0.0009342983708657405	0.005232147755487273	0.0
chr16:32756645	3_ec	2	0.0005513165041765637	0.0075445437863298215	0.0
chr16:32756645	2_ad	2	0.531844043077562	0.05955695940586147	0.30327868852459017
chr16:32756645	1_h	2	0.0014033711549025416	0.004039679338595048	0.0
chr16:32757383	4_lc	2	0.0008991345851251612	0.004041718118951621	0.0
chr16:32757383	3_ec	2	0.0006019976861880287	0.009835649638872665	0.0
chr16:32757383	2_ad	2	0.5362209626164633	0.03527263073728521	0.5
chr16:32757383	1_h	2	0.001433000946672211	0.0052353634527639754	0.0
chr16:32757446	4_lc	2	0.0009220260860574843	0.005387127218653352	0.0
chr16:32757446	3_ec	2	0.0005431035775059965	0.004731826068274142	0.0
chr16:32757446	2_ad	2	0.536259522447498	0.03499018360174644	0.5
chr16:32757446	1_h	2	0.0014727666008299161	0.008991404984712719	0.0
chr16:32761263	4_lc	2	0.0009611202286929968	0.008820808200609228	0.0
chr16:32761263	3_ec	2	0.0005202066629545305	0.0028638095761789827	0.0
chr16:32761263	2_ad	2	0.5363086513121488	0.03448921103065519	0.5
chr16:32761263	1_h	2	0.0014101228460740287	0.003978398919946874	0.0
chr16:32762503	4_lc	2	0.000935948693968107	0.006566287146108174	0.0
chr16:32762503	3_ec	2	0.0005786730179803653	0.008049033333874035	0.0
chr16:32762503	2_ad	2	0.5363934619416721	0.03399537974936868	0.5
chr16:32762503	1_h	2	0.001424641683678757	0.004987565769592223	0.0
chr16:32765753	4_lc	2	0.0008836091675807291	0.0033817553216484116	0.0
chr16:32765753	3_ec	2	0.0005831899220266064	0.008038635285757923	0.0
chr16:32765753	2_ad	2	0.5365664475201244	0.03283989095343468	0.5
chr16:32765753	1_h	2	0.0014869459828375931	0.010244317528963364	0.0
chr16:32775777	4_lc	2	0.0009067464734542638	0.004515301026099193	0.0
chr16:32775777	3_ec	2	0.0005652351035831511	0.006368905026201472	0.0
chr16:32775777	2_ad	2	0.5360976094710983	0.036081504168353234	0.5
chr16:32775777	1_h	2	0.0013994125144251137	0.003597957312978171	0.0
chr16:32775807	4_lc	2	0.0009589025229377992	0.008592205873163379	0.0
chr16:32775807	3_ec	2	0.0005393264490929483	0.004407134297762623	0.0
chr16:32775807	2_ad	2	0.5365966470677177	0.03230682835653398	0.5
chr16:32775807	1_h	2	0.001411977538370007	0.00416064324184282	0.0
chr16:32776822	4_lc	2	0.0009361854956611057	0.005951486347447863	0.0
chr16:32776822	3_ec	2	0.000546532696906789	0.006323129194471011	0.0
chr16:32776822	2_ad	2	0.5345732869133454	0.04603117535226932	0.37192118226600984
chr16:32776822	1_h	2	0.001411059642844636	0.0040625699012140195	0.0
chr16:32776958	4_lc	2	0.0009389356813853791	0.005823513754706717	0.0
chr16:32776958	3_ec	2	0.00056279436809628	0.007205373600257009	0.0
chr16:32776958	2_ad	2	0.5256012246381663	0.08234539997676348	0.24778761061946902
chr16:32776958	1_h	2	0.001459418387527697	0.009166296417383177	0.0
chr16:32778755	4_lc	2	0.0009606628158185252	0.00875348538333758	0.0
chr16:32778755	3_ec	2	0.0005359532597856623	0.004046963856429139	0.0
chr16:32778755	2_ad	2	0.5362247405393421	0.03508218962681705	0.5
chr16:32778755	1_h	2	0.0014232868456763126	0.0045271749668027075	0.0
chr16:32779125	4_lc	2	0.0008830402573498791	0.003355749072498761	0.0
chr16:32779125	3_ec	2	0.0005745918126911668	0.007622510528311917	0.0
chr16:32779125	2_ad	2	0.536361826114513	0.03452675524049192	0.5
chr16:32779125	1_h	2	0.0014289963163518164	0.005176925548924951	0.0
chr16:32781840	4_lc	2	0.0009164242208261338	0.0049613751416242285	0.0
chr16:32781840	3_ec	2	0.0005250310055222039	0.003247840246568728	0.0
chr16:32781840	2_ad	2	0.5365857794383408	0.03230021324163416	0.5
chr16:32781840	1_h	2	0.0014646893428300444	0.008324361415467564	0.0
chr16:32781848	4_lc	2	0.0009340817889388796	0.006432005211278399	0.0
chr16:32781848	3_ec	2	0.0005492538782822611	0.005310116181823326	0.0
chr16:32781848	2_ad	2	0.5367135328883818	0.031392199985564855	0.5
chr16:32781848	1_h	2	0.001429486794351836	0.00523133768937974	0.0
chr16:32793481	4_lc	2	0.0008989111922826332	0.0040494552255384	0.0
chr16:32793481	3_ec	2	0.0005460680929072419	0.004575551756772392	0.0
chr16:32793481	2_ad	2	0.5364491627355803	0.03341605289929947	0.5
chr16:32793481	1_h	2	0.0014541283081439854	0.007213150208634027	0.0
chr16:32793834	4_lc	2	0.0008871402447129684	0.003431701585389709	0.0
chr16:32793834	3_ec	2	0.0005401219031934687	0.004497737157124184	0.0
chr16:32793834	2_ad	2	0.5363834239059743	0.034001676525947155	0.5
chr16:32793834	1_h	2	0.001477305769529458	0.009523192870718641	0.0
chr16:32793885	4_lc	2	0.0009527197250269253	0.008065831195325805	0.0
chr16:32793885	3_ec	2	0.0006003854085909418	0.010126853724413732	0.0
chr16:32793885	2_ad	2	0.5366435280698778	0.03248959430543447	0.5
chr16:32793885	1_h	2	0.0014333157429782374	0.005433488576347612	0.0
chr16:32794021	4_lc	2	0.0009085474908536492	0.0044156284568212375	0.0
chr16:32794021	3_ec	2	0.0005283733020326402	0.0034054417083046215	0.0
chr16:32794021	2_ad	2	0.536443715200252	0.034211465874629456	0.5
chr16:32794021	1_h	2	0.0014719275080780647	0.008811612124516746	0.0
chr16:32794410	4_lc	2	0.000963574030265093	0.008190596826949736	0.0
chr16:32794410	3_ec	2	0.0005257598294719319	0.0033371883267934712	0.0
chr16:32794410	2_ad	2	0.5363615147661278	0.03470130688364789	0.5
chr16:32794410	1_h	2	0.0013967735826293226	0.003584245442952299	0.0
chr16:32794711	4_lc	2	0.0009096365775880978	0.004523301393986377	0.0
chr16:32794711	3_ec	2	0.0005298788002336837	0.003551152503561787	0.0
chr16:32794711	2_ad	2	0.5366064189541347	0.03230701304063873	0.5
chr16:32794711	1_h	2	0.001422438923458114	0.004794840195504973	0.0
chr16:33045676	4_lc	2	0.0009533724829917584	0.007020149897996276	0.0
chr16:33045676	3_ec	2	0.0005170168370875245	0.0037270003127487057	0.0
chr16:33045676	2_ad	2	0.5309395043512368	0.06342947977502096	0.30327868852459017
chr16:33045676	1_h	2	0.0014271377670677457	0.005654103458661197	0.0
chr16:35628039	4_lc	2	0.000931237098505435	0.0064122774460541555	0.0
chr16:35628039	3_ec	2	0.0005155097316792358	0.00242902414307087	0.0
chr16:35628039	2_ad	2	0.5364779549322246	0.03361316432225035	0.5
chr16:35628039	1_h	2	0.0014839496712758032	0.009802247572819197	0.0
chr16:35817267	4_lc	2	0.0009381904221554606	0.006769911384220433	0.0
chr16:35817267	3_ec	2	0.0005645593141234725	0.006751974935999884	0.0
chr16:35817267	2_ad	2	0.5365971898623162	0.03228340994449352	0.5
chr16:35817267	1_h	2	0.0014777800140447596	0.009654255364545507	0.0
chr16:35825088	4_lc	2	0.0009687490062031749	0.009827582344292159	0.0
chr16:35825088	3_ec	2	0.000512286559260889	0.0022918685943061345	0.0
chr16:35825088	2_ad	2	0.5362088695939019	0.035451389682615714	0.5
chr16:35825088	1_h	2	0.0014510167188785835	0.006926347176959998	0.0
chr16:35840750	4_lc	2	0.000892210996536236	0.003555354161477924	0.0
chr16:35840750	3_ec	2	0.0005018841444541941	0.0021716376324821527	0.0
chr16:35840750	2_ad	2	0.5359645204528063	0.0372243347227879	0.5
chr16:35840750	1_h	2	0.001444580697160555	0.0063652409927483404	0.0
chr16:36280539	4_lc	2	0.0009508175271373488	0.007873327187169557	0.0
chr16:36280539	3_ec	2	0.0005035155927044421	0.002178710246915713	0.0
chr16:36280539	2_ad	2	0.5362749228032831	0.03483678357271341	0.5
chr16:36280539	1_h	2	0.001451765145346288	0.007192003132878784	0.0
chr16:36772445	4_lc	3	0.0026333347256568542	0.007834007329705135	0.0
chr16:36772445	3_ec	3	0.5334310585827134	0.05471720941412993	0.5
chr16:36772445	2_ad	3	0.0025210617382248357	0.006373733996754258	0.0
chr16:36772445	1_h	3	0.00303837468540065	0.005614865113316757	0.0
chr16:37997964	4_lc	0	0.0012300791780575136	0.011121679132536645	0.0
chr16:37997964	3_ec	0	0.0006289769464471364	0.004033361392011006	0.0
chr16:37997964	2_ad	0	0.0006084219605345225	0.011392235567450894	0.0
chr16:37997964	1_h	0	0.001285318064212268	0.007853332938206104	0.0
chr16:38004874	4_lc	0	0.0012269372417851895	0.010480495268659082	0.0
chr16:38004874	3_ec	0	0.0006204299360444229	0.002856819607890802	0.0
chr16:38004874	2_ad	0	0.0004680710340334775	0.006922719688483472	0.0
chr16:38004874	1_h	0	0.001350052096517409	0.011188258770280082	0.0
chr16:38005128	4_lc	0	0.0011813924451766213	0.006999128393154939	0.0
chr16:38005128	3_ec	0	0.00070335644274499	0.006689590981681278	0.0
chr16:38005128	2_ad	0	0.00046916940351893725	0.005534146301910837	0.0
chr16:38005128	1_h	0	0.0013220082325608637	0.00975184927000833	0.0
chr16:38005139	4_lc	0	0.0012769433355993703	0.010938292695209484	0.0
chr16:38005139	3_ec	0	0.0006793121860949738	0.006051206716948376	0.0
chr16:38005139	2_ad	0	0.0006589659260826305	0.013234989014629264	0.0
chr16:38005139	1_h	0	0.0013979529908416087	0.011257593256448109	0.0
chr16:38005283	4_lc	0	0.001327714199958706	0.011230214813372923	0.0
chr16:38005283	3_ec	0	0.0008449038305253506	0.01125415716703752	0.0
chr16:38005283	2_ad	0	0.0005297170760949404	0.009102396296362152	0.0
chr16:38005283	1_h	0	0.001628094919922552	0.01598826972634075	0.0
chr16:38005752	4_lc	0	0.0012329592042633823	0.009072175802636643	0.0
chr16:38005752	3_ec	0	0.0006595509424830374	0.0069635049341947005	0.0
chr16:38005752	2_ad	0	0.0007241539770375477	0.014152492702157685	0.0
chr16:38005752	1_h	0	0.0013911094863747456	0.010560824675164513	0.0
chr16:38417088	4_lc	0	0.001236087823952034	0.011241808501629591	0.0
chr16:38417088	3_ec	0	0.0006063783322426699	0.0017979319527797548	0.0
chr16:38417088	2_ad	0	0.0006006261176146237	0.010084677047770682	0.0
chr16:38417088	1_h	0	0.0015409217885726473	0.013451364992469815	0.0
chr16:38828345	4_lc	0	0.0012748923056524265	0.011641687443092017	0.0
chr16:38828345	3_ec	0	0.0006737001154686367	0.00844565362056933	0.0
chr16:38828345	2_ad	0	0.0006541948223883261	0.01201837697252423	0.0
chr16:38828345	1_h	0	0.0013342597782462363	0.01104003362327001	0.0
chr16:39024953	4_lc	0	0.001203067050223659	0.008664781531100132	0.0
chr16:39024953	3_ec	0	0.0006762637519791107	0.008212616476282615	0.0
chr16:39024953	2_ad	0	0.0005185430817601526	0.008534092216319605	0.0
chr16:39024953	1_h	0	0.001289184945155769	0.007365607745759955	0.0
chr16:43939116	4_lc	0	0.0012254006012339027	0.010732253784004714	0.0
chr16:43939116	3_ec	0	0.0006347429906950835	0.004290752796440284	0.0
chr16:43939116	2_ad	0	0.000566858532748016	0.008826805043914523	0.0
chr16:43939116	1_h	0	0.0012323411193338211	0.005692041891373456	0.0
chr16:44299802	4_lc	0	0.0011974907942358913	0.008222030761029358	0.0
chr16:44299802	3_ec	0	0.0006250864068183199	0.0037275286286494592	0.0
chr16:44299802	2_ad	0	0.0005998772150417184	0.010955755101623998	0.0
chr16:44299802	1_h	0	0.001234688473674959	0.0057092550247990785	0.0
chr16:44379308	4_lc	0	0.001262273317511224	0.010528014754239347	0.0
chr16:44379308	3_ec	0	0.0006474857311680008	0.00542689533478195	0.0
chr16:44379308	2_ad	0	0.0005551945190206068	0.009019469795297825	0.0
chr16:44379308	1_h	0	0.0013792582143044544	0.011394846726730743	0.0
chr16:44485793	4_lc	0	0.0012319390993574054	0.009092370713628608	0.0
chr16:44485793	3_ec	0	0.0006550263424771599	0.00521082740648977	0.0
chr16:44485793	2_ad	0	0.000592668664959253	0.010211325803879751	0.0
chr16:44485793	1_h	0	0.0013285682924716778	0.008589585750232581	0.0
chr16:44789572	4_lc	0	0.001128684558209118	0.00657520988983803	0.0
chr16:44789572	3_ec	0	0.0006548947906742321	0.00730707291494342	0.0
chr16:44789572	2_ad	0	0.000680867127465452	0.012118215171251195	0.0
chr16:44789572	1_h	0	0.0018136266816986242	0.016736951435967096	0.0
chr16:44789686	4_lc	0	0.0012310651436743328	0.012039063539695256	0.0
chr16:44789686	3_ec	0	0.0006564591378951676	0.0058604605597236655	0.0
chr16:44789686	2_ad	0	0.000641741551194286	0.010901829198216804	0.0
chr16:44789686	1_h	0	0.0015622745389923846	0.013333249541671687	0.0
chr16:45094982	4_lc	0	0.0012217337404324365	0.010071761785806205	0.0
chr16:45094982	3_ec	0	0.0007228299885734721	0.009192301530802091	0.0
chr16:45094982	2_ad	0	0.00047036766518159434	0.0070307523377391625	0.0
chr16:45094982	1_h	0	0.0013876852188391404	0.009785072694379449	0.0
chr16:45095770	4_lc	0	0.0013250046471503893	0.011318057106886789	0.0
chr16:45095770	3_ec	0	0.0007337442266902816	0.010227401579022773	0.0
chr16:45095770	2_ad	0	0.0005076208813699732	0.0073709834433942885	0.0
chr16:45095770	1_h	0	0.0013368859279142187	0.010082977434363283	0.0
chr16:45096212	4_lc	0	0.0012003018740963183	0.008713503067878816	0.0
chr16:45096212	3_ec	0	0.0006012289428713485	0.0016959707002229894	0.0
chr16:45096212	2_ad	0	0.00045965334265280367	0.0046357950722458715	0.0
chr16:45096212	1_h	0	0.0014325013129014388	0.013026884490276374	0.0
chr16:45096248	4_lc	0	0.0012210900938483531	0.008399017553987078	0.0
chr16:45096248	3_ec	0	0.0006235526880089282	0.0030868899343571366	0.0
chr16:45096248	2_ad	0	0.0005468077482155383	0.010752820889487693	0.0
chr16:45096248	1_h	0	0.00128103976994329	0.0070588207383633205	0.0
chr16:45096324	4_lc	0	0.0012155334493938273	0.009601835599775144	0.0
chr16:45096324	3_ec	0	0.0007195782665669381	0.0075554721041344855	0.0
chr16:45096324	2_ad	0	0.0005932270130120499	0.011501640000847644	0.0
chr16:45096324	1_h	0	0.0013468071271499102	0.01085674320809254	0.0
chr16:45096402	4_lc	0	0.0012143757377328914	0.008081403595847325	0.0
chr16:45096402	3_ec	0	0.0006596058305639925	0.005230717414403784	0.0
chr16:45096402	2_ad	0	0.0006386565583069096	0.011885063642488834	0.0
chr16:45096402	1_h	0	0.0014234238232460833	0.01242439719833601	0.0
chr16:45239362	4_lc	0	0.0014516132235915826	0.013951052930510374	0.0
chr16:45239362	3_ec	0	0.0008877392731526014	0.013696747849744936	0.0
chr16:45239362	2_ad	0	0.0006856772477153107	0.01269944534523845	0.0
chr16:45239362	1_h	0	0.001596745499901666	0.013933795728577367	0.0
chr16:45392332	4_lc	0	0.0012533598461776816	0.009998512320696746	0.0
chr16:45392332	3_ec	0	0.000633465411505147	0.003955604431135571	0.0
chr16:45392332	2_ad	0	0.0004910295946027819	0.006525105909024272	0.0
chr16:45392332	1_h	0	0.001416732483011969	0.011415914212088919	0.0
chr16:45443941	4_lc	0	0.0012490301550024847	0.00973669765787351	0.0
chr16:45443941	3_ec	0	0.0006475420242550144	0.005362140776634369	0.0
chr16:45443941	2_ad	0	0.000462716014794023	0.005239532944094641	0.0
chr16:45443941	1_h	0	0.0013400009166272596	0.010560698647595698	0.0
chr16:45539592	4_lc	0	0.0011951418760562157	0.008141486893530525	0.0
chr16:45539592	3_ec	0	0.0006726485765344672	0.006102680357719145	0.0
chr16:45539592	2_ad	0	0.000601344625715155	0.012039647627519535	0.0
chr16:45539592	1_h	0	0.0014328399146555017	0.012375368024688924	0.0
chr16:45560219	4_lc	0	0.0011529391131507233	0.006175753660898662	0.0
chr16:45560219	3_ec	0	0.000670880522074587	0.0060870316051815625	0.0
chr16:45560219	2_ad	0	0.0005421661104338686	0.009003175433301307	0.0
chr16:45560219	1_h	0	0.0013889236040388732	0.009981363761291401	0.0
chr16:45580147	4_lc	0	0.001244749958335178	0.009667734957865218	0.0
chr16:45580147	3_ec	0	0.0006141801436290061	0.002337548006019805	0.0
chr16:45580147	2_ad	0	0.0004194183336180254	0.002260170848103964	0.0
chr16:45580147	1_h	0	0.0013517814699891726	0.011536872388046937	0.0
chr16:45584436	4_lc	0	0.00124005040144088	0.009237779644097988	0.0
chr16:45584436	3_ec	0	0.000607524598289419	0.0018690580584154676	0.0
chr16:45584436	2_ad	0	0.000657945905511418	0.013513175555915026	0.0
chr16:45584436	1_h	0	0.0012790036946885369	0.008192994837725317	0.0
chr16:45601959	4_lc	0	0.0012069101436115027	0.009479614994397088	0.0
chr16:45601959	3_ec	0	0.0006218830432988084	0.003365040841918822	0.0
chr16:45601959	2_ad	0	0.0006613981507397367	0.011429298832070544	0.0
chr16:45601959	1_h	0	0.001445644138797284	0.011336015831329987	0.0
chr16:45633024	4_lc	0	0.001147421228366066	0.006075836660576239	0.0
chr16:45633024	3_ec	0	0.0006687021924478882	0.006238693884455613	0.0
chr16:45633024	2_ad	0	0.0005397924305750685	0.008964472715476178	0.0
chr16:45633024	1_h	0	0.0012253576258683685	0.005352574526890832	0.0
chr16:45640366	4_lc	0	0.0012392394251129293	0.009395451997484051	0.0
chr16:45640366	3_ec	0	0.0006020975144294085	0.0017136957009410087	0.0
chr16:45640366	2_ad	0	0.00045405149846282865	0.004166412582064937	0.0
chr16:45640366	1_h	0	0.0013866960857395812	0.011747900660208442	0.0
chr16:45664252	4_lc	0	0.0011697934402024397	0.006697259355836395	0.0
chr16:45664252	3_ec	0	0.0007092692638317361	0.008456005011262632	0.0
chr16:45664252	2_ad	0	0.0006441113538980554	0.01116138319473957	0.0
chr16:45664252	1_h	0	0.0014791824158134432	0.013784209975686518	0.0
chr16:45667618	4_lc	0	0.0011933694327526366	0.008246573160805919	0.0
chr16:45667618	3_ec	0	0.0006215895105647049	0.0033106998716918574	0.0
chr16:45667618	2_ad	0	0.0005502310229886534	0.009538171557505226	0.0
chr16:45667618	1_h	0	0.001350012873927195	0.009750509770481443	0.0
chr16:45679330	4_lc	0	0.0012206392309279778	0.00998814114661138	0.0
chr16:45679330	3_ec	0	0.0007234285728940976	0.009327103899234229	0.0
chr16:45679330	2_ad	0	0.0004537742774287936	0.005053157990282519	0.0
chr16:45679330	1_h	0	0.0013501020259767576	0.009350050606669096	0.0
chr16:45729963	4_lc	0	0.0012564636078544907	0.010146709385202696	0.0
chr16:45729963	3_ec	0	0.0005966411194746021	0.0014458893958147296	0.0
chr16:45729963	2_ad	0	0.0005742265871689528	0.010190771331612546	0.0
chr16:45729963	1_h	0	0.0013335267593082179	0.010000658121309102	0.0
chr16:45742819	4_lc	0	0.0011964901669699922	0.007749519598929264	0.0
chr16:45742819	3_ec	0	0.0006881039950749435	0.006660411967063491	0.0
chr16:45742819	2_ad	0	0.0005031126891501501	0.007157966001104746	0.0
chr16:45742819	1_h	0	0.0013265934209929309	0.009850483297519473	0.0
chr16:46049747	4_lc	0	0.0015815950180161752	0.017575073140073522	0.0
chr16:46049747	3_ec	0	0.0008065577387118189	0.012671296788439326	0.0
chr16:46049747	2_ad	0	0.0006754832805850957	0.01151480212608874	0.0
chr16:46049747	1_h	0	0.0016037836810424493	0.014304229405663938	0.0
chr16:46049751	4_lc	0	0.0012502306207766932	0.00978738146711392	0.0
chr16:46049751	3_ec	0	0.0007801323388086351	0.011338159546270776	0.0
chr16:46049751	2_ad	0	0.0007517966194280734	0.01341931587180904	0.0
chr16:46049751	1_h	0	0.00134478819073911	0.010784266234999961	0.0
chr16:46099110	4_lc	0	0.0012808793464753447	0.012202663797145612	0.0
chr16:46099110	3_ec	0	0.0006787776529545167	0.008851020138869532	0.0
chr16:46099110	2_ad	0	0.0004865822296697616	0.0060004391550875	0.0
chr16:46099110	1_h	0	0.0012621210373506217	0.007288600941793312	0.0
chr16:46117980	4_lc	0	0.0011496318320702542	0.006089613461138662	0.0
chr16:46117980	3_ec	0	0.000626307710783946	0.0033757624201654107	0.0
chr16:46117980	2_ad	0	0.000473318757048958	0.007400093839001452	0.0
chr16:46117980	1_h	0	0.0014025020725703249	0.012746714839518595	0.0
chr16:48817255	4_lc	0	0.001279327190663393	0.011625164046772482	0.0
chr16:48817255	3_ec	0	0.0007823466702779757	0.011791552898333703	0.0
chr16:48817255	2_ad	0	0.0004037639717328762	0.0012378595969809365	0.0
chr16:48817255	1_h	0	0.0013275002872016614	0.009633872412337176	0.0
chr16:52166214	4_lc	0	0.0011949136412486314	0.008306953458319161	0.0
chr16:52166214	3_ec	0	0.0006505434633424224	0.0059193422998185105	0.0
chr16:52166214	2_ad	0	0.0005091924269863655	0.009179647036151926	0.0
chr16:52166214	1_h	0	0.001280902602965937	0.008709961435764819	0.0
chr16:55905753	4_lc	0	0.001241586969365741	0.01106051667578602	0.0
chr16:55905753	3_ec	0	0.0006460081371803699	0.005134493221784865	0.0
chr16:55905753	2_ad	0	0.0005384916296213801	0.007993628320550502	0.0
chr16:55905753	1_h	0	0.0013864630581869714	0.01236939716280962	0.0
chr16:55905860	4_lc	0	0.001158013034582062	0.006360950112971564	0.0
chr16:55905860	3_ec	0	0.0006772498762107807	0.006162699911309962	0.0
chr16:55905860	2_ad	0	0.0005339985240890575	0.008448519703475573	0.0
chr16:55905860	1_h	0	0.0012890769297833845	0.00958626685251015	0.0
chr16:55915200	4_lc	0	0.0012150540880809103	0.009543292891364111	0.0
chr16:55915200	3_ec	0	0.0006298248181359181	0.003683296477587371	0.0
chr16:55915200	2_ad	0	0.0005335601355304021	0.009708738437833396	0.0
chr16:55915200	1_h	0	0.0013234839524957336	0.009120433602396814	0.0
chr16:55915316	4_lc	0	0.0012720058746952462	0.009867637171989966	0.0
chr16:55915316	3_ec	0	0.0006662316789949917	0.00720023589742818	0.0
chr16:55915316	2_ad	0	0.0005754461225313139	0.009369508205827836	0.0
chr16:55915316	1_h	0	0.0012541764480603927	0.006432992396097259	0.0
chr16:56034183	4_lc	0	0.0011432589364811284	0.006013926696820701	0.0
chr16:56034183	3_ec	0	0.000754582582949657	0.009758899213656401	0.0
chr16:56034183	2_ad	0	0.0005828368544436533	0.009225898084507089	0.0
chr16:56034183	1_h	0	0.001223549149217752	0.005342502620334524	0.0
chr16:56650726	4_lc	0	0.0011338481722937214	0.00756696061635115	0.0
chr16:56650726	3_ec	0	0.0006562552690732384	0.006031867541248915	0.0
chr16:56650726	2_ad	0	0.001109352880387981	0.01928009024873851	0.0
chr16:56650726	1_h	0	0.0014672873498808253	0.011813492802858925	0.0
chr16:56654050	4_lc	0	0.0011937736095329703	0.008265590225643035	0.0
chr16:56654050	3_ec	0	0.0006168454487735034	0.002875133344464317	0.0
chr16:56654050	2_ad	0	0.0005306995841566558	0.008149308068494905	0.0
chr16:56654050	1_h	0	0.001298148689732868	0.00781353142528275	0.0
chr16:56668340	4_lc	0	0.0012620596791152764	0.01046884430963084	0.0
chr16:56668340	3_ec	0	0.0006129011798036027	0.002240383563522526	0.0
chr16:56668340	2_ad	0	0.0004701201263922085	0.0060062188324834336	0.0
chr16:56668340	1_h	0	0.0013404741021479497	0.010499717192258548	0.0
chr16:57302207	4_lc	0	0.001184660625509041	0.007396559940786578	0.0
chr16:57302207	3_ec	0	0.0007111288586516933	0.007157503053840126	0.0
chr16:57302207	2_ad	0	0.0004797820442371833	0.006053406077332635	0.0
chr16:57302207	1_h	0	0.0014426982542345645	0.013213307303887587	0.0
chr16:57571404	4_lc	0	0.0012197354985926047	0.009971730902016996	0.0
chr16:57571404	3_ec	0	0.0006408884330698872	0.00433100999412746	0.0
chr16:57571404	2_ad	0	0.0005283647194755921	0.009345233595962458	0.0
chr16:57571404	1_h	0	0.001235019834273158	0.005534806153136967	0.0
chr17:23291539	4_lc	0	0.0013231834311395981	0.012514204417708202	0.0
chr17:23291539	3_ec	0	0.0007808492731851873	0.01126988893541431	0.0
chr17:23291539	2_ad	0	0.0010072406082592136	0.01765679859931501	0.0
chr17:23291539	1_h	0	0.0014380646948284562	0.012101002016243952	0.0
chr17:35425194	4_lc	0	0.0011753119825884644	0.007084983236975026	0.0
chr17:35425194	3_ec	0	0.000699801249779334	0.007821339351315472	0.0
chr17:35425194	2_ad	0	0.000591945795078411	0.010182585720552938	0.0
chr17:35425194	1_h	0	0.0013007837508013727	0.007823412909963048	0.0
chr17:35425198	4_lc	0	0.001190630658231834	0.008077105775169511	0.0
chr17:35425198	3_ec	0	0.0006618253187814833	0.005328480979503992	0.0
chr17:35425198	2_ad	0	0.0004955479837682793	0.007891946731860514	0.0
chr17:35425198	1_h	0	0.0012404796813901206	0.00594794154056227	0.0
chr17:35440154	4_lc	0	0.0012438009242908188	0.009506479694934572	0.0
chr17:35440154	3_ec	0	0.0007803192410865588	0.011053615222472914	0.0
chr17:35440154	2_ad	0	0.0005217681554921631	0.008688364817023172	0.0
chr17:35440154	1_h	0	0.001260473429853176	0.0068153219238851264	0.0
chr1:12839899	4_lc	4	0.0027394667434669337	0.004997946044868652	0.0
chr1:12839899	3_ec	4	0.0017622727863370394	0.006069303055087451	0.0
chr1:12839899	2_ad	4	0.0020722705169893794	0.0035252366082576	0.0
chr1:12839899	1_h	4	0.4634240342283473	0.0624563651746658	0.5
chr1:170649754	4_lc	0	0.0012321467574216228	0.011284015953850072	0.0
chr1:170649754	3_ec	0	0.0006351628657798738	0.004629041264625986	0.0
chr1:170649754	2_ad	0	0.0005170846258560985	0.007282442855656076	0.0
chr1:170649754	1_h	0	0.0013498233262932513	0.011896371715780384	0.0
chr1:170669030	4_lc	0	0.0011900832083722016	0.007935966387964977	0.0
chr1:170669030	3_ec	0	0.0006370983206463479	0.004785499350749341	0.0
chr1:170669030	2_ad	0	0.0005880200992968714	0.009084744868972063	0.0
chr1:170669030	1_h	0	0.0013831571775372953	0.011505823775223651	0.0
chr1:170841710	4_lc	0	0.0011945191705040729	0.008335739127565791	0.0
chr1:170841710	3_ec	0	0.0007958332293954186	0.012474153115237384	0.0
chr1:170841710	2_ad	0	0.0004906757870515819	0.00736670092506816	0.0
chr1:170841710	1_h	0	0.0013818583547035542	0.010227491526987076	0.0
chr1:170874437	4_lc	0	0.0011533268356597591	0.00724129868453846	0.0
chr1:170874437	3_ec	0	0.0007055422446043424	0.007318556582303523	0.0
chr1:170874437	2_ad	0	0.0006753659950988846	0.012012251697893323	0.0
chr1:170874437	1_h	0	0.0015860664839256612	0.013501966635114824	0.0
chr1:170880573	4_lc	0	0.0013810460287145526	0.012812138094507203	0.0
chr1:170880573	3_ec	0	0.0006756749401194228	0.008469126817240484	0.0
chr1:170880573	2_ad	0	0.0006052012108899538	0.010064074161406306	0.0
chr1:170880573	1_h	0	0.0017425557204431693	0.01743846796395737	0.0
chr1:170880578	4_lc	0	0.0011799086030293423	0.008291206432732769	0.0
chr1:170880578	3_ec	0	0.0006120860561027035	0.0031749891657288725	0.0
chr1:170880578	2_ad	0	0.0005276967071302875	0.007852880774141348	0.0
chr1:170880578	1_h	0	0.001936545433988804	0.018664256431063352	0.0
chr1:170885169	4_lc	0	0.0010856962490300743	0.004938709369950842	0.0
chr1:170885169	3_ec	0	0.0006131856651135197	0.0034192305706189034	0.0
chr1:170885169	2_ad	0	0.0006804470990203189	0.012198291960951901	0.0
chr1:170885169	1_h	0	0.0014848244009512022	0.011806829728323778	0.0
chr1:170885283	4_lc	0	0.0011254547183675028	0.0057370488501162316	0.0
chr1:170885283	3_ec	0	0.0007285778215062657	0.010755944891684258	0.0
chr1:170885283	2_ad	0	0.0006030732062487118	0.009849262479679915	0.0
chr1:170885283	1_h	0	0.0017484585097693479	0.015959599550489686	0.0
chr1:170885284	4_lc	0	0.0011783482722799278	0.008126475048410063	0.0
chr1:170885284	3_ec	0	0.0006787578687947395	0.009555938148690147	0.0
chr1:170885284	2_ad	0	0.0006235537301801552	0.010411246795407284	0.0
chr1:170885284	1_h	0	0.0019790061558139734	0.020172774125080367	0.0
chr1:170907535	4_lc	0	0.001263669895555482	0.010824073009604031	0.0
chr1:170907535	3_ec	0	0.0006656571810928759	0.007436745758650965	0.0
chr1:170907535	2_ad	0	0.00046117290019189323	0.004738357073377313	0.0
chr1:170907535	1_h	0	0.0013072875369329593	0.008618460950627354	0.0
chr1:170912262	4_lc	0	0.0011846543459450153	0.007424269226462267	0.0
chr1:170912262	3_ec	0	0.0006471807583173943	0.005323743867315792	0.0
chr1:170912262	2_ad	0	0.0004149678071225038	0.001921121366885293	0.0
chr1:170912262	1_h	0	0.0013266188247926846	0.00837380581503833	0.0
chr1:170918246	4_lc	0	0.0012851578838206392	0.012550615835074308	0.0
chr1:170918246	3_ec	0	0.0007298995300138242	0.010190643206073555	0.0
chr1:170918246	2_ad	0	0.0004536572580744337	0.0041390793202114315	0.0
chr1:170918246	1_h	0	0.00131928110600395	0.009274909512915474	0.0
chr1:170921725	4_lc	0	0.0014843429195609244	0.01501296184909198	0.0
chr1:170921725	3_ec	0	0.0008748791265096873	0.012209678053613624	0.0
chr1:170921725	2_ad	0	0.0009978893964381881	0.017899160125655126	0.0
chr1:170921725	1_h	0	0.0015141823982995606	0.012579987100432281	0.0
chr1:170922278	4_lc	0	0.0012223045380939715	0.010451415757704023	0.0
chr1:170922278	3_ec	0	0.0005988600713699876	0.0015430255396337096	0.0
chr1:170922278	2_ad	0	0.0004823987100956507	0.006508403757376198	0.0
chr1:170922278	1_h	0	0.001428036730130141	0.012466176463851284	0.0
chr1:170922395	4_lc	0	0.0012652394847798502	0.010707302812955257	0.0
chr1:170922395	3_ec	0	0.0007294278541769471	0.00833862407345779	0.0
chr1:170922395	2_ad	0	0.000500625934345067	0.0068965197767179515	0.0
chr1:170922395	1_h	0	0.0012719201785836318	0.007070748429863045	0.0
chr1:170927476	4_lc	0	0.0011617413685816739	0.006361257802188024	0.0
chr1:170927476	3_ec	0	0.000700436965568529	0.007756738332097289	0.0
chr1:170927476	2_ad	0	0.00041071193150689486	0.0015605673140267082	0.0
chr1:170927476	1_h	0	0.0013869202889486897	0.00948681841252524	0.0
chr1:170963333	4_lc	0	0.001340865179102861	0.013547515808269772	0.0
chr1:170963333	3_ec	0	0.0006438832120162737	0.004948547503626721	0.0
chr1:170963333	2_ad	0	0.000537566922498132	0.01000305650446129	0.0
chr1:170963333	1_h	0	0.0015153171574420203	0.013410357179393633	0.0
chr1:170966467	4_lc	0	0.0012156971476513683	0.00842114293582854	0.0
chr1:170966467	3_ec	0	0.0006512044682485755	0.004675118172391384	0.0
chr1:170966467	2_ad	0	0.0007424371997253171	0.014294050006692668	0.0
chr1:170966467	1_h	0	0.0012934337004087422	0.009411828317674021	0.0
chr1:170966481	4_lc	0	0.001277177571833136	0.011577158394638541	0.0
chr1:170966481	3_ec	0	0.0006947195385864139	0.007278009346153242	0.0
chr1:170966481	2_ad	0	0.0005149052232480483	0.00800408806411661	0.0
chr1:170966481	1_h	0	0.00121916393220365	0.005211949066637195	0.0
chr1:170966616	4_lc	0	0.0011580671839606974	0.006455928973513151	0.0
chr1:170966616	3_ec	0	0.0006192119698048773	0.0030489521104876903	0.0
chr1:170966616	2_ad	0	0.0005747132381653957	0.008632994502589893	0.0
chr1:170966616	1_h	0	0.0013177266728350212	0.00843343064344553	0.0
chr1:171020004	4_lc	0	0.0011546648109258414	0.006240144469485189	0.0
chr1:171020004	3_ec	0	0.0006316162621302628	0.004294920786044246	0.0
chr1:171020004	2_ad	0	0.0004930821126749131	0.007618235476335704	0.0
chr1:171020004	1_h	0	0.0013246931444226128	0.008417837243503307	0.0
chr1:171029259	4_lc	0	0.00121839697844977	0.009813381948682308	0.0
chr1:171029259	3_ec	0	0.000680772002616696	0.008618445602732642	0.0
chr1:171029259	2_ad	0	0.0005992474992324386	0.012194828216029298	0.0
chr1:171029259	1_h	0	0.0013389660270170726	0.008822446339360515	0.0
chr1:171051722	4_lc	0	0.0012997181938595895	0.01253054336997414	0.0
chr1:171051722	3_ec	0	0.0006420738543217521	0.004694468345587354	0.0
chr1:171051722	2_ad	0	0.0005308865950240412	0.00789457402497706	0.0
chr1:171051722	1_h	0	0.0014400670177890451	0.01308343546421308	0.0
chr1:171136127	4_lc	0	0.0011483517374030203	0.006078638034939244	0.0
chr1:171136127	3_ec	0	0.000666822346483193	0.007255092458333075	0.0
chr1:171136127	2_ad	0	0.0005150809318877386	0.007642764401704409	0.0
chr1:171136127	1_h	0	0.00133121514518879	0.00973810123253452	0.0
chr1:171145805	4_lc	0	0.0012019673564406291	0.008866350245540815	0.0
chr1:171145805	3_ec	0	0.0006432098233140266	0.004431394532547012	0.0
chr1:171145805	2_ad	0	0.0005090375959653846	0.009133535733434088	0.0
chr1:171145805	1_h	0	0.0013246431630592262	0.00983897706096141	0.0
chr1:171150569	4_lc	0	0.00121601086810757	0.009610027308786085	0.0
chr1:171150569	3_ec	0	0.0006630373531075047	0.00570560577238609	0.0
chr1:171150569	2_ad	0	0.0005168565332403506	0.007605510901546547	0.0
chr1:171150569	1_h	0	0.0012401990886713125	0.005759184799886978	0.0
chr1:171158798	4_lc	0	0.0012223121386919556	0.010450808039668563	0.0
chr1:171158798	3_ec	0	0.0006571979167778294	0.005483756658101413	0.0
chr1:171158798	2_ad	0	0.00047151318866017045	0.005549793901423201	0.0
chr1:171158798	1_h	0	0.0013622697697361187	0.010204318887781593	0.0
chr1:171225795	4_lc	0	0.0011527190168180025	0.007406892412686942	0.0
chr1:171225795	3_ec	0	0.0006862350846772309	0.00774134789990199	0.0
chr1:171225795	2_ad	0	0.0008094296314199303	0.014488677969170935	0.0
chr1:171225795	1_h	0	0.0017516930107355027	0.016593544202583077	0.0
chr1:171250901	4_lc	0	0.0012112129775053806	0.009247681574947623	0.0
chr1:171250901	3_ec	0	0.0006552868998546588	0.007525833490754518	0.0
chr1:171250901	2_ad	0	0.0006130370249534501	0.012033828769307796	0.0
chr1:171250901	1_h	0	0.0014872758438964938	0.012037784941926463	0.0
chr1:171279519	4_lc	0	0.0012066808188481656	0.007971106784526451	0.0
chr1:171279519	3_ec	0	0.000617204828792309	0.0025658776998560536	0.0
chr1:171279519	2_ad	0	0.0005703384573033367	0.00990883644011635	0.0
chr1:171279519	1_h	0	0.0012593762324560594	0.006726753078746574	0.0
chr1:171284618	4_lc	0	0.0011550797620467842	0.006205686025529232	0.0
chr1:171284618	3_ec	0	0.0006835965345355176	0.006391305275388595	0.0
chr1:171284618	2_ad	0	0.0004789601258732618	0.005967422601601016	0.0
chr1:171284618	1_h	0	0.0013585087362520535	0.011747430079369386	0.0
chr1:171344938	4_lc	0	0.0013219298567499948	0.011518236171059825	0.0
chr1:171344938	3_ec	0	0.0006797021998246117	0.006469898075535679	0.0
chr1:171344938	2_ad	0	0.0006575477119461192	0.011245496825648085	0.0
chr1:171344938	1_h	0	0.0013281983741013658	0.009785815803046808	0.0
chr1:171360318	4_lc	0	0.0012127020415118373	0.008421709854967832	0.0
chr1:171360318	3_ec	0	0.0006857472555654579	0.00650321493226123	0.0
chr1:171360318	2_ad	0	0.0005498440048909928	0.008695210859190387	0.0
chr1:171360318	1_h	0	0.0013286725348600416	0.008587255342432622	0.0
chr1:171360646	4_lc	0	0.001160879879387358	0.006342914196055985	0.0
chr1:171360646	3_ec	0	0.0006894921300396639	0.009525790540208572	0.0
chr1:171360646	2_ad	0	0.0006028148895801853	0.010258848930877307	0.0
chr1:171360646	1_h	0	0.0012594741353725474	0.0066571641909547495	0.0
chr1:171408430	4_lc	0	0.0011629450653647178	0.0064157832116950525	0.0
chr1:171408430	3_ec	0	0.0006525964261431311	0.0053372252121984785	0.0
chr1:171408430	2_ad	0	0.00047890788269250057	0.007968202730246945	0.0
chr1:171408430	1_h	0	0.0013747231993671476	0.01058155451353252	0.0
chr1:171408701	4_lc	0	0.0011451074603818577	0.006032582615479918	0.0
chr1:171408701	3_ec	0	0.0007431028902215022	0.008983386072319306	0.0
chr1:171408701	2_ad	0	0.000679543530651237	0.01375252323692231	0.0
chr1:171408701	1_h	0	0.0013153683182893735	0.008161057474274633	0.0
chr1:171409061	4_lc	0	0.0012202024407586818	0.009987855434385837	0.0
chr1:171409061	3_ec	0	0.0006856774951714972	0.006569758225348643	0.0
chr1:171409061	2_ad	0	0.0005828035999985751	0.01085955296911907	0.0
chr1:171409061	1_h	0	0.001252667727415406	0.006285086475359462	0.0
chr1:171409082	4_lc	0	0.0012638941550785065	0.009856089300933912	0.0
chr1:171409082	3_ec	0	0.0006348775648129717	0.004084425846402492	0.0
chr1:171409082	2_ad	0	0.0004327214204177716	0.003447163509826345	0.0
chr1:171409082	1_h	0	0.0012724416739756843	0.007297701874240551	0.0
chr1:171416853	4_lc	0	0.0012046543979990676	0.008781119857109615	0.0
chr1:171416853	3_ec	0	0.0006831148078347886	0.00886042562510745	0.0
chr1:171416853	2_ad	0	0.0006028422680509477	0.012395790321851745	0.0
chr1:171416853	1_h	0	0.001569773041232763	0.013716140424901924	0.0
chr1:171504171	4_lc	0	0.001269595573391587	0.010927021683572383	0.0
chr1:171504171	3_ec	0	0.0006424424337796154	0.004872718793593957	0.0
chr1:171504171	2_ad	0	0.0005639614846961538	0.00932592175580591	0.0
chr1:171504171	1_h	0	0.0013119434787475907	0.008408992953517871	0.0
chr1:171530529	4_lc	0	0.0011566308000332862	0.006225164448323478	0.0
chr1:171530529	3_ec	0	0.0006601212956586228	0.006593647251542193	0.0
chr1:171530529	2_ad	0	0.0005981059732501397	0.011931435688559132	0.0
chr1:171530529	1_h	0	0.0013673880074223264	0.010250493545589342	0.0
chr1:171531730	4_lc	0	0.001228734400396523	0.010615084897326897	0.0
chr1:171531730	3_ec	0	0.0007342672004780531	0.010179766356934124	0.0
chr1:171531730	2_ad	0	0.0005017656031809528	0.0073554159783906945	0.0
chr1:171531730	1_h	0	0.0012737272397171616	0.0067790118636715715	0.0
chr1:171577917	4_lc	0	0.0012854970522003311	0.012368823029698729	0.0
chr1:171577917	3_ec	0	0.0006175161469132209	0.002503257168392224	0.0
chr1:171577917	2_ad	0	0.0005409635309258896	0.01018860455713453	0.0
chr1:171577917	1_h	0	0.0012904747447356302	0.007746093774134416	0.0
chr1:171579124	4_lc	0	0.0012728606366051826	0.010733504371953837	0.0
chr1:171579124	3_ec	0	0.0007277501161103975	0.009467963948077298	0.0
chr1:171579124	2_ad	0	0.0005734003159502893	0.009888907743305936	0.0
chr1:171579124	1_h	0	0.0014358312811957488	0.01312446185038259	0.0
chr1:171579127	4_lc	0	0.001282428406971348	0.010420997267522695	0.0
chr1:171579127	3_ec	0	0.0006209709084021294	0.00328190221335577	0.0
chr1:171579127	2_ad	0	0.0007736290004542342	0.014814386441642907	0.0
chr1:171579127	1_h	0	0.0013644732236385167	0.009299241546224786	0.0
chr1:171593907	4_lc	0	0.0013019541328132703	0.01134115380128242	0.0
chr1:171593907	3_ec	0	0.0006972136069217681	0.007834014076300301	0.0
chr1:171593907	2_ad	0	0.0005635617792350266	0.01070421011411816	0.0
chr1:171593907	1_h	0	0.0012435437501580233	0.0061485733903474055	0.0
chr1:171594032	4_lc	0	0.0011553920474243985	0.006267031598337117	0.0
chr1:171594032	3_ec	0	0.0006715003344384403	0.00812362100784277	0.0
chr1:171594032	2_ad	0	0.00043646336641890525	0.002920657148766537	0.0
chr1:171594032	1_h	0	0.0012920777622406293	0.00784854697855078	0.0
chr1:171599857	4_lc	0	0.0012850825666313446	0.012262312014524447	0.0
chr1:171599857	3_ec	0	0.0006848024519164001	0.00902250256102569	0.0
chr1:171599857	2_ad	0	0.00047526276184418795	0.0075641441892999196	0.0
chr1:171599857	1_h	0	0.0012835458828454938	0.008423132087838544	0.0
chr1:171599888	4_lc	0	0.0011834812319271683	0.007361830411630381	0.0
chr1:171599888	3_ec	0	0.000692087815250628	0.006973798716932649	0.0
chr1:171599888	2_ad	0	0.00042731659604069695	0.002998217714230804	0.0
chr1:171599888	1_h	0	0.0012876503069503213	0.007333401159747714	0.0
chr1:171605172	4_lc	0	0.0013204254405868175	0.01210250338205156	0.0
chr1:171605172	3_ec	0	0.0007424480216834858	0.010749376361026778	0.0
chr1:171605172	2_ad	0	0.0004700175212231726	0.007008665445307316	0.0
chr1:171605172	1_h	0	0.0012827998363227767	0.007146485207909244	0.0
chr1:171605208	4_lc	0	0.0012335485712209485	0.009496036802305012	0.0
chr1:171605208	3_ec	0	0.0006749247529085514	0.00855987787879456	0.0
chr1:171605208	2_ad	0	0.0005714949653424307	0.011581553889555845	0.0
chr1:171605208	1_h	0	0.0013420861728451272	0.01058903126006528	0.0
chr1:171607284	4_lc	0	0.0011716626362612073	0.006775784624643681	0.0
chr1:171607284	3_ec	0	0.0006444170572763093	0.005065243555307501	0.0
chr1:171607284	2_ad	0	0.0004720188099241798	0.007259769181383925	0.0
chr1:171607284	1_h	0	0.0013908668007607467	0.011731820936354812	0.0
chr1:171638669	4_lc	0	0.0011735925223464274	0.006999606249997685	0.0
chr1:171638669	3_ec	0	0.000673129090831819	0.008262969799653016	0.0
chr1:171638669	2_ad	0	0.0005601999083715999	0.010434052397145002	0.0
chr1:171638669	1_h	0	0.0013694294943048175	0.009644055917211071	0.0
chr1:171638683	4_lc	0	0.0012078340555027808	0.009050151223863495	0.0
chr1:171638683	3_ec	0	0.0006668023134593339	0.0072266893521197905	0.0
chr1:171638683	2_ad	0	0.0006399033259892384	0.012167709022245675	0.0
chr1:171638683	1_h	0	0.0014386786577253335	0.011287300517200784	0.0
chr1:171682104	4_lc	0	0.0013814426950994531	0.013686626307827967	0.0
chr1:171682104	3_ec	0	0.0006615195558133684	0.005357678521229432	0.0
chr1:171682104	2_ad	0	0.0007814416115349634	0.013866306204116307	0.0
chr1:171682104	1_h	0	0.001565249416805437	0.015072115479940022	0.0
chr1:171695858	4_lc	0	0.0012117981260779719	0.008121603294734941	0.0
chr1:171695858	3_ec	0	0.0006273213847571639	0.003478690665000079	0.0
chr1:171695858	2_ad	0	0.0006964847548162075	0.01357712622923109	0.0
chr1:171695858	1_h	0	0.0012375800489319133	0.005645261002357326	0.0
chr1:171851835	4_lc	0	0.0011475571501069685	0.00607073877488355	0.0
chr1:171851835	3_ec	0	0.0007547775729916682	0.00955910937269964	0.0
chr1:171851835	2_ad	0	0.0006046000002055692	0.01030516809538785	0.0
chr1:171851835	1_h	0	0.0013186565043633986	0.008386330740626882	0.0
chr1:171885586	4_lc	0	0.00114769884591684	0.0060699029942374895	0.0
chr1:171885586	3_ec	0	0.0006258001733663655	0.0032736681513175834	0.0
chr1:171885586	2_ad	0	0.00048458190028672146	0.006304522119020483	0.0
chr1:171885586	1_h	0	0.0013511234650056987	0.009358390168662908	0.0
chr1:172068242	4_lc	0	0.0012182957389541805	0.008487256950406028	0.0
chr1:172068242	3_ec	0	0.000661047723670254	0.006689180199353482	0.0
chr1:172068242	2_ad	0	0.000534872539852396	0.008273341319522006	0.0
chr1:172068242	1_h	0	0.0012349852394488686	0.005506333177045978	0.0
chr1:172128723	4_lc	0	0.0012027459209268043	0.008324693595721971	0.0
chr1:172128723	3_ec	0	0.0006179882084137102	0.0026217575138111357	0.0
chr1:172128723	2_ad	0	0.00041455467592319293	0.001847713645999265	0.0
chr1:172128723	1_h	0	0.0013056495407087986	0.0078010421827524375	0.0
chr1:172240058	4_lc	0	0.001256390519031431	0.011284397774012342	0.0
chr1:172240058	3_ec	0	0.0006375148343057811	0.004300027033812169	0.0
chr1:172240058	2_ad	0	0.0005108726592162811	0.007656455287793177	0.0
chr1:172240058	1_h	0	0.001428955539371612	0.011150773830643931	0.0
chr1:172244100	4_lc	0	0.0011952627158446664	0.008152282355012268	0.0
chr1:172244100	3_ec	0	0.0006699794944794334	0.005900266655970654	0.0
chr1:172244100	2_ad	0	0.00048606042461795334	0.005841182055913651	0.0
chr1:172244100	1_h	0	0.0012618077679072736	0.006819807464234716	0.0
chr1:172251297	4_lc	0	0.0011883705104166827	0.007691861076154877	0.0
chr1:172251297	3_ec	0	0.0007018771334485064	0.007674243971795616	0.0
chr1:172251297	2_ad	0	0.0006103438910387567	0.010545412408230532	0.0
chr1:172251297	1_h	0	0.0013127546336398964	0.008131140002129254	0.0
chr1:172255054	4_lc	0	0.0011368342066854235	0.005975741392227093	0.0
chr1:172255054	3_ec	0	0.0007116812022219751	0.008844555975567455	0.0
chr1:172255054	2_ad	0	0.000545458091538046	0.009256754848726435	0.0
chr1:172255054	1_h	0	0.0012931862978989336	0.007937104680657076	0.0
chr1:172317580	4_lc	0	0.0012067552115657895	0.008944180444056893	0.0
chr1:172317580	3_ec	0	0.0006722282473766454	0.0077824436082914745	0.0
chr1:172317580	2_ad	0	0.0004965983852441225	0.009752475891282426	0.0
chr1:172317580	1_h	0	0.0012586207474018173	0.006641830727838709	0.0
chr1:172318712	4_lc	0	0.0012245595178324267	0.010681819986231278	0.0
chr1:172318712	3_ec	0	0.0007186542536858383	0.007966024499730369	0.0
chr1:172318712	2_ad	0	0.0004436372967566526	0.0033272040334253053	0.0
chr1:172318712	1_h	0	0.0014879361424875585	0.01250019149700339	0.0
chr1:172369705	4_lc	0	0.0011407214250461707	0.005989275609505996	0.0
chr1:172369705	3_ec	0	0.0007083866383372748	0.00856148516981088	0.0
chr1:172369705	2_ad	0	0.0006109742084563029	0.011457442091701997	0.0
chr1:172369705	1_h	0	0.0013673676553244138	0.009553110143689326	0.0
chr1:172377316	4_lc	0	0.0012542398078930546	0.009568460489082047	0.0
chr1:172377316	3_ec	0	0.0006885317603735972	0.006686571731258893	0.0
chr1:172377316	2_ad	0	0.0004770354745688989	0.007659009364136132	0.0
chr1:172377316	1_h	0	0.0014297892722989725	0.010975273934371478	0.0
chr1:172476174	4_lc	0	0.0012628790528092816	0.010570851717890817	0.0
chr1:172476174	3_ec	0	0.0006504069228330032	0.005665078360341528	0.0
chr1:172476174	2_ad	0	0.0006022190346694143	0.011923266941136969	0.0
chr1:172476174	1_h	0	0.001244919226554292	0.005989713318890677	0.0
chr1:172476310	4_lc	0	0.0011891148428996906	0.007719290437786545	0.0
chr1:172476310	3_ec	0	0.000778534544920981	0.010801888098582282	0.0
chr1:172476310	2_ad	0	0.00045034392335517365	0.005169786087327816	0.0
chr1:172476310	1_h	0	0.001314065438031717	0.008006267157826952	0.0
chr1:172477430	4_lc	0	0.0012216298157315245	0.01007851264673851	0.0
chr1:172477430	3_ec	0	0.0006993166130538468	0.007458426162855518	0.0
chr1:172477430	2_ad	0	0.0005481462019320452	0.011064033443287633	0.0
chr1:172477430	1_h	0	0.001325004504997054	0.009236221092970167	0.0
chr1:172478072	4_lc	0	0.0012733997480298793	0.011231062274244917	0.0
chr1:172478072	3_ec	0	0.0006855764422997185	0.009084837625071514	0.0
chr1:172478072	2_ad	0	0.000695499600667059	0.013509838684691008	0.0
chr1:172478072	1_h	0	0.001389989882742271	0.01175465040033606	0.0
chr1:172484869	4_lc	0	0.001217902823948956	0.00951495397651917	0.0
chr1:172484869	3_ec	0	0.0006583353572566174	0.005763535917866126	0.0
chr1:172484869	2_ad	0	0.00044746291539016935	0.0039010495269662738	0.0
chr1:172484869	1_h	0	0.0016006163639979154	0.01363917408754993	0.0
chr1:172493544	4_lc	0	0.001333055388637283	0.01179794687514291	0.0
chr1:172493544	3_ec	0	0.0008234765316096095	0.012109538376709743	0.0
chr1:172493544	2_ad	0	0.000649970950053085	0.011762070690167995	0.0
chr1:172493544	1_h	0	0.001258300379804607	0.006657835747015567	0.0
chr1:172493614	4_lc	0	0.0011872154383451932	0.00845150041397271	0.0
chr1:172493614	3_ec	0	0.0006508827536425817	0.005162367624171792	0.0
chr1:172493614	2_ad	0	0.0005720288500675506	0.009381683869650692	0.0
chr1:172493614	1_h	0	0.0014029930150267556	0.01044327422893404	0.0
chr1:172497127	4_lc	0	0.0012214634876764273	0.010040763834727094	0.0
chr1:172497127	3_ec	0	0.0007185924279433739	0.007920764580692139	0.0
chr1:172497127	2_ad	0	0.000475085952028308	0.00573727846929661	0.0
chr1:172497127	1_h	0	0.001243020366741257	0.0058909151741902985	0.0
chr1:172498480	4_lc	0	0.0012445448257615676	0.009474005922948125	0.0
chr1:172498480	3_ec	0	0.0006923009395188969	0.009739616527120694	0.0
chr1:172498480	2_ad	0	0.0004762964978507076	0.0076619856728681645	0.0
chr1:172498480	1_h	0	0.001302232808386021	0.00799526122681933	0.0
chr1:172584483	4_lc	0	0.00114219052972248	0.006031450149246466	0.0
chr1:172584483	3_ec	0	0.0006645560379322661	0.007033097007252132	0.0
chr1:172584483	2_ad	0	0.0005871574262356337	0.011190677577040219	0.0
chr1:172584483	1_h	0	0.0012955590858781036	0.009387917665952926	0.0
chr1:172587924	4_lc	0	0.0012050984054722412	0.008441035996346937	0.0
chr1:172587924	3_ec	0	0.0007072987433985325	0.008132221906758684	0.0
chr1:172587924	2_ad	0	0.0005671518991151683	0.009679136226569726	0.0
chr1:172587924	1_h	0	0.0013384339197159976	0.010314044404954816	0.0
chr1:172587951	4_lc	0	0.0011637349046221496	0.006453236234915532	0.0
chr1:172587951	3_ec	0	0.0006669149314090988	0.007303361096108239	0.0
chr1:172587951	2_ad	0	0.0006223941690217886	0.011176126964940962	0.0
chr1:172587951	1_h	0	0.001387823147275155	0.011865900270651502	0.0
chr1:172597669	4_lc	0	0.0013158507070795207	0.011877893148554626	0.0
chr1:172597669	3_ec	0	0.000651064755769214	0.005737109246649656	0.0
chr1:172597669	2_ad	0	0.00046225422040123805	0.005443344312155281	0.0
chr1:172597669	1_h	0	0.0013951883303819348	0.01198153955396902	0.0
chr1:172597802	4_lc	0	0.001228172755016326	0.01060097355060996	0.0
chr1:172597802	3_ec	0	0.0006804421823728643	0.008572891355617292	0.0
chr1:172597802	2_ad	0	0.00041181242167750255	0.0016913040366677854	0.0
chr1:172597802	1_h	0	0.0013172943738383454	0.00880181133241099	0.0
chr1:172598290	4_lc	0	0.0012068640365304145	0.008966147971577753	0.0
chr1:172598290	3_ec	0	0.0006582750463814202	0.006451363043084857	0.0
chr1:172598290	2_ad	0	0.0005915776011538607	0.009744203235352333	0.0
chr1:172598290	1_h	0	0.001282491356788099	0.0070802765452066835	0.0
chr1:172599200	4_lc	0	0.0012363429384605077	0.009240017147244428	0.0
chr1:172599200	3_ec	0	0.0006856884179623937	0.009541861606321672	0.0
chr1:172599200	2_ad	0	0.0005362376434958878	0.008553180314606636	0.0
chr1:172599200	1_h	0	0.001261599534370337	0.007021302339112623	0.0
chr1:172698921	4_lc	0	0.001228368213070292	0.008697857961776335	0.0
chr1:172698921	3_ec	0	0.0006896167510921991	0.006789312440544062	0.0
chr1:172698921	2_ad	0	0.0005252480010350648	0.0077307736650167195	0.0
chr1:172698921	1_h	0	0.0014244883426422627	0.011864133366534378	0.0
chr1:172894327	4_lc	0	0.001232276108239023	0.009100771677124857	0.0
chr1:172894327	3_ec	0	0.0006451433892977813	0.005066590979733711	0.0
chr1:172894327	2_ad	0	0.0005142484781183721	0.0077212569033778935	0.0
chr1:172894327	1_h	0	0.0013927659454820542	0.010523077141934128	0.0
chr1:173130315	4_lc	0	0.0012055137638724532	0.008839384962072847	0.0
chr1:173130315	3_ec	0	0.0006098375361461266	0.0020165950499937382	0.0
chr1:173130315	2_ad	0	0.0005365767457324804	0.008050798032263261	0.0
chr1:173130315	1_h	0	0.0012740901810943629	0.0077634318195944204	0.0
chr1:173183633	4_lc	0	0.001268352481502687	0.011152518235342532	0.0
chr1:173183633	3_ec	0	0.0007102698516682148	0.008527987864540643	0.0
chr1:173183633	2_ad	0	0.00042295104162189546	0.0024546678415040424	0.0
chr1:173183633	1_h	0	0.0014061123135427124	0.010298178898781991	0.0
chr1:173184360	4_lc	0	0.001214448212862517	0.009803927958765817	0.0
chr1:173184360	3_ec	0	0.0006549618107744401	0.005244626918094799	0.0
chr1:173184360	2_ad	0	0.0005832862378128965	0.009419800907203884	0.0
chr1:173184360	1_h	0	0.0013669156189167154	0.009423533098233298	0.0
chr1:173203994	4_lc	0	0.0011794084918091091	0.007149457523496044	0.0
chr1:173203994	3_ec	0	0.0006530286981070105	0.005176780926572213	0.0
chr1:173203994	2_ad	0	0.0005532665516329254	0.011335476940236377	0.0
chr1:173203994	1_h	0	0.0013185093551651345	0.008597647671705991	0.0
chr1:173222578	4_lc	0	0.0012390914429646152	0.009449807652846205	0.0
chr1:173222578	3_ec	0	0.0006533577246693714	0.006399158654142919	0.0
chr1:173222578	2_ad	0	0.0005409831883906317	0.00891703105734813	0.0
chr1:173222578	1_h	0	0.001287222389615306	0.007584230755200921	0.0
chr1:173222761	4_lc	0	0.0012107418693341576	0.008664745298827506	0.0
chr1:173222761	3_ec	0	0.000673933977318947	0.007866762919835416	0.0
chr1:173222761	2_ad	0	0.00048074242152067664	0.005974123891634442	0.0
chr1:173222761	1_h	0	0.001274930552020904	0.008307017665641167	0.0
chr1:173270447	4_lc	0	0.0012009800853959186	0.00819431209532355	0.0
chr1:173270447	3_ec	0	0.0006850743033832916	0.009034733518082415	0.0
chr1:173270447	2_ad	0	0.0004548834417230877	0.005525159882220286	0.0
chr1:173270447	1_h	0	0.0012977031775370511	0.007931859119652428	0.0
chr1:173271018	4_lc	0	0.0012707998230117807	0.011181408907073252	0.0
chr1:173271018	3_ec	0	0.0006363391668010907	0.004296542373246222	0.0
chr1:173271018	2_ad	0	0.0005001867995067288	0.007339275880267707	0.0
chr1:173271018	1_h	0	0.0013575463775924192	0.009920366279712609	0.0
chr1:173271097	4_lc	0	0.001249654792329568	0.009329611398147827	0.0
chr1:173271097	3_ec	0	0.0007835788223018012	0.011811243586550217	0.0
chr1:173271097	2_ad	0	0.00048669690061954823	0.0058358696951104705	0.0
chr1:173271097	1_h	0	0.0013277937171547306	0.008725289342065424	0.0
chr1:173332148	4_lc	0	0.0013099597288475356	0.011486262893445063	0.0
chr1:173332148	3_ec	0	0.0006525556975182018	0.005846259323531491	0.0
chr1:173332148	2_ad	0	0.00048794003812281997	0.008802033257263172	0.0
chr1:173332148	1_h	0	0.0012650281394196324	0.006815200593916179	0.0
chr1:173332289	4_lc	0	0.0011418467130706073	0.00603086032700053	0.0
chr1:173332289	3_ec	0	0.0006225082759787361	0.003035078954978635	0.0
chr1:173332289	2_ad	0	0.00042328166362049944	0.00261791438979725	0.0
chr1:173332289	1_h	0	0.0013117179563282193	0.007913633482493005	0.0
chr1:173332330	4_lc	0	0.0013006720114896904	0.01116005131741254	0.0
chr1:173332330	3_ec	0	0.0007805605140027669	0.011498774191079987	0.0
chr1:173332330	2_ad	0	0.001106088614171828	0.01913758539973542	0.0
chr1:173332330	1_h	0	0.0015355204394678443	0.013397000144514268	0.0
chr1:173332331	4_lc	0	0.0012386811683988916	0.00929108968715885	0.0
chr1:173332331	3_ec	0	0.0007054048074755851	0.0084254171732923	0.0
chr1:173332331	2_ad	0	0.001088329104321487	0.01938930386307249	0.0
chr1:173332331	1_h	0	0.0017457872844131267	0.017830400741390716	0.0
chr1:173332388	4_lc	0	0.001157345799051581	0.0063025245588865415	0.0
chr1:173332388	3_ec	0	0.0005972347874674854	0.0014883207237611075	0.0
chr1:173332388	2_ad	0	0.0008580688941693124	0.01550058286556911	0.0
chr1:173332388	1_h	0	0.001427045259843568	0.011051084598671872	0.0
chr1:173332418	4_lc	0	0.0011965541866280581	0.008154055984762371	0.0
chr1:173332418	3_ec	0	0.0007139292449022702	0.008462257047111977	0.0
chr1:173332418	2_ad	0	0.0005299867799856986	0.00803632547013187	0.0
chr1:173332418	1_h	0	0.0015139042209811782	0.013240656808503934	0.0
chr1:173332725	4_lc	0	0.001203512927883516	0.00898063184321529	0.0
chr1:173332725	3_ec	0	0.0006571203937945059	0.006759500067124141	0.0
chr1:173332725	2_ad	0	0.0005529519501290312	0.008209485293769253	0.0
chr1:173332725	1_h	0	0.0012622131692418593	0.006415665831119226	0.0
chr1:173332784	4_lc	0	0.0011925412522540905	0.007813668151552359	0.0
chr1:173332784	3_ec	0	0.0007017096468357504	0.007758359672182285	0.0
chr1:173332784	2_ad	0	0.00047745253453660927	0.005734176053985872	0.0
chr1:173332784	1_h	0	0.0013331461492211377	0.010454398298466847	0.0
chr1:173332922	4_lc	0	0.0012176314691585157	0.009813589662977778	0.0
chr1:173332922	3_ec	0	0.0006962371588012543	0.007235449672211529	0.0
chr1:173332922	2_ad	0	0.0005514355046346115	0.00880727380165839	0.0
chr1:173332922	1_h	0	0.0013713749964281243	0.009667390807563769	0.0
chr1:173459709	4_lc	0	0.0011416449792061543	0.0061227859937474415	0.0
chr1:173459709	3_ec	0	0.0006244410683291192	0.004087216062654045	0.0
chr1:173459709	2_ad	0	0.0006745691798831049	0.011498493394690588	0.0
chr1:173459709	1_h	0	0.0015554307386586514	0.015029052041588914	0.0
chr1:173526483	4_lc	0	0.0012213286709493038	0.008370702704435984	0.0
chr1:173526483	3_ec	0	0.0007927954530931798	0.009871113597074776	0.0
chr1:173526483	2_ad	0	0.0005382765648156179	0.0097302473298821	0.0
chr1:173526483	1_h	0	0.001527450274720966	0.014333645139515615	0.0
chr1:173526492	4_lc	0	0.001274921925420492	0.010009212177923204	0.0
chr1:173526492	3_ec	0	0.000760283396430133	0.008728639342477694	0.0
chr1:173526492	2_ad	0	0.0005344747784583492	0.008024259800826383	0.0
chr1:173526492	1_h	0	0.001431272820975942	0.011124847598837636	0.0
chr1:173526548	4_lc	0	0.001163825889851544	0.006557564143388965	0.0
chr1:173526548	3_ec	0	0.0006505209637250159	0.006082193768279147	0.0
chr1:173526548	2_ad	0	0.00047765709235611444	0.0057378786940376555	0.0
chr1:173526548	1_h	0	0.0013232535174538334	0.009580218371207438	0.0
chr1:173526646	4_lc	0	0.001167094609544653	0.006586063540669173	0.0
chr1:173526646	3_ec	0	0.0006688736690172423	0.007455962096302974	0.0
chr1:173526646	2_ad	0	0.0005446606938235545	0.010643920872901632	0.0
chr1:173526646	1_h	0	0.0012895677746124227	0.007393652120184895	0.0
chr1:173637426	4_lc	0	0.0012118975393222626	0.008140429800650694	0.0
chr1:173637426	3_ec	0	0.0006422020840907761	0.004845667290266748	0.0
chr1:173637426	2_ad	0	0.0005310956243833404	0.00804264160242511	0.0
chr1:173637426	1_h	0	0.0013532942256061205	0.011425971585336626	0.0
chr1:173641048	4_lc	0	0.0012613796817379102	0.01046377736372209	0.0
chr1:173641048	3_ec	0	0.0007092098891215632	0.0077122959428534655	0.0
chr1:173641048	2_ad	0	0.0005545938260645453	0.01130144900593353	0.0
chr1:173641048	1_h	0	0.0013675581777878398	0.010393262879879992	0.0
chr1:173642586	4_lc	0	0.0011948923490658426	0.008360127481371715	0.0
chr1:173642586	3_ec	0	0.0006054056519261174	0.0019416481259394653	0.0
chr1:173642586	2_ad	0	0.0005281014587285236	0.008014247561750175	0.0
chr1:173642586	1_h	0	0.0013750813578353005	0.011209267081109779	0.0
chr1:173642595	4_lc	0	0.0012082151291217997	0.008233649507423559	0.0
chr1:173642595	3_ec	0	0.0007325210789860953	0.0104904117038839	0.0
chr1:173642595	2_ad	0	0.0006197588008823013	0.009786459587529347	0.0
chr1:173642595	1_h	0	0.0013302680010578727	0.010618033643809201	0.0
chr1:173642682	4_lc	0	0.0012251733217213052	0.008835649383285299	0.0
chr1:173642682	3_ec	0	0.0006454864177438623	0.005602486818331543	0.0
chr1:173642682	2_ad	0	0.0005973756333151417	0.010587122946315829	0.0
chr1:173642682	1_h	0	0.0013705302428412478	0.011128451775325678	0.0
chr1:173642683	4_lc	0	0.0013489028166707871	0.01209895484496329	0.0
chr1:173642683	3_ec	0	0.0006765218816123939	0.008141550193888413	0.0
chr1:173642683	2_ad	0	0.0007351684536610061	0.013745328478860485	0.0
chr1:173642683	1_h	0	0.0013736427251053026	0.011164637951549103	0.0
chr1:173677847	4_lc	0	0.0013904438666788976	0.01457867873959564	0.0
chr1:173677847	3_ec	0	0.0007087742861566909	0.00849522945899044	0.0
chr1:173677847	2_ad	0	0.0012950109514444578	0.021560021973976305	0.0
chr1:173677847	1_h	0	0.0013644120123375476	0.010754343421111541	0.0
chr1:173678946	4_lc	0	0.0012402444532294656	0.01095377057232146	0.0
chr1:173678946	3_ec	0	0.0007655997073704099	0.010045377803098521	0.0
chr1:173678946	2_ad	0	0.0005494017077848482	0.008875940024151114	0.0
chr1:173678946	1_h	0	0.0012584890114866773	0.007146666636302477	0.0
chr1:173683103	4_lc	0	0.0012503998771830535	0.00973458010794726	0.0
chr1:173683103	3_ec	0	0.0005958992155332695	0.0014328271931044164	0.0
chr1:173683103	2_ad	0	0.0008913850884124794	0.016321277819693412	0.0
chr1:173683103	1_h	0	0.0014327156112372732	0.013218664085818432	0.0
chr1:173695597	4_lc	0	0.0012729367385160004	0.010129851325517625	0.0
chr1:173695597	3_ec	0	0.0006990725979419364	0.0073517821220026374	0.0
chr1:173695597	2_ad	0	0.0006441250351400351	0.011269267862595899	0.0
chr1:173695597	1_h	0	0.0013945828417478991	0.012271632230442782	0.0
chr1:173727761	4_lc	0	0.0011894888358861611	0.007981098578436398	0.0
chr1:173727761	3_ec	0	0.0006134378131458559	0.002559182709017296	0.0
chr1:173727761	2_ad	0	0.0004715479960357297	0.00530796100801146	0.0
chr1:173727761	1_h	0	0.001346575204741356	0.008822105533029222	0.0
chr1:173732280	4_lc	0	0.001191939006793625	0.00789417530443714	0.0
chr1:173732280	3_ec	0	0.0006119180450183412	0.0021847319859754446	0.0
chr1:173732280	2_ad	0	0.0005672979325936566	0.009851641157791571	0.0
chr1:173732280	1_h	0	0.0013338735231922334	0.008677342937197678	0.0
chr1:173732310	4_lc	0	0.0012402067823006119	0.010963159856849822	0.0
chr1:173732310	3_ec	0	0.000651258086441716	0.005436875038274605	0.0
chr1:173732310	2_ad	0	0.0005933255809471789	0.011338005776384557	0.0
chr1:173732310	1_h	0	0.0012984158806940752	0.010309438299237868	0.0
chr1:173732408	4_lc	0	0.0011928396373010238	0.007977253838084546	0.0
chr1:173732408	3_ec	0	0.0006801404191572549	0.008531214088365534	0.0
chr1:173732408	2_ad	0	0.0005383237709911717	0.00816612230568134	0.0
chr1:173732408	1_h	0	0.0013537150802279696	0.011539795875844592	0.0
chr1:173751632	4_lc	0	0.0012849288991573142	0.01246382187566471	0.0
chr1:173751632	3_ec	0	0.0008389035690355151	0.012596837410680514	0.0
chr1:173751632	2_ad	0	0.0005485150497969392	0.009308637161502167	0.0
chr1:173751632	1_h	0	0.0012605590456155498	0.006749536612370312	0.0
chr1:173752015	4_lc	0	0.001249064070602856	0.009870636314832827	0.0
chr1:173752015	3_ec	0	0.0006266453756550994	0.0036770283105786498	0.0
chr1:173752015	2_ad	0	0.0005426400670091495	0.010264169362439032	0.0
chr1:173752015	1_h	0	0.0013498297496983675	0.008858329713958184	0.0
chr1:173752043	4_lc	0	0.001237210589645188	0.010184667324594911	0.0
chr1:173752043	3_ec	0	0.0007163188646240458	0.008013223447178447	0.0
chr1:173752043	2_ad	0	0.0006846343376184356	0.011932691556621624	0.0
chr1:173752043	1_h	0	0.0017833210974102578	0.018008425504192616	0.0
chr1:173755645	4_lc	0	0.0011238122695657118	0.00565558311620846	0.0
chr1:173755645	3_ec	0	0.0006420825096304415	0.005441918312615776	0.0
chr1:173755645	2_ad	0	0.0004951289468072057	0.005985050601121809	0.0
chr1:173755645	1_h	0	0.0014446016816268958	0.011249674437988697	0.0
chr1:173755683	4_lc	0	0.0012059161609417608	0.008881476285822013	0.0
chr1:173755683	3_ec	0	0.0006116973629257033	0.002154370958664606	0.0
chr1:173755683	2_ad	0	0.0007294280852871373	0.013147137111884755	0.0
chr1:173755683	1_h	0	0.00139444920116625	0.010158095786918456	0.0
chr1:173755714	4_lc	0	0.0012407677332158396	0.012234038668711951	0.0
chr1:173755714	3_ec	0	0.0007197883884772134	0.009926929597587043	0.0
chr1:173755714	2_ad	0	0.0006299905868855907	0.010498657595865659	0.0
chr1:173755714	1_h	0	0.0015187443451550018	0.012357342134793841	0.0
chr1:173759476	4_lc	0	0.0013400348162318657	0.01343147722341132	0.0
chr1:173759476	3_ec	0	0.0006595760861932432	0.005573703419633492	0.0
chr1:173759476	2_ad	0	0.0006975793361950806	0.012240147213657212	0.0
chr1:173759476	1_h	0	0.0015488388832971727	0.014295962634025284	0.0
chr1:173759539	4_lc	0	0.0011971690040617506	0.00928730022451654	0.0
chr1:173759539	3_ec	0	0.0006535006342643273	0.007335578333066685	0.0
chr1:173759539	2_ad	0	0.0013099403990222433	0.02189539828426273	0.0
chr1:173759539	1_h	0	0.0021802829854432266	0.021280368052407767	0.0
chr1:173924127	4_lc	0	0.0011365300000112928	0.005932157880647959	0.0
chr1:173924127	3_ec	0	0.0007077914416893114	0.007418043736116983	0.0
chr1:173924127	2_ad	0	0.0008022033036614278	0.01407680686867725	0.0
chr1:173924127	1_h	0	0.0013035387250329583	0.008251820691103983	0.0
chr1:173926985	4_lc	0	0.0012291358777234112	0.010693830366196642	0.0
chr1:173926985	3_ec	0	0.000646749221239859	0.0052847203129552005	0.0
chr1:173926985	2_ad	0	0.0005006322939385051	0.0072085811068671995	0.0
chr1:173926985	1_h	0	0.0013150910178919876	0.008667118988109838	0.0
chr1:173937851	4_lc	0	0.001212968325964214	0.009747477458052298	0.0
chr1:173937851	3_ec	0	0.0007882676251045185	0.010031505527062381	0.0
chr1:173937851	2_ad	0	0.00048560592949526733	0.006870856288038758	0.0
chr1:173937851	1_h	0	0.001233591140608842	0.00569014885280039	0.0
chr1:173938005	4_lc	0	0.0012701199929908054	0.009957398088976164	0.0
chr1:173938005	3_ec	0	0.0007372463811361181	0.01075141906514706	0.0
chr1:173938005	2_ad	0	0.000720198101541336	0.012955816806164765	0.0
chr1:173938005	1_h	0	0.0014954356489836854	0.0122676317963971	0.0
chr1:173963817	4_lc	0	0.001276244657820597	0.011414821134419639	0.0
chr1:173963817	3_ec	0	0.0007983005465064722	0.012384755552915128	0.0
chr1:173963817	2_ad	0	0.0005856699374060402	0.010971746574576668	0.0
chr1:173963817	1_h	0	0.0013731512753515638	0.009468373586014447	0.0
chr1:173963976	4_lc	0	0.0012422771903397671	0.00949806857613373	0.0
chr1:173963976	3_ec	0	0.000686206829031184	0.009139214965926892	0.0
chr1:173963976	2_ad	0	0.00048424373626884665	0.006259074700824182	0.0
chr1:173963976	1_h	0	0.0012962503934763037	0.00768386354090911	0.0
chr1:173971432	4_lc	0	0.0012096225280272626	0.009401398918138388	0.0
chr1:173971432	3_ec	0	0.0006622501585219099	0.007183964740530623	0.0
chr1:173971432	2_ad	0	0.000518209404905627	0.010043886409719972	0.0
chr1:173971432	1_h	0	0.0014219703595389481	0.010876974281376508	0.0
chr1:173972304	4_lc	0	0.0011379545547455783	0.005976895457488227	0.0
chr1:173972304	3_ec	0	0.0005919417115219106	0.0013675698404946987	0.0
chr1:173972304	2_ad	0	0.0005293148998823787	0.007536392238018427	0.0
chr1:173972304	1_h	0	0.0013410201628462376	0.009282699789382936	0.0
chr1:173974843	4_lc	0	0.0012600166838472484	0.010812260390408288	0.0
chr1:173974843	3_ec	0	0.0006683712552743353	0.007830109017231916	0.0
chr1:173974843	2_ad	0	0.0005138745380132082	0.007859897640357225	0.0
chr1:173974843	1_h	0	0.001357354309090292	0.010392865727217922	0.0
chr1:173974844	4_lc	0	0.0011871579318005945	0.008117741828372271	0.0
chr1:173974844	3_ec	0	0.0006857022447669207	0.007166663846146664	0.0
chr1:173974844	2_ad	0	0.0006684344415875371	0.011198527366196063	0.0
chr1:173974844	1_h	0	0.0013390622537693836	0.011322710880868758	0.0
chr1:173977342	4_lc	0	0.0012852148673395576	0.012269212152349804	0.0
chr1:173977342	3_ec	0	0.00073856800361302	0.010478238863786571	0.0
chr1:173977342	2_ad	0	0.000535287341227149	0.009884234795871668	0.0
chr1:173977342	1_h	0	0.0012945326377939654	0.00753414862927831	0.0
chr1:173977345	4_lc	0	0.0012530994826191542	0.009983568238459525	0.0
chr1:173977345	3_ec	0	0.0006426199357759742	0.004845104834206974	0.0
chr1:173977345	2_ad	0	0.00041070343759863956	0.0014890147733861987	0.0
chr1:173977345	1_h	0	0.0013915142763503208	0.010182968460591028	0.0
chr1:173977346	4_lc	0	0.0012218515513109417	0.010125652742562139	0.0
chr1:173977346	3_ec	0	0.0006598430926735561	0.006627668190371114	0.0
chr1:173977346	2_ad	0	0.0006022841915884034	0.01017278118225218	0.0
chr1:173977346	1_h	0	0.0012646158927453253	0.006535900947048446	0.0
chr1:174027285	4_lc	0	0.0012371329192386329	0.011391765182557436	0.0
chr1:174027285	3_ec	0	0.0007538255536467254	0.011654482364690223	0.0
chr1:174027285	2_ad	0	0.0004585290239295145	0.005974261258807961	0.0
chr1:174027285	1_h	0	0.0012959021950879484	0.009511439790558828	0.0
chr1:174027320	4_lc	0	0.0012702636060678589	0.010512461204401113	0.0
chr1:174027320	3_ec	0	0.0006914825942267885	0.006827469659509363	0.0
chr1:174027320	2_ad	0	0.0004975713527777665	0.009721318935228929	0.0
chr1:174027320	1_h	0	0.0012829281907105544	0.007025992766653915	0.0
chr1:174028272	4_lc	0	0.0012248892238309193	0.010339123161895097	0.0
chr1:174028272	3_ec	0	0.0006495469201821705	0.005591518488187407	0.0
chr1:174028272	2_ad	0	0.0004610192061606323	0.006193767472945399	0.0
chr1:174028272	1_h	0	0.001334398160812952	0.008727720706859857	0.0
chr1:174042217	4_lc	0	0.0012708357484374935	0.011268440325438021	0.0
chr1:174042217	3_ec	0	0.0007269410377043272	0.00957761247091735	0.0
chr1:174042217	2_ad	0	0.00046842178320591213	0.0068059252714020675	0.0
chr1:174042217	1_h	0	0.0013756956953819813	0.010301889984718359	0.0
chr1:174042510	4_lc	0	0.0011800122078206466	0.007202329055038033	0.0
chr1:174042510	3_ec	0	0.0007226880730846303	0.009139454815781337	0.0
chr1:174042510	2_ad	0	0.0004791962393029864	0.005882933483753801	0.0
chr1:174042510	1_h	0	0.0013873895745977396	0.010128319344081206	0.0
chr1:174042763	4_lc	0	0.0013793488324082182	0.01352006821674026	0.0
chr1:174042763	3_ec	0	0.0005966560377129588	0.0014401208081200128	0.0
chr1:174042763	2_ad	0	0.0005107191598829711	0.007639019754227411	0.0
chr1:174042763	1_h	0	0.0012865038034526595	0.00862186101591087	0.0
chr1:174050519	4_lc	0	0.0012333000345330334	0.011394544928247758	0.0
chr1:174050519	3_ec	0	0.0006434431962286743	0.004437390952109792	0.0
chr1:174050519	2_ad	0	0.0004279746457183517	0.00256193837285635	0.0
chr1:174050519	1_h	0	0.00128367014121295	0.009050995655140535	0.0
chr1:174051310	4_lc	0	0.0011705392000965049	0.007040732344612502	0.0
chr1:174051310	3_ec	0	0.0006732153749010174	0.008325978267400249	0.0
chr1:174051310	2_ad	0	0.0008595615916134864	0.01516980876365378	0.0
chr1:174051310	1_h	0	0.001455621833426439	0.012901846157803558	0.0
chr1:174069533	4_lc	0	0.0011392656722889996	0.0059828159441650455	0.0
chr1:174069533	3_ec	0	0.0007881182692890147	0.012039871719781613	0.0
chr1:174069533	2_ad	0	0.0005680810905765182	0.011264278597598714	0.0
chr1:174069533	1_h	0	0.001222464049418002	0.00529869845407397	0.0
chr1:174089147	4_lc	0	0.0011630194892240033	0.00652709158172186	0.0
chr1:174089147	3_ec	0	0.0007211694956256404	0.009462744487688848	0.0
chr1:174089147	2_ad	0	0.000566600001310744	0.010919524758930188	0.0
chr1:174089147	1_h	0	0.0013819800889160003	0.009999565264215022	0.0
chr1:174099583	4_lc	0	0.001366331365057938	0.012480302468158731	0.0
chr1:174099583	3_ec	0	0.0007690168132654438	0.010056444930448856	0.0
chr1:174099583	2_ad	0	0.0006000024919784495	0.011882523436794103	0.0
chr1:174099583	1_h	0	0.0016243453364452225	0.014364464288664513	0.0
chr1:174099589	4_lc	0	0.0014031494561680873	0.014667565203893668	0.0
chr1:174099589	3_ec	0	0.000762213227428658	0.00970360920378841	0.0
chr1:174099589	2_ad	0	0.0005200296489469274	0.007604370322406283	0.0
chr1:174099589	1_h	0	0.001736868839827511	0.016780266144375024	0.0
chr1:174099602	4_lc	0	0.0012857820132129328	0.011620177408154634	0.0
chr1:174099602	3_ec	0	0.0007736107046409065	0.010485047839339597	0.0
chr1:174099602	2_ad	0	0.0005890948758557128	0.011014216833038649	0.0
chr1:174099602	1_h	0	0.0012461559108624116	0.006264185986317155	0.0
chr1:174099842	4_lc	0	0.0011550702129425544	0.006252412995594736	0.0
chr1:174099842	3_ec	0	0.0007227078233577072	0.009690446154824062	0.0
chr1:174099842	2_ad	0	0.0004990315615987051	0.00815411069989754	0.0
chr1:174099842	1_h	0	0.0015014280906611274	0.013370154143813612	0.0
chr1:174099904	4_lc	0	0.0013312691900326861	0.011332056350249605	0.0
chr1:174099904	3_ec	0	0.0006047741314837508	0.0016641475166914203	0.0
chr1:174099904	2_ad	0	0.0005410896779891803	0.008441879276393198	0.0
chr1:174099904	1_h	0	0.0012905197749073732	0.007361839938759603	0.0
chr1:174100009	4_lc	0	0.001343560882671209	0.013565429468972722	0.0
chr1:174100009	3_ec	0	0.000662295031378581	0.006780656911712279	0.0
chr1:174100009	2_ad	0	0.0004608394379686156	0.006082423495166252	0.0
chr1:174100009	1_h	0	0.0012349530902628439	0.005500344658522062	0.0
chr1:174100057	4_lc	0	0.0012914742376772229	0.012514793512406563	0.0
chr1:174100057	3_ec	0	0.0007411824180918484	0.010914953637067801	0.0
chr1:174100057	2_ad	0	0.0005530676591571004	0.011157454986580585	0.0
chr1:174100057	1_h	0	0.0012912273874309988	0.007406622609486172	0.0
chr1:174100309	4_lc	0	0.001214352493728926	0.00950456479925974	0.0
chr1:174100309	3_ec	0	0.0007062348932491806	0.00790379394201332	0.0
chr1:174100309	2_ad	0	0.0005487787527076145	0.00878212385105071	0.0
chr1:174100309	1_h	0	0.0015208245567773428	0.014099436867365549	0.0
chr1:174117696	4_lc	0	0.0011872244167196514	0.007667110806233298	0.0
chr1:174117696	3_ec	0	0.0006791222010303765	0.00888781305588899	0.0
chr1:174117696	2_ad	0	0.0005734260844125005	0.011477776948322702	0.0
chr1:174117696	1_h	0	0.0013846595964125015	0.011627806259863234	0.0
chr1:174136762	4_lc	0	0.0016490931296290637	0.01817272244867286	0.0
chr1:174136762	3_ec	0	0.0006168255081007866	0.0024477251871795253	0.0
chr1:174136762	2_ad	0	0.0005744947665731387	0.009159147394651393	0.0
chr1:174136762	1_h	0	0.0015153637195539221	0.014135088530738192	0.0
chr1:174136992	4_lc	0	0.001291866695475357	0.012851567115370534	0.0
chr1:174136992	3_ec	0	0.0006101556574271541	0.0023122118672014723	0.0
chr1:174136992	2_ad	0	0.000534276351805115	0.008244802823280438	0.0
chr1:174136992	1_h	0	0.0012980002415807054	0.008100000689769701	0.0
chr1:174137174	4_lc	0	0.00116560117710931	0.006648057427425279	0.0
chr1:174137174	3_ec	0	0.0006850560402684364	0.006815399615971442	0.0
chr1:174137174	2_ad	0	0.0005328347399579084	0.008357571402535726	0.0
chr1:174137174	1_h	0	0.0012863824673927924	0.007475756093909538	0.0
chr1:174159625	4_lc	0	0.0012205991632740967	0.009991537442401895	0.0
chr1:174159625	3_ec	0	0.0007332041144605959	0.00999890539275151	0.0
chr1:174159625	2_ad	0	0.00044020907364682556	0.00414000696747942	0.0
chr1:174159625	1_h	0	0.0013093239922809818	0.008015791484657486	0.0
chr1:174198368	4_lc	0	0.001450511483802666	0.014260100257191839	0.0
chr1:174198368	3_ec	0	0.0007549229057730734	0.009420976419333683	0.0
chr1:174198368	2_ad	0	0.0010132789496622976	0.01804750741353229	0.0
chr1:174198368	1_h	0	0.001527866972087479	0.01244225448395473	0.0
chr1:174207137	4_lc	0	0.0012434478144984923	0.009661681571413951	0.0
chr1:174207137	3_ec	0	0.0007539988029710197	0.009579964653424566	0.0
chr1:174207137	2_ad	0	0.0007701248156803217	0.01360666944466678	0.0
chr1:174207137	1_h	0	0.0013326582137670987	0.008803350498103883	0.0
chr1:174214134	4_lc	0	0.0012013275745477831	0.00879295293961016	0.0
chr1:174214134	3_ec	0	0.0006023342967831646	0.001739951868447986	0.0
chr1:174214134	2_ad	0	0.0004615487477900887	0.00474027929398211	0.0
chr1:174214134	1_h	0	0.0013929732280971142	0.012289862104383799	0.0
chr1:174240192	4_lc	0	0.0012150913218088913	0.00958372246701778	0.0
chr1:174240192	3_ec	0	0.000772100113084827	0.01051599961052275	0.0
chr1:174240192	2_ad	0	0.0005000114139980807	0.007182746685956081	0.0
chr1:174240192	1_h	0	0.00134620558614451	0.01096690048922547	0.0
chr1:174249989	4_lc	0	0.001242313369881246	0.00935232032885064	0.0
chr1:174249989	3_ec	0	0.0006871583109853414	0.009569472114492786	0.0
chr1:174249989	2_ad	0	0.0005033432171450827	0.006513074040270237	0.0
chr1:174249989	1_h	0	0.0015198216446471555	0.014192696416091085	0.0
chr1:174250364	4_lc	0	0.0013180804461899003	0.011176201307903966	0.0
chr1:174250364	3_ec	0	0.0006821723113337074	0.006443910539850411	0.0
chr1:174250364	2_ad	0	0.0004949216220167474	0.0067619968911548575	0.0
chr1:174250364	1_h	0	0.0014885672746468759	0.01227481405714058	0.0
chr1:174330630	4_lc	0	0.0012545735879776667	0.009551599455266289	0.0
chr1:174330630	3_ec	0	0.0006626941622419279	0.00571431117237115	0.0
chr1:174330630	2_ad	0	0.00046873411489635936	0.005295004048701958	0.0
chr1:174330630	1_h	0	0.0012214504533685545	0.005232368508456387	0.0
chr1:174332767	4_lc	0	0.0013380295175849854	0.013065274682006864	0.0
chr1:174332767	3_ec	0	0.0006091654348722545	0.0019262300323950254	0.0
chr1:174332767	2_ad	0	0.0005150760042347971	0.008235541064742648	0.0
chr1:174332767	1_h	0	0.0012930662563899044	0.007667580076817219	0.0
chr1:174369670	4_lc	0	0.0012067929363076683	0.00837208870175844	0.0
chr1:174369670	3_ec	0	0.0007077272924551758	0.008328776701253265	0.0
chr1:174369670	2_ad	0	0.000425313681654153	0.0024872851664001086	0.0
chr1:174369670	1_h	0	0.00138944196857285	0.010373660356363314	0.0
chr1:174391176	4_lc	0	0.0011516123002549476	0.006165676121814151	0.0
chr1:174391176	3_ec	0	0.0006996584359735242	0.007817990983645655	0.0
chr1:174391176	2_ad	0	0.0005470261619989918	0.008075830359859136	0.0
chr1:174391176	1_h	0	0.0013344074152405801	0.010659334101482433	0.0
chr1:174391779	4_lc	0	0.0012395504463947001	0.009293970414630419	0.0
chr1:174391779	3_ec	0	0.000641566551570025	0.004910732986636134	0.0
chr1:174391779	2_ad	0	0.0005521156678854987	0.00976238529492961	0.0
chr1:174391779	1_h	0	0.0013582302025919306	0.012184722889640284	0.0
chr1:174391896	4_lc	0	0.0012826283553200159	0.01183594299311714	0.0
chr1:174391896	3_ec	0	0.0006277266383948447	0.003544900362953348	0.0
chr1:174391896	2_ad	0	0.00048753882494335715	0.006348747196504692	0.0
chr1:174391896	1_h	0	0.0012744500760621647	0.007245219762064877	0.0
chr1:174391965	4_lc	0	0.0012138123195767716	0.011002406620041006	0.0
chr1:174391965	3_ec	0	0.0006551364365778892	0.007722440228859868	0.0
chr1:174391965	2_ad	0	0.0005180299230630936	0.007195560134172994	0.0
chr1:174391965	1_h	0	0.0016438690063433447	0.014634069608622282	0.0
chr1:174431342	4_lc	0	0.0013142416220683606	0.011280959366003008	0.0
chr1:174431342	3_ec	0	0.0006540320300691023	0.005222387559905781	0.0
chr1:174431342	2_ad	0	0.0006369150326351991	0.011133121367860209	0.0
chr1:174431342	1_h	0	0.0014416619419891589	0.012788671237027531	0.0
chr1:174502143	4_lc	0	0.0012069821874666333	0.009216943662008013	0.0
chr1:174502143	3_ec	0	0.0006536859886732504	0.0063590780840565705	0.0
chr1:174502143	2_ad	0	0.0004892865272058798	0.007175747883279668	0.0
chr1:174502143	1_h	0	0.0013086091050346698	0.008538278891155066	0.0
chr1:174503087	4_lc	0	0.0011568351413458586	0.006307244722204735	0.0
chr1:174503087	3_ec	0	0.0006566275094874677	0.0057731554623989025	0.0
chr1:174503087	2_ad	0	0.00041352159080162325	0.0016072670688742018	0.0
chr1:174503087	1_h	0	0.001303521815231102	0.008501200474394023	0.0
chr1:174503160	4_lc	0	0.0011708385037855426	0.006895528145869406	0.0
chr1:174503160	3_ec	0	0.0006392441249026484	0.004347109016141643	0.0
chr1:174503160	2_ad	0	0.0005023634997726946	0.006509802157056564	0.0
chr1:174503160	1_h	0	0.0013005207673884322	0.00838336427688885	0.0
chr1:174503334	4_lc	0	0.0011575671041413739	0.007121170542209258	0.0
chr1:174503334	3_ec	0	0.0006633585255163612	0.005649125077580597	0.0
chr1:174503334	2_ad	0	0.0004216316035206179	0.0018718892549846166	0.0
chr1:174503334	1_h	0	0.001551303485961876	0.013611834844390238	0.0
chr1:174503339	4_lc	0	0.0012537961172518115	0.01049383560588594	0.0
chr1:174503339	3_ec	0	0.000700902875831797	0.008084861030674736	0.0
chr1:174503339	2_ad	0	0.00047192375114350743	0.005660123137034733	0.0
chr1:174503339	1_h	0	0.0015690978758914986	0.01501125497411891	0.0
chr1:174608698	4_lc	0	0.0011888001449949798	0.007727542541569059	0.0
chr1:174608698	3_ec	0	0.0006399946609950016	0.004316724631666156	0.0
chr1:174608698	2_ad	0	0.00047698132090115354	0.005930912325377567	0.0
chr1:174608698	1_h	0	0.0013947643687358762	0.012042853906745242	0.0
chr1:174609889	4_lc	0	0.001337064535487051	0.012565737537629908	0.0
chr1:174609889	3_ec	0	0.0007264427435031731	0.009598693999826866	0.0
chr1:174609889	2_ad	0	0.000696903642972164	0.013397813983853984	0.0
chr1:174609889	1_h	0	0.0013868450145961386	0.011891863412938911	0.0
chr1:175609646	4_lc	0	0.0012320346012567834	0.009182449624251235	0.0
chr1:175609646	3_ec	0	0.0007230993887805813	0.0079194207196009	0.0
chr1:175609646	2_ad	0	0.0005279524004785563	0.007439108759908642	0.0
chr1:175609646	1_h	0	0.0013090858323088093	0.008770225332100805	0.0
chr1:176782254	4_lc	4	0.002529226607712151	0.005260110415556659	0.0
chr1:176782254	3_ec	4	0.0017003941937847075	0.0031372549769831774	0.0
chr1:176782254	2_ad	4	0.0022525235007946442	0.005418834920829399	0.0
chr1:176782254	1_h	4	0.45369893987345683	0.07750412529581702	0.3511450381679389
chr1:176826202	4_lc	4	0.0025205413058175187	0.0033752597103379723	0.0
chr1:176826202	3_ec	4	0.0017035556274320126	0.0034972881286429963	0.0
chr1:176826202	2_ad	4	0.002282457774811882	0.009856135652668583	0.0
chr1:176826202	1_h	4	0.45405350437863473	0.07807728369765028	0.3560606060606061
chr1:176840343	4_lc	4	0.00275073302851802	0.0060322040695515505	0.0
chr1:176840343	3_ec	4	0.0018050169029261395	0.010125158348070274	0.0
chr1:176840343	2_ad	4	0.0021573231459040138	0.009116087956778048	0.0
chr1:176840343	1_h	4	0.462914942160411	0.06352699771359109	0.4631578947368421
chr1:179043861	4_lc	4	0.002544864794060795	0.008068184455649025	0.0
chr1:179043861	3_ec	4	0.0017446081686890071	0.008600039483826372	0.0
chr1:179043861	2_ad	4	0.002263741634444957	0.00805752276923355	0.0
chr1:179043861	1_h	4	0.4471297646724035	0.09369728429849908	0.2796610169491525
chr1:179609803	4_lc	4	0.0022582225629669047	0.004289564262663771	0.0
chr1:179609803	3_ec	4	0.0014634632941160212	0.003497022128113317	0.0
chr1:179609803	2_ad	4	0.0018568348807119694	0.009540768355915923	0.0
chr1:179609803	1_h	4	0.3566609194479368	0.19674250626232337	0.11952191235059761
chr1:179748643	4_lc	4	0.002577622255911084	0.004947618529410439	0.0
chr1:179748643	3_ec	4	0.001760272512242742	0.00893149375366483	0.0
chr1:179748643	2_ad	4	0.002178197320640273	0.004592396129075646	0.0
chr1:179748643	1_h	4	0.45725820966492153	0.07120345244185293	0.39429928741092635
chr1:179752948	4_lc	4	0.0027835312205010043	0.008642248856931196	0.0
chr1:179752948	3_ec	4	0.0017656400946427673	0.006476798742052249	0.0
chr1:179752948	2_ad	4	0.002086144072076101	0.0038503445902323572	0.0
chr1:179752948	1_h	4	0.46187077116099945	0.06686037469319638	0.4562899786780384
chr1:179753766	4_lc	4	0.0027909038836223293	0.01000292050563097	0.0
chr1:179753766	3_ec	4	0.0017699188495106546	0.006834705168956494	0.0
chr1:179753766	2_ad	4	0.002093428413833454	0.00453925260414697	0.0
chr1:179753766	1_h	4	0.4611020254179279	0.06911239720946953	0.44924406047516197
chr1:179762572	4_lc	4	0.002505129058190218	0.004676721178910224	0.0
chr1:179762572	3_ec	4	0.0017514934737153172	0.008732740499205959	0.0
chr1:179762572	2_ad	4	0.002262803907054359	0.006870260784081544	0.0
chr1:179762572	1_h	4	0.4487324883390785	0.08983532876031086	0.3
chr1:179763595	4_lc	4	0.0025530263263177193	0.005608853900239755	0.0
chr1:179763595	3_ec	4	0.0017528248619503276	0.007645744781694229	0.0
chr1:179763595	2_ad	4	0.002290973061551516	0.008937170251433762	0.0
chr1:179763595	1_h	4	0.4560882240851868	0.07149726962042752	0.375
chr1:180084420	4_lc	4	0.0022674470205964864	0.006724271528921294	0.0
chr1:180084420	3_ec	4	0.001605516685693864	0.011526299321831206	0.0
chr1:180084420	2_ad	4	0.0020478626581054275	0.012461072480631281	0.0
chr1:180084420	1_h	4	0.3644813786943876	0.19161607204751274	0.12
chr1:180333341	4_lc	4	0.002827720098376001	0.010717580826758437	0.0
chr1:180333341	3_ec	4	0.0017331983331687162	0.0034073089795637742	0.0
chr1:180333341	2_ad	4	0.0021552016095640475	0.006605962614138688	0.0
chr1:180333341	1_h	4	0.4614261312586875	0.0670284122945225	0.4420131291028446
chr1:180333680	4_lc	4	0.002601148226172579	0.006399141291394282	0.0
chr1:180333680	3_ec	4	0.0016846840636790276	0.002239843056944556	0.0
chr1:180333680	2_ad	4	0.002210831414448566	0.00689908772620918	0.0
chr1:180333680	1_h	4	0.4581062050285591	0.06960607379765309	0.39858490566037735
chr1:181055314	4_lc	4	0.0025726218430085733	0.004847386272118797	0.0
chr1:181055314	3_ec	4	0.0017612873407111976	0.008655247342911917	0.0
chr1:181055314	2_ad	4	0.002231398283075854	0.006370579277177906	0.0
chr1:181055314	1_h	4	0.45824044342536835	0.06787540716688507	0.4028103044496487
chr1:181117471	4_lc	4	0.0027908531329477867	0.008203461151453394	0.0
chr1:181117471	3_ec	4	0.0017352983959042	0.003275200647779275	0.0
chr1:181117471	2_ad	4	0.0020593476480292804	0.00321178867853986	0.0
chr1:181117471	1_h	4	0.46333643657817286	0.06294028268756363	0.5
chr1:181409714	4_lc	4	0.0027591845992322363	0.005716192791413459	0.0
chr1:181409714	3_ec	4	0.0017168350147064974	0.0022618919765276203	0.0
chr1:181409714	2_ad	4	0.002137731364386282	0.008428509416648751	0.0
chr1:181409714	1_h	4	0.4634514322817996	0.06235859101200691	0.4698544698544699
chr1:181831695	4_lc	4	0.0025087033919302263	0.007285235835569567	0.0
chr1:181831695	3_ec	4	0.0017215696310556349	0.00831931584441558	0.0
chr1:181831695	2_ad	4	0.00220221543294018	0.006555614350023703	0.0
chr1:181831695	1_h	4	0.43617319718686176	0.11505915891847816	0.23423423423423423
chr1:184801966	4_lc	4	0.0026093310425659684	0.006580935137247629	0.0
chr1:184801966	3_ec	4	0.001816417328977539	0.010543910801504904	0.0
chr1:184801966	2_ad	4	0.002249680135767276	0.00978951939919259	0.0
chr1:184801966	1_h	4	0.45725878270593084	0.07201229270574572	0.39858490566037735
chr1:184804018	4_lc	4	0.002742921210165679	0.005157312003616573	0.0
chr1:184804018	3_ec	4	0.0017132598440294988	0.0024617878522688475	0.0
chr1:184804018	2_ad	4	0.0021195295657536074	0.007705108061706421	0.0
chr1:184804018	1_h	4	0.4619107877905947	0.06786463934879847	0.48897795591182364
chr1:184841383	4_lc	4	0.0025284587720487083	0.0034811240352056617	0.0
chr1:184841383	3_ec	4	0.0017732732404983685	0.009666239445391177	0.0
chr1:184841383	2_ad	4	0.0022982319169181508	0.011046973957600037	0.0
chr1:184841383	1_h	4	0.45672836065831923	0.07091225695496671	0.3765281173594132
chr1:185259500	4_lc	4	0.002755529167321102	0.006155725150692398	0.0
chr1:185259500	3_ec	4	0.0017727355777774974	0.006811624830517248	0.0
chr1:185259500	2_ad	4	0.0020929297174400565	0.004429509152980995	0.0
chr1:185259500	1_h	4	0.46256781602709507	0.06507569414279923	0.4698544698544699
chr1:185260433	4_lc	4	0.0027288528728082076	0.004812555726209657	0.0
chr1:185260433	3_ec	4	0.001751467873853973	0.004308772977511593	0.0
chr1:185260433	2_ad	4	0.0020759699717826214	0.004013246105347542	0.0
chr1:185260433	1_h	4	0.4630853412384905	0.06372559676745887	0.5
chr1:185263644	4_lc	4	0.0025698640758052347	0.006228179373154224	0.0
chr1:185263644	3_ec	4	0.0017754087652660211	0.010098043825085402	0.0
chr1:185263644	2_ad	4	0.002260096089054507	0.0076590100866071285	0.0
chr1:185263644	1_h	4	0.4570641405799278	0.06987731068665472	0.39429928741092635
chr1:185352198	4_lc	4	0.002726864833584857	0.005706366174801594	0.0
chr1:185352198	3_ec	4	0.0017478387858544597	0.004936692000956565	0.0
chr1:185352198	2_ad	4	0.0021666155728803085	0.00825245318179298	0.0
chr1:185352198	1_h	4	0.4621524223290581	0.06408995252331803	0.44924406047516197
chr1:185352276	4_lc	4	0.002679879381202831	0.004466623895799656	0.0
chr1:185352276	3_ec	4	0.0017901754232556005	0.008980822918836008	0.0
chr1:185352276	2_ad	4	0.0021837262306388734	0.010060628017859221	0.0
chr1:185352276	1_h	4	0.4604759911145645	0.06931003456895986	0.42953020134228187
chr1:185370937	4_lc	4	0.0026530174217693054	0.008714368430050261	0.0
chr1:185370937	3_ec	4	0.001715626326786318	0.004885578240352369	0.0
chr1:185370937	2_ad	4	0.0021939509014343803	0.005040335935965232	0.0
chr1:185370937	1_h	4	0.458019726477716	0.06889664222108519	0.39429928741092635
chr1:185373044	4_lc	4	0.0024944864313058064	0.004950774729294639	0.0
chr1:185373044	3_ec	4	0.0016469281194582018	0.0020714455365346035	0.0
chr1:185373044	2_ad	4	0.0021785926487008092	0.005311746197356661	0.0
chr1:185373044	1_h	4	0.43809389971297524	0.11190633703255189	0.24107142857142858
chr1:185397169	4_lc	4	0.0025073703069263572	0.009793811163079617	0.0
chr1:185397169	3_ec	4	0.0016436204651832757	0.0031762937212570295	0.0
chr1:185397169	2_ad	4	0.0021995714371487894	0.009610703550349455	0.0
chr1:185397169	1_h	4	0.42922978544839163	0.12671187595874986	0.205607476635514
chr1:186100241	4_lc	4	0.0026092753055056085	0.008947742436298117	0.0
chr1:186100241	3_ec	4	0.0016938248291828194	0.0027800375126528017	0.0
chr1:186100241	2_ad	4	0.002248749137236736	0.005390057117061543	0.0
chr1:186100241	1_h	4	0.45484494595102604	0.07503225612109801	0.3511450381679389
chr1:186114285	4_lc	4	0.002761549970126175	0.006200667273448744	0.0
chr1:186114285	3_ec	4	0.0017822629439920813	0.007967129409802605	0.0
chr1:186114285	2_ad	4	0.002099648374133963	0.005771171257414748	0.0
chr1:186114285	1_h	4	0.4621012117081974	0.06694916483865723	0.4720496894409938
chr1:186739660	4_lc	4	0.0023264554564217353	0.006122931650250088	0.0
chr1:186739660	3_ec	4	0.0015420376889476188	0.004252307160903797	0.0
chr1:186739660	2_ad	4	0.0019589309111641305	0.005020670578682805	0.0
chr1:186739660	1_h	4	0.38555583400934873	0.17533249153213573	0.14181818181818182
chr1:186739764	4_lc	4	0.0026548118131814	0.008280972144485138	0.0
chr1:186739764	3_ec	4	0.0017767307349900753	0.009282117606242264	0.0
chr1:186739764	2_ad	4	0.002167973791488273	0.005230676222175654	0.0
chr1:186739764	1_h	4	0.45835208602956135	0.07032434691442975	0.4151376146788991
chr1:188576187	4_lc	4	0.0027344576164975774	0.004863153205080058	0.0
chr1:188576187	3_ec	4	0.0017538173984067938	0.004362988838501094	0.0
chr1:188576187	2_ad	4	0.002183725991921771	0.009814904580042588	0.0
chr1:188576187	1_h	4	0.46268646652043555	0.06513164308796884	0.4827586206896552
chr1:188626705	4_lc	4	0.00279874262612941	0.009120056711572531	0.0
chr1:188626705	3_ec	4	0.0017174165093053943	0.0022892680556879054	0.0
chr1:188626705	2_ad	4	0.002138305343054934	0.008845306561816452	0.0
chr1:188626705	1_h	4	0.46270444143912354	0.06505510534974147	0.4827586206896552
chr1:188628608	4_lc	4	0.0026586175336674104	0.009050968661314853	0.0
chr1:188628608	3_ec	4	0.001695026058349292	0.002516587966490858	0.0
chr1:188628608	2_ad	4	0.002289831013070004	0.009257806234542764	0.0
chr1:188628608	1_h	4	0.45694565231770856	0.0700831856273792	0.3765281173594132
chr1:188628654	4_lc	4	0.0025593935689040767	0.008800920151716823	0.0
chr1:188628654	3_ec	4	0.0016824487377660234	0.002141551077667863	0.0
chr1:188628654	2_ad	4	0.0023689785304417373	0.010614963934361772	0.0
chr1:188628654	1_h	4	0.45303599940766387	0.07950071644367329	0.33070866141732286
chr1:188633717	4_lc	4	0.0024854373114951873	0.0071668089500095305	0.0
chr1:188633717	3_ec	4	0.0016432279862238109	0.003680951877848192	0.0
chr1:188633717	2_ad	4	0.0021266111177863484	0.004910276323931707	0.0
chr1:188633717	1_h	4	0.4300393288743426	0.12495884226554688	0.21296296296296297
chr1:188864735	4_lc	4	0.002799842348744393	0.00802574597319773	0.0
chr1:188864735	3_ec	4	0.0017454015994589895	0.0042686688255520995	0.0
chr1:188864735	2_ad	4	0.0021147954824033443	0.005981029410773469	0.0
chr1:188864735	1_h	4	0.4619353256147801	0.06662301763839903	0.4631578947368421
chr1:26687400	4_lc	0	0.001293851111036257	0.012618705315420451	0.0
chr1:26687400	3_ec	0	0.0007499528343920665	0.011342173731068725	0.0
chr1:26687400	2_ad	0	0.0006299871965220393	0.01097958994165271	0.0
chr1:26687400	1_h	0	0.0014569764948076085	0.0122725119246839	0.0
chr1:85099620	4_lc	0	0.001265747830069329	0.010267331893209579	0.0
chr1:85099620	3_ec	0	0.0006876166476481837	0.006523809488358815	0.0
chr1:85099620	2_ad	0	0.0004303627630087192	0.0028853774371533597	0.0
chr1:85099620	1_h	0	0.0014203433268790966	0.012501666734020409	0.0
chr1:85247131	4_lc	0	0.0011887757274769188	0.007691366599663867	0.0
chr1:85247131	3_ec	0	0.0006256106063377555	0.003268360477397028	0.0
chr1:85247131	2_ad	0	0.000691210108686048	0.013343099314129693	0.0
chr1:85247131	1_h	0	0.0013551862432234125	0.009660724848483149	0.0
chr1:85270052	4_lc	0	0.0012245106313937993	0.010539294336600636	0.0
chr1:85270052	3_ec	0	0.0007707132820446215	0.010535915470393467	0.0
chr1:85270052	2_ad	0	0.0005543723004714902	0.009961376042803073	0.0
chr1:85270052	1_h	0	0.001349787460438436	0.009691458405047112	0.0
chr1:85584926	4_lc	0	0.0014783831717773046	0.014460103599084083	0.0
chr1:85584926	3_ec	0	0.0007378584312773448	0.010203131171050274	0.0
chr1:85584926	2_ad	0	0.0005682340181162223	0.00917067425696284	0.0
chr1:85584926	1_h	0	0.0015872297768187926	0.014379678102408184	0.0
chr1:85584939	4_lc	1	0.5546093646243481	0.07003927484914946	0.34782608695652173
chr1:85584939	3_ec	1	0.5450968214973567	0.07267335967838623	0.18900343642611683
chr1:85584939	2_ad	1	0.5522080181493746	0.06906610286693968	0.3342036553524804
chr1:85584939	1_h	1	0.550319026185061	0.07333015278881247	0.3795620437956204
chr1:85586250	4_lc	0	0.0012194116020244397	0.00985466825905283	0.0
chr1:85586250	3_ec	0	0.0006509959213823955	0.005548273965918717	0.0
chr1:85586250	2_ad	0	0.00048579166721638903	0.006376691856020264	0.0
chr1:85586250	1_h	0	0.0015168782860295216	0.013724130124905561	0.0
chr1:85586254	4_lc	0	0.0012620063003908597	0.01051774518000214	0.0
chr1:85586254	3_ec	0	0.0006922258106710995	0.009791814493738617	0.0
chr1:85586254	2_ad	0	0.0005175068072524653	0.007474149405927202	0.0
chr1:85586254	1_h	0	0.0012563683020114021	0.006491727424978282	0.0
chr1:85586281	4_lc	0	0.0012927686350670202	0.011557447246708487	0.0
chr1:85586281	3_ec	0	0.0007685948003556045	0.009303818511130867	0.0
chr1:85586281	2_ad	0	0.0007837822334603921	0.013678606135177586	0.0
chr1:85586281	1_h	0	0.0013204163892262374	0.008501483571239565	0.0
chr1:85587494	4_lc	0	0.001352899663733223	0.012280790891234468	0.0
chr1:85587494	3_ec	0	0.0006960998119986769	0.0072780447653312905	0.0
chr1:85587494	2_ad	0	0.0005612175717544567	0.009330375711654232	0.0
chr1:85587494	1_h	0	0.0013496668999351021	0.009321880250075746	0.0
chr1:85591555	4_lc	1	0.561980194939012	0.07949107799344282	0.5
chr1:85591555	3_ec	1	0.556738461082979	0.07173005877732468	0.5
chr1:85591555	2_ad	1	0.5525760919735809	0.060173367466318115	0.5
chr1:85591555	1_h	1	0.5478157452509327	0.06510897386000634	0.5
chr1:85591619	4_lc	0	0.0012562503260261434	0.010163017767949855	0.0
chr1:85591619	3_ec	0	0.0006650485424753243	0.005347867131147109	0.0
chr1:85591619	2_ad	0	0.00042818811137359863	0.003003566285167285	0.0
chr1:85591619	1_h	0	0.0013608192609665217	0.011815745144800743	0.0
chr1:85595989	4_lc	0	0.0014417171947747403	0.014597784420734509	0.0
chr1:85595989	3_ec	0	0.0007080680359843865	0.007930672932990523	0.0
chr1:85595989	2_ad	0	0.0006742442864965148	0.01205440107356317	0.0
chr1:85595989	1_h	0	0.0015150593781689465	0.013627130960947592	0.0
chr1:85601172	4_lc	0	0.001266087761060727	0.011015112641215229	0.0
chr1:85601172	3_ec	0	0.00064357243488658	0.005326468246151624	0.0
chr1:85601172	2_ad	0	0.00045495313931463943	0.004172690295030396	0.0
chr1:85601172	1_h	0	0.0014678999932254402	0.013351610706648687	0.0
chr1:85615212	4_lc	0	0.001221762778514283	0.008466562776952576	0.0
chr1:85615212	3_ec	0	0.0006262373407201549	0.0033715808875743962	0.0
chr1:85615212	2_ad	0	0.0005385798717010727	0.008350527682474317	0.0
chr1:85615212	1_h	0	0.0012819255743521073	0.007093643913050808	0.0
chr1:85621656	4_lc	0	0.001180794658714868	0.007237107332209324	0.0
chr1:85621656	3_ec	0	0.0006786291774087343	0.006459688803307253	0.0
chr1:85621656	2_ad	0	0.0004830410309556096	0.006218230813521494	0.0
chr1:85621656	1_h	0	0.0013415196029023485	0.010418116176331437	0.0
chr1:85643221	4_lc	0	0.001263303126965043	0.011271147321889117	0.0
chr1:85643221	3_ec	0	0.0008767922578671447	0.012301552260881544	0.0
chr1:85643221	2_ad	0	0.0008593111402033622	0.015132261160281142	0.0
chr1:85643221	1_h	0	0.0014001675409487132	0.010272589037386542	0.0
chr1:88212093	4_lc	0	0.0012519569158567067	0.009911144494092972	0.0
chr1:88212093	3_ec	0	0.0007483439532236673	0.011236893634563264	0.0
chr1:88212093	2_ad	0	0.0005927442679039264	0.011736292157051574	0.0
chr1:88212093	1_h	0	0.0013103126249986445	0.0077676919241735625	0.0
chr1:88212141	4_lc	0	0.0012282138995627122	0.008897390542520395	0.0
chr1:88212141	3_ec	0	0.0006119482823264241	0.0024342121346109117	0.0
chr1:88212141	2_ad	0	0.0005267426682680326	0.007947568699584597	0.0
chr1:88212141	1_h	0	0.0013038115594156	0.008360266690793478	0.0
chr1:88212317	4_lc	0	0.0011892125106177664	0.007739385800259585	0.0
chr1:88212317	3_ec	0	0.0006016976299376783	0.0015551691552383785	0.0
chr1:88212317	2_ad	0	0.00042376107209329204	0.0026776057404344147	0.0
chr1:88212317	1_h	0	0.001265448560346235	0.007086725095774724	0.0
chr1:88212696	4_lc	0	0.0014352314874120614	0.01422606908119841	0.0
chr1:88212696	3_ec	0	0.0007398297656333522	0.008599897410573829	0.0
chr1:88212696	2_ad	0	0.0004076031134573287	0.0013197423830395068	0.0
chr1:88212696	1_h	0	0.0012342894565900882	0.005620652233194057	0.0
chr1:88212740	4_lc	0	0.0013190800106998607	0.011288465210344548	0.0
chr1:88212740	3_ec	0	0.0008260411318290668	0.01174734352281672	0.0
chr1:88212740	2_ad	0	0.00044534538261703244	0.004170226674673256	0.0
chr1:88212740	1_h	0	0.0013332661394860326	0.008897461757558392	0.0
chr1:88215174	4_lc	0	0.0015164970038619903	0.016408498826421612	0.0
chr1:88215174	3_ec	0	0.0008758068391840859	0.01296730510546583	0.0
chr1:88215174	2_ad	0	0.0007884322466283761	0.01405613262792185	0.0
chr1:88215174	1_h	0	0.0017155100586649084	0.017595881057375154	0.0
chr1:88216213	4_lc	0	0.0012317176326743144	0.009008721605498402	0.0
chr1:88216213	3_ec	0	0.0007546383692052007	0.009751883937105577	0.0
chr1:88216213	2_ad	0	0.0004584311449783098	0.004442110539985954	0.0
chr1:88216213	1_h	0	0.0013770472138386238	0.01181017765224309	0.0
chr1:88218146	4_lc	3	0.001980539058023569	0.008600919968053771	0.0
chr1:88218146	3_ec	3	0.29003409302672445	0.2656778861066979	0.10204081632653061
chr1:88218146	2_ad	3	0.0015365015352338971	0.0058731918358261494	0.0
chr1:88218146	1_h	3	0.0020947107737774883	0.011459168033347582	0.0
chr1:88218240	4_lc	0	0.001287784969681143	0.012208896072119817	0.0
chr1:88218240	3_ec	0	0.0007377886555870155	0.008387055110285332	0.0
chr1:88218240	2_ad	0	0.0005978020319759794	0.011948958120808487	0.0
chr1:88218240	1_h	0	0.0014687213260505436	0.012995546515853133	0.0
chr1:88218245	4_lc	0	0.0012031319883307932	0.007970979700695081	0.0
chr1:88218245	3_ec	0	0.0007290112601522821	0.008032413496957347	0.0
chr1:88218245	2_ad	0	0.0005142267266284151	0.007140684390426363	0.0
chr1:88218245	1_h	0	0.0012910571109948717	0.00759396025882743	0.0
chr1:88218279	4_lc	0	0.0013103658994606747	0.011567424345762644	0.0
chr1:88218279	3_ec	0	0.0007341503605391959	0.01024229071224511	0.0
chr1:88218279	2_ad	0	0.000540376054217929	0.010206655751313928	0.0
chr1:88218279	1_h	0	0.0013466297151477026	0.010795149165067597	0.0
chr1:88218283	4_lc	0	0.0012783383173443727	0.012064257804852558	0.0
chr1:88218283	3_ec	0	0.0007733570898990379	0.011033015833201359	0.0
chr1:88218283	2_ad	0	0.0006204477960133632	0.010282670390619085	0.0
chr1:88218283	1_h	0	0.0014373614883045332	0.011566139396689096	0.0
chr1:88218360	4_lc	0	0.0012384011138645479	0.010766498644338532	0.0
chr1:88218360	3_ec	0	0.0006801766337989579	0.008406368001448401	0.0
chr1:88218360	2_ad	0	0.0007569578073929841	0.014651647471558407	0.0
chr1:88218360	1_h	0	0.0015219274550803757	0.013172683213367882	0.0
chr1:88230746	4_lc	0	0.0012589720268193008	0.010322354462079401	0.0
chr1:88230746	3_ec	0	0.0007062764776609234	0.008025380635052481	0.0
chr1:88230746	2_ad	0	0.0004988753069402192	0.009875157565608682	0.0
chr1:88230746	1_h	0	0.0013791302497352534	0.01083424938791469	0.0
chr1:88232324	4_lc	0	0.0017885538508360355	0.00547330682820865	0.0
chr1:88232324	3_ec	0	0.0012137383005174946	0.008859133932661262	0.0
chr1:88232324	2_ad	0	0.001213369877260747	0.006857674868382053	0.0
chr1:88232324	1_h	0	0.20255193866252375	0.22895397885124671	0.05904059040590406
chr1:88233442	4_lc	0	0.0012205568711498626	0.008609609431105926	0.0
chr1:88233442	3_ec	0	0.0006034617543880482	0.001570381747809458	0.0
chr1:88233442	2_ad	0	0.0005266193090318188	0.008841992458126072	0.0
chr1:88233442	1_h	0	0.0013098769903691426	0.008274066198159747	0.0
chr1:88234120	4_lc	0	0.0012249656265881797	0.010368188574916334	0.0
chr1:88234120	3_ec	0	0.000652546374568529	0.004623248226438803	0.0
chr1:88234120	2_ad	0	0.0006020701743284	0.012347669731891811	0.0
chr1:88234120	1_h	0	0.0013427242986125464	0.009283214312421857	0.0
chr1:88234137	4_lc	0	0.0012291472734591157	0.008709503236560508	0.0
chr1:88234137	3_ec	0	0.0006807611982239701	0.00859944964584705	0.0
chr1:88234137	2_ad	0	0.0004820424832224652	0.006078532752601734	0.0
chr1:88234137	1_h	0	0.0013542221297309278	0.009410046437251613	0.0
chr1:88235254	4_lc	0	0.0012263876747758853	0.008740685566327875	0.0
chr1:88235254	3_ec	0	0.0006587418173235476	0.00570082445592882	0.0
chr1:88235254	2_ad	0	0.0005964410044328586	0.011683568181650048	0.0
chr1:88235254	1_h	0	0.0012876441716234077	0.007333839461226387	0.0
chr1:88235442	4_lc	0	0.001254724552686756	0.010108991931852166	0.0
chr1:88235442	3_ec	0	0.0006931617279191653	0.009862842206647106	0.0
chr1:88235442	2_ad	0	0.0005277353186394494	0.009178545809620771	0.0
chr1:88235442	1_h	0	0.001369411068177957	0.010532091480681589	0.0
chr1:88236665	4_lc	0	0.001225072663138827	0.008657842343543493	0.0
chr1:88236665	3_ec	0	0.000661986944959959	0.00563156170664591	0.0
chr1:88236665	2_ad	0	0.0005177003443346085	0.009891761627780887	0.0
chr1:88236665	1_h	0	0.001451236827707454	0.012119290349332726	0.0
chr1:88239006	4_lc	0	0.0011983463657301888	0.008025356796620912	0.0
chr1:88239006	3_ec	0	0.0006591095427251168	0.006487414393327657	0.0
chr1:88239006	2_ad	0	0.0005311975062314352	0.009509125985489999	0.0
chr1:88239006	1_h	0	0.0012907986031726142	0.007398962546686822	0.0
chr1:88240149	4_lc	0	0.001288820134992087	0.010629452359457456	0.0
chr1:88240149	3_ec	0	0.0006526626690811472	0.005850472861518871	0.0
chr1:88240149	2_ad	0	0.0005441212046395049	0.008388767753847521	0.0
chr1:88240149	1_h	0	0.0014205177965830136	0.011793680705824467	0.0
chr1:88240703	4_lc	0	0.0012406261053667673	0.009480741362798526	0.0
chr1:88240703	3_ec	0	0.0006898468270708913	0.0071178749525803355	0.0
chr1:88240703	2_ad	0	0.0005069207789106198	0.006807886670657505	0.0
chr1:88240703	1_h	0	0.001292245608343638	0.007759180448292705	0.0
chr1:88242417	4_lc	0	0.001252026988804828	0.010358355422728645	0.0
chr1:88242417	3_ec	0	0.0006027943584270296	0.001850915713108151	0.0
chr1:88242417	2_ad	0	0.0006722501910307977	0.011184215458841783	0.0
chr1:88242417	1_h	0	0.0013893283897008417	0.012501088184991495	0.0
chr1:88242418	4_lc	0	0.001197847164205362	0.008046620080096519	0.0
chr1:88242418	3_ec	0	0.0006688170427999954	0.0055512439634069835	0.0
chr1:88242418	2_ad	0	0.000645281649945525	0.011133518336144777	0.0
chr1:88242418	1_h	0	0.0013064099576188175	0.008153670125507603	0.0
chr1:88242760	4_lc	0	0.0013340423649783675	0.012916067805260664	0.0
chr1:88242760	3_ec	0	0.0006264966845882104	0.0033146404432900347	0.0
chr1:88242760	2_ad	0	0.00047151112016569926	0.007197696661333427	0.0
chr1:88242760	1_h	0	0.0014318192426636207	0.011021010175153978	0.0
chr1:88244970	4_lc	0	0.001160937716314287	0.00636112355868771	0.0
chr1:88244970	3_ec	0	0.0006386018850493962	0.00430683576924945	0.0
chr1:88244970	2_ad	0	0.0004650209985595903	0.006572905639283495	0.0
chr1:88244970	1_h	0	0.001341086069742532	0.008926192636626994	0.0
chr1:88245989	4_lc	0	0.0011876103660517004	0.007634532192229596	0.0
chr1:88245989	3_ec	0	0.0007801974934606277	0.011403801187754328	0.0
chr1:88245989	2_ad	0	0.0005008618458860958	0.00716990467652111	0.0
chr1:88245989	1_h	0	0.0014359508414148517	0.012698646087371864	0.0
chr1:88247140	4_lc	0	0.0012273680043668825	0.010829212529168677	0.0
chr1:88247140	3_ec	0	0.0006750872191239515	0.008427439837601332	0.0
chr1:88247140	2_ad	0	0.0006097728335269032	0.011450818264611418	0.0
chr1:88247140	1_h	0	0.0015215935794869197	0.014394229912275902	0.0
chr1:88247237	4_lc	0	0.0012242994123243275	0.010314123676306701	0.0
chr1:88247237	3_ec	0	0.0006443689909763104	0.004838072450403202	0.0
chr1:88247237	2_ad	0	0.0004685636547722182	0.0054721095365529914	0.0
chr1:88247237	1_h	0	0.0013440721073580218	0.010643202468451782	0.0
chr1:88247763	4_lc	0	0.0011476714037264811	0.006079883250212927	0.0
chr1:88247763	3_ec	0	0.0007292915498691103	0.010030922358066402	0.0
chr1:88247763	2_ad	0	0.000619645982325552	0.010301689745270012	0.0
chr1:88247763	1_h	0	0.0013445701686960391	0.009293269005868311	0.0
chr1:88248621	4_lc	0	0.0012770356698443988	0.009890808604673177	0.0
chr1:88248621	3_ec	0	0.0006943374044284344	0.006893738996393653	0.0
chr1:88248621	2_ad	0	0.0005424171627066627	0.008304971087548522	0.0
chr1:88248621	1_h	0	0.0014435198214935716	0.011354124139369698	0.0
chr1:88251267	4_lc	0	0.001155817414684736	0.006204647606042997	0.0
chr1:88251267	3_ec	0	0.0006326100520558951	0.0038885898262864802	0.0
chr1:88251267	2_ad	0	0.0005024592869432318	0.007335975108004027	0.0
chr1:88251267	1_h	0	0.0015196609707571185	0.013845546640474852	0.0
chr1:88251385	4_lc	0	0.0012400305118760856	0.011642285978149454	0.0
chr1:88251385	3_ec	0	0.0006733586046966621	0.007873363379531298	0.0
chr1:88251385	2_ad	0	0.00042456384305613774	0.0027541042637658384	0.0
chr1:88251385	1_h	0	0.0012934472739031457	0.0074905360584532005	0.0
chr1:88256127	4_lc	0	0.0012132084437318337	0.009594031052672484	0.0
chr1:88256127	3_ec	0	0.0006517508296263973	0.0070342656939622866	0.0
chr1:88256127	2_ad	0	0.000546551937154007	0.008111850101667616	0.0
chr1:88256127	1_h	0	0.001663761987502424	0.015809171486929462	0.0
chr1:88256705	4_lc	0	0.001307574260251129	0.011343341779121354	0.0
chr1:88256705	3_ec	0	0.000609584272106345	0.0020015417899660656	0.0
chr1:88256705	2_ad	0	0.000456841000216885	0.005192610579436586	0.0
chr1:88256705	1_h	0	0.0013588646639705122	0.009689492596251821	0.0
chr1:88256727	4_lc	0	0.0012126194559046962	0.00880501884887341	0.0
chr1:88256727	3_ec	0	0.0006417877300760157	0.004706645234156015	0.0
chr1:88256727	2_ad	0	0.0004409048804417891	0.003945502853356601	0.0
chr1:88256727	1_h	0	0.0012414546251817984	0.005979306826947345	0.0
chr1:88256798	4_lc	0	0.001357692311271835	0.012416523643884908	0.0
chr1:88256798	3_ec	0	0.0006042560205782346	0.001649749048660126	0.0
chr1:88256798	2_ad	0	0.0005643717297146668	0.009545741965534722	0.0
chr1:88256798	1_h	0	0.0013071311913345066	0.010299111677796126	0.0
chr1:88260004	4_lc	0	0.0011629397803719372	0.0065571436703269195	0.0
chr1:88260004	3_ec	0	0.0006677734209464175	0.0062964555964102305	0.0
chr1:88260004	2_ad	0	0.0006040990255213634	0.009769304935670742	0.0
chr1:88260004	1_h	0	0.0013352813653175898	0.008956601295975006	0.0
chr1:88265258	4_lc	0	0.0012893328747112444	0.010502913579942551	0.0
chr1:88265258	3_ec	0	0.0006065146924121153	0.001728031762908156	0.0
chr1:88265258	2_ad	0	0.0004836664928026954	0.006251986681284965	0.0
chr1:88265258	1_h	0	0.001227467434878465	0.005305288634435876	0.0
chr1:88265309	4_lc	0	0.0012920743007159502	0.010665064037896244	0.0
chr1:88265309	3_ec	0	0.0006792293512129299	0.008532597057878502	0.0
chr1:88265309	2_ad	0	0.0006939996783272828	0.012201844763846663	0.0
chr1:88265309	1_h	0	0.0013081996154496822	0.010490376751142429	0.0
chr1:88265570	4_lc	0	0.0012295271512418984	0.010697157132856606	0.0
chr1:88265570	3_ec	0	0.0006015602490213494	0.0015439355897082089	0.0
chr1:88265570	2_ad	0	0.0004703463686529994	0.005741990917561993	0.0
chr1:88265570	1_h	0	0.0014475028647881218	0.01308614587060936	0.0
chr1:88265846	4_lc	0	0.001141723770648502	0.006030658442194306	0.0
chr1:88265846	3_ec	0	0.0006529136148548915	0.005904061015809193	0.0
chr1:88265846	2_ad	0	0.0005098582035362596	0.007823706787946388	0.0
chr1:88265846	1_h	0	0.0013585910296751507	0.009853348975407043	0.0
chr1:88265980	4_lc	0	0.001211317682721295	0.009551801847647695	0.0
chr1:88265980	3_ec	0	0.0006770439296692168	0.00864670939861535	0.0
chr1:88265980	2_ad	0	0.0005643858900205644	0.008647639815066152	0.0
chr1:88265980	1_h	0	0.0013968782036994714	0.010731688326330988	0.0
chr1:88269331	4_lc	0	0.0012605825432571284	0.01042401792148732	0.0
chr1:88269331	3_ec	0	0.0006713459079687755	0.00769755886803156	0.0
chr1:88269331	2_ad	0	0.0005505713303156246	0.008833585960952994	0.0
chr1:88269331	1_h	0	0.0012245278458757152	0.005253010652228813	0.0
chr1:88270269	4_lc	0	0.001255700127257175	0.010341071231022247	0.0
chr1:88270269	3_ec	0	0.0006036565836589845	0.0018158704460803023	0.0
chr1:88270269	2_ad	0	0.0005133456223384769	0.009577133506582892	0.0
chr1:88270269	1_h	0	0.001314466639908482	0.00918328948540969	0.0
chr1:88277413	4_lc	0	0.0012109950978749083	0.009275387512537373	0.0
chr1:88277413	3_ec	0	0.000605172418777974	0.0017442349363596163	0.0
chr1:88277413	2_ad	0	0.0005317417822409949	0.009532680292228833	0.0
chr1:88277413	1_h	0	0.0012603408469922727	0.0067897299378791446	0.0
chr1:88277422	4_lc	0	0.0011498044416226524	0.006122608487835565	0.0
chr1:88277422	3_ec	0	0.0006519004212326565	0.006236356287596928	0.0
chr1:88277422	2_ad	0	0.0005579333955150542	0.00860469353170286	0.0
chr1:88277422	1_h	0	0.0012692472801253951	0.007902597791396878	0.0
chr3:15411410	4_lc	0	0.0015405373822020931	0.016127733933146142	0.0
chr3:15411410	3_ec	0	0.0007850913739515144	0.011189402568449284	0.0
chr3:15411410	2_ad	0	0.0006008617605723214	0.011549913174191823	0.0
chr3:15411410	1_h	0	0.0014041898643149134	0.013088728717990522	0.0
chr4:125071333	4_lc	0	0.0011597566685689568	0.0063282564372484085	0.0
chr4:125071333	3_ec	0	0.0006521249520666028	0.0056907906533610365	0.0
chr4:125071333	2_ad	0	0.00048589184716162954	0.0061784653153974965	0.0
chr4:125071333	1_h	0	0.001418525584211047	0.011764283355292665	0.0
chr4:125072825	4_lc	0	0.0011415234142349937	0.006029995811473038	0.0
chr4:125072825	3_ec	0	0.0006826032794069364	0.00883809005200836	0.0
chr4:125072825	2_ad	0	0.0005279650268516629	0.0076645474120181495	0.0
chr4:125072825	1_h	0	0.0014688422819589208	0.01278146405804581	0.0
chr4:145622166	4_lc	0	0.0013045984728568293	0.01136512737154683	0.0
chr4:145622166	3_ec	0	0.0007600001106741109	0.008508805535882466	0.0
chr4:145622166	2_ad	0	0.0008432210825964125	0.016651983614819076	0.0
chr4:145622166	1_h	0	0.0015099894296144456	0.013787186467712969	0.0
chr4:145622476	4_lc	0	0.0012050051265870808	0.009110748081244348	0.0
chr4:145622476	3_ec	0	0.0006651377594773084	0.007504108963174403	0.0
chr4:145622476	2_ad	0	0.0006350156081121587	0.01100771400539169	0.0
chr4:145622476	1_h	0	0.0012811695785233106	0.008832171558835063	0.0
chr4:147581328	4_lc	0	0.0011934917402031226	0.007946665270069684	0.0
chr4:147581328	3_ec	0	0.0006558598351596842	0.006164033071581722	0.0
chr4:147581328	2_ad	0	0.0004947515692790362	0.009370895291030698	0.0
chr4:147581328	1_h	0	0.0014349013402149512	0.012744654656694259	0.0
chr4:147583197	4_lc	0	0.0013686086007346312	0.01377442054107765	0.0
chr4:147583197	3_ec	0	0.0008340183057556324	0.011233376485977428	0.0
chr4:147583197	2_ad	0	0.0005913725372550748	0.00952704444709637	0.0
chr4:147583197	1_h	0	0.0014133195816503753	0.011941954170981478	0.0
chr4:152377125	4_lc	3	0.0026224125304503162	0.007538169357733002	0.0
chr4:152377125	3_ec	3	0.5329775589063664	0.05715426001874472	0.5
chr4:152377125	2_ad	3	0.0025121817726573444	0.0078108799912171125	0.0
chr4:152377125	1_h	3	0.003046242487005495	0.005697020230783126	0.0
chr4:21873684	4_lc	4	0.0023812303001057183	0.00894669038026144	0.0
chr4:21873684	3_ec	4	0.0015004468432808188	0.0038368874522989936	0.0
chr4:21873684	2_ad	4	0.0019360493788833399	0.008387879737169743	0.0
chr4:21873684	1_h	4	0.37736236539736107	0.1821836423606791	0.1326530612244898
chr4:3184971	4_lc	0	0.001220184873725188	0.008632879102689945	0.0
chr4:3184971	3_ec	0	0.0007569736369991805	0.009402571083634279	0.0
chr4:3184971	2_ad	0	0.0005462138727938725	0.009826454200934536	0.0
chr4:3184971	1_h	0	0.00199170406356528	0.0204357999695928	0.0
chr5:13570208	4_lc	1	0.5622591090156364	0.07995473571289037	0.5
chr5:13570208	3_ec	1	0.5570428527619534	0.07279170724914556	0.5
chr5:13570208	2_ad	1	0.5497108618100001	0.061343116583740635	0.2608695652173913
chr5:13570208	1_h	1	0.547940499186177	0.06574950195541378	0.5
chr5:14914768	4_lc	2	0.00100786150391607	0.006857615739648523	0.0
chr5:14914768	3_ec	2	0.0005819403625262749	0.007836466477897491	0.0
chr5:14914768	2_ad	2	0.5186607021784861	0.10124426108148958	0.22878228782287824
chr5:14914768	1_h	2	0.005362825388420858	0.04245406454583133	0.021645021645021644
chr5:14914799	4_lc	0	0.0011624399152202858	0.0063713799370108334	0.0
chr5:14914799	3_ec	0	0.0007016168820927898	0.007550289647321885	0.0
chr5:14914799	2_ad	0	0.0004320197239514308	0.0031015407912746737	0.0
chr5:14914799	1_h	0	0.0013051168655236532	0.010866159889068592	0.0
chr5:25950723	4_lc	0	0.0014353700419942141	0.015159591169397413	0.0
chr5:25950723	3_ec	0	0.0006817054228459102	0.006590570959289182	0.0
chr5:25950723	2_ad	0	0.0009799091897074647	0.017323802300692533	0.0
chr5:25950723	1_h	0	0.0013429642580330863	0.009609949821808364	0.0
chr5:26000324	4_lc	0	0.0012776114489391635	0.011665000515828519	0.0
chr5:26000324	3_ec	0	0.000632700124236427	0.003908464791831851	0.0
chr5:26000324	2_ad	0	0.0004896758429656029	0.009039318577722773	0.0
chr5:26000324	1_h	0	0.0013291206523378563	0.00843369523656162	0.0
chr5:26035024	4_lc	0	0.0012879325784651368	0.010524635902912723	0.0
chr5:26035024	3_ec	0	0.0007354744789195765	0.01032466896214999	0.0
chr5:26035024	2_ad	0	0.0005523647249633589	0.011251636318541708	0.0
chr5:26035024	1_h	0	0.0012826423134358127	0.007139664975837147	0.0
chr5:26035916	4_lc	0	0.0011423919651362524	0.005998019343650725	0.0
chr5:26035916	3_ec	0	0.0006802963108548292	0.00900355030950846	0.0
chr5:26035916	2_ad	0	0.0004600601556641806	0.004622183648580565	0.0
chr5:26035916	1_h	0	0.0013739062388155629	0.011123490142320742	0.0
chr5:26035943	4_lc	0	0.0012179881231709705	0.010087888507547707	0.0
chr5:26035943	3_ec	0	0.0006715885785252028	0.008125211652867994	0.0
chr5:26035943	2_ad	0	0.0004896755131950231	0.007316874928730602	0.0
chr5:26035943	1_h	0	0.0012941675285194061	0.00784488719033376	0.0
chr5:26089095	4_lc	0	0.0012489721536710285	0.011644251090417298	0.0
chr5:26089095	3_ec	0	0.0007311694918098858	0.008199387290204516	0.0
chr5:26089095	2_ad	0	0.00049522262462641	0.00916190610768095	0.0
chr5:26089095	1_h	0	0.0013347822927510104	0.010613782325067257	0.0
chr5:26089122	4_lc	0	0.0012335048124052451	0.00917896363585116	0.0
chr5:26089122	3_ec	0	0.0006827924949128159	0.006765845276953509	0.0
chr5:26089122	2_ad	0	0.0005325914415574553	0.007948550174575386	0.0
chr5:26089122	1_h	0	0.0013385857501205859	0.009188513202572524	0.0
chr5:26089127	4_lc	0	0.0011814775959587116	0.007236506936863321	0.0
chr5:26089127	3_ec	0	0.0006453507736935909	0.005183828717324605	0.0
chr5:26089127	2_ad	0	0.000514427866343352	0.008269554637252713	0.0
chr5:26089127	1_h	0	0.0014756182619944148	0.01302256855125759	0.0
chr5:27501274	4_lc	0	0.0011837449062023842	0.007410049426035126	0.0
chr5:27501274	3_ec	0	0.000609910721744627	0.001994703971797912	0.0
chr5:27501274	2_ad	0	0.0004007042138606472	0.0012010973070026244	0.0
chr5:27501274	1_h	0	0.0012862165195317394	0.0076560823785595585	0.0
chr5:38300085	4_lc	1	0.5623707755162176	0.07970458181927555	0.5
chr5:38300085	3_ec	1	0.5565247056251538	0.07131115749384001	0.5
chr5:38300085	2_ad	1	0.5527093935323504	0.06161710078184142	0.5
chr5:38300085	1_h	1	0.5465904384954829	0.06345509174562514	0.3765281173594132
chr5:93636401	4_lc	0	0.0012069560189107132	0.009243267432002454	0.0
chr5:93636401	3_ec	0	0.0006787015053585307	0.006551605694474343	0.0
chr5:93636401	2_ad	0	0.0005372615778943506	0.00866706316402591	0.0
chr5:93636401	1_h	0	0.0012660883509320595	0.006667749629657116	0.0
chr5:93636477	4_lc	0	0.0012269780268153257	0.010532792674585041	0.0
chr5:93636477	3_ec	0	0.0006907777496718247	0.00966194646411875	0.0
chr5:93636477	2_ad	0	0.0006370837390637952	0.012121025766963806	0.0
chr5:93636477	1_h	0	0.0012751124025390933	0.007893716520278878	0.0
chr5:93637618	4_lc	0	0.0012725327405820363	0.011416991052160565	0.0
chr5:93637618	3_ec	0	0.0008047134434142487	0.010640080856605108	0.0
chr5:93637618	2_ad	0	0.00046262308513880183	0.006292530044123059	0.0
chr5:93637618	1_h	0	0.0013169369039252978	0.00887266364080505	0.0
chr5:93637765	4_lc	0	0.0012659285665080485	0.011043850344876639	0.0
chr5:93637765	3_ec	0	0.0006792801909683905	0.00885666184104252	0.0
chr5:93637765	2_ad	0	0.0005519519040380758	0.00978486107219864	0.0
chr5:93637765	1_h	0	0.0012955659477707682	0.007989206337328372	0.0
chr5:93638901	4_lc	0	0.0011965121033160023	0.00862856555789992	0.0
chr5:93638901	3_ec	0	0.000647703199420747	0.006240807042797414	0.0
chr5:93638901	2_ad	0	0.0004912435684944091	0.0061883230501317225	0.0
chr5:93638901	1_h	0	0.0015787854206203483	0.013429781884390935	0.0
chr5:93638902	4_lc	0	0.001170751588729564	0.007908587167396513	0.0
chr5:93638902	3_ec	0	0.0006217988247864992	0.004199896288814904	0.0
chr5:93638902	2_ad	0	0.0005015708645322894	0.006231752710929887	0.0
chr5:93638902	1_h	0	0.0015052979778227191	0.014478203253640793	0.0
chr7:126864803	4_lc	0	0.0012276694207053757	0.010549660854880398	0.0
chr7:126864803	3_ec	0	0.0006930399332672765	0.009831891749721728	0.0
chr7:126864803	2_ad	0	0.0005335905186061959	0.009889798239481665	0.0
chr7:126864803	1_h	0	0.0013302586649392328	0.008701275551268145	0.0
chr7:131065072	4_lc	1	0.5622845842038395	0.07891695402053404	0.5
chr7:131065072	3_ec	1	0.5571506678774918	0.07146005921601507	0.5
chr7:131065072	2_ad	1	0.5528021550991845	0.06020245444337294	0.5
chr7:131065072	1_h	1	0.5475288354980347	0.06396753151625179	0.5
chr7:141858623	4_lc	0	0.001231204026336284	0.011210186101149083	0.0
chr7:141858623	3_ec	0	0.0006590057386243117	0.00533504688476182	0.0
chr7:141858623	2_ad	0	0.0005057971024662302	0.006615476120333508	0.0
chr7:141858623	1_h	0	0.001354395760225129	0.00956645371637096	0.0
chr7:141858900	4_lc	0	0.0012226374766221046	0.0101917454538367	0.0
chr7:141858900	3_ec	0	0.0007249166859615024	0.009847475555833294	0.0
chr7:141858900	2_ad	0	0.0005225504713566693	0.007676257467047606	0.0
chr7:141858900	1_h	0	0.0013263667007238863	0.008526692207125793	0.0
chr7:24104830	4_lc	0	0.0012274534605136473	0.010871596937641859	0.0
chr7:24104830	3_ec	0	0.0006671294843515856	0.007709233132758486	0.0
chr7:24104830	2_ad	0	0.0005487583460554196	0.009574109599727995	0.0
chr7:24104830	1_h	0	0.0012652250170293719	0.007584099578172233	0.0
chr7:24104972	4_lc	0	0.0011887391949967634	0.007709091698738717	0.0
chr7:24104972	3_ec	0	0.0006702013385698471	0.007589838875905985	0.0
chr7:24104972	2_ad	0	0.0005286551216433322	0.007700064111139848	0.0
chr7:24104972	1_h	0	0.0013469279770114378	0.00919658519792087	0.0
chr7:24104995	4_lc	0	0.0013387107421095439	0.01180225037652681	0.0
chr7:24104995	3_ec	0	0.0006798413364206745	0.00853232740501743	0.0
chr7:24104995	2_ad	0	0.0005279614048400301	0.009213567766618054	0.0
chr7:24104995	1_h	0	0.001279618498057748	0.008057011470533532	0.0
chr7:38519610	4_lc	0	0.0012044658842315153	0.009035511808956136	0.0
chr7:38519610	3_ec	0	0.0006814452885549598	0.009065243184708855	0.0
chr7:38519610	2_ad	0	0.00048760554890417033	0.0071268334647889104	0.0
chr7:38519610	1_h	0	0.0013626116857772218	0.010318788896337581	0.0
chr7:38519625	4_lc	0	0.0012527822569435318	0.010304904535474875	0.0
chr7:38519625	3_ec	0	0.0006853228784234906	0.009336472746327382	0.0
chr7:38519625	2_ad	0	0.0004242813853477604	0.002473143100660669	0.0
chr7:38519625	1_h	0	0.0014951713832276423	0.014369144017014413	0.0
chr7:38520007	4_lc	0	0.00125901916205396	0.010301123419045079	0.0
chr7:38520007	3_ec	0	0.0006206869281944759	0.0028899065560624763	0.0
chr7:38520007	2_ad	0	0.0006339375816961777	0.011982507389249535	0.0
chr7:38520007	1_h	0	0.001313541012807242	0.008518787470824154	0.0
chr7:38520414	4_lc	0	0.0012576655349636797	0.01024019621094654	0.0
chr7:38520414	3_ec	0	0.0006224560754416161	0.003048789712044282	0.0
chr7:38520414	2_ad	0	0.0006006551911059832	0.012000705804143712	0.0
chr7:38520414	1_h	0	0.001379129815671081	0.010888192637449416	0.0
chr7:38520435	4_lc	0	0.0013450576402552724	0.013741854490362465	0.0
chr7:38520435	3_ec	0	0.0006699794567505843	0.007504658815631139	0.0
chr7:38520435	2_ad	0	0.0005597469017323951	0.009287341087332281	0.0
chr7:38520435	1_h	0	0.001287412082546591	0.0077346064058921565	0.0
chr7:38520490	4_lc	0	0.0013166022567827783	0.010858793069854652	0.0
chr7:38520490	3_ec	0	0.0007749199406369882	0.009302045422389014	0.0
chr7:38520490	2_ad	0	0.0004809303578430983	0.0058555368387851565	0.0
chr7:38520490	1_h	0	0.0014404150643243631	0.013223375029359339	0.0
chr7:79694304	4_lc	0	0.001113035836024513	0.005656728435545383	0.0
chr7:79694304	3_ec	0	0.0006920051230361958	0.007957846854913284	0.0
chr7:79694304	2_ad	0	0.0004344281513094984	0.002710594531208242	0.0
chr7:79694304	1_h	0	0.0015794301712350922	0.01336593309946103	0.0
chr7:79694560	4_lc	0	0.001225482926140862	0.008817001042267797	0.0
chr7:79694560	3_ec	0	0.0006747112620428016	0.006179882182039253	0.0
chr7:79694560	2_ad	0	0.0005893698209403625	0.00977606572278104	0.0
chr7:79694560	1_h	0	0.0013266258334476402	0.00947093499612083	0.0
chr7:79694655	4_lc	0	0.0012713838654936631	0.011298207897625992	0.0
chr7:79694655	3_ec	0	0.0006844331976438206	0.00895153701668863	0.0
chr7:79694655	2_ad	0	0.0004933871022879542	0.00672869738161776	0.0
chr7:79694655	1_h	0	0.0012664766567115771	0.0071520055430416484	0.0
chr7:79694677	4_lc	0	0.0011548226425703379	0.006179992863841967	0.0
chr7:79694677	3_ec	0	0.0006215767207235602	0.002933192056834194	0.0
chr7:79694677	2_ad	0	0.0005579113000231449	0.009151764538921879	0.0
chr7:79694677	1_h	0	0.0014477505995355402	0.013549505214521054	0.0
chr7:79695003	4_lc	0	0.0011797717959884108	0.007189853079170387	0.0
chr7:79695003	3_ec	0	0.0006490326213313163	0.005490300560933125	0.0
chr7:79695003	2_ad	0	0.0004133656470786013	0.0017927581034065249	0.0
chr7:79695003	1_h	0	0.0013780506932623553	0.010882793955404283	0.0
chr7:79695130	4_lc	0	0.0011586632864231054	0.006749762023796935	0.0
chr7:79695130	3_ec	0	0.0006029913025292944	0.001727137424514252	0.0
chr7:79695130	2_ad	0	0.0005955726464990729	0.011481505280170643	0.0
chr7:79695130	1_h	0	0.0014940073548023016	0.013082107343445533	0.0
chr8:102674037	4_lc	0	0.0013209080475013078	0.011917281604678403	0.0
chr8:102674037	3_ec	0	0.0006080673293541637	0.002497476756104519	0.0
chr8:102674037	2_ad	0	0.0006203983034190991	0.009992096484396964	0.0
chr8:102674037	1_h	0	0.001484026575958548	0.012021391953850623	0.0
chr8:26160882	4_lc	0	0.001272097660974287	0.01003092416835178	0.0
chr8:26160882	3_ec	0	0.0006892729492609783	0.00946399489564334	0.0
chr8:26160882	2_ad	0	0.0005502007700182801	0.011164050525075736	0.0
chr8:26160882	1_h	0	0.0012168489110788057	0.005199493531566164	0.0
chrX:124128539	4_lc	0	0.0011540670594479476	0.006172294391815286	0.0
chrX:124128539	3_ec	0	0.0006550918065167775	0.0061069039823994885	0.0
chrX:124128539	2_ad	0	0.0004523188030603705	0.0053774597917044704	0.0
chrX:124128539	1_h	0	0.0013043998564670953	0.008056666472403782	0.0
